image_key,status,reason,confidence,center_offset_fraction,extracted_path,mask_path
Paracanthurus/Paracanthurus_hepatus/000_reference.jpg,accepted,ok,0.8434503674507141,0.05646088010447064,data/extracted_fish/Paracanthurus/Paracanthurus_hepatus/000_reference.png,data/extracted_fish/Paracanthurus/Paracanthurus_hepatus/000_reference_mask.png
Paracanthurus/Paracanthurus_hepatus/001_gbif_6170966799.jpg,flagged,multiple_fish,,,,
Paracanthurus/Paracanthurus_hepatus/002_gbif_6178311661.jpg,flagged,multiple_fish,,,,
Paracanthurus/Paracanthurus_hepatus/003_gbif_6184748676.jpg,flagged,multiple_fish,,,,
Paracanthurus/Paracanthurus_hepatus/004_gbif_6195483906.jpg,flagged,multiple_fish,,,,
Paracanthurus/Paracanthurus_hepatus/005_gbif_6195648618.jpg,accepted,ok,0.7395218014717102,0.10947515903748124,data/extracted_fish/Paracanthurus/Paracanthurus_hepatus/005_gbif_6195648618.png,data/extracted_fish/Paracanthurus/Paracanthurus_hepatus/005_gbif_6195648618_mask.png
Paracanthurus/Paracanthurus_hepatus/006_gbif_6422390451.jpg,accepted,ok,0.9186971187591553,0.13842734243323634,data/extracted_fish/Paracanthurus/Paracanthurus_hepatus/006_gbif_6422390451.png,data/extracted_fish/Paracanthurus/Paracanthurus_hepatus/006_gbif_6422390451_mask.png
Paracanthurus/Paracanthurus_hepatus/007_gbif_6252721175.jpg,accepted,ok,0.8107580542564392,0.009340919929686532,data/extracted_fish/Paracanthurus/Paracanthurus_hepatus/007_gbif_6252721175.png,data/extracted_fish/Paracanthurus/Paracanthurus_hepatus/007_gbif_6252721175_mask.png
Paracanthurus/Paracanthurus_hepatus/008_gbif_6441647036.jpg,flagged,multiple_fish,,,,
Paracanthurus/Paracanthurus_hepatus/009_gbif_6430756436.jpg,flagged,multiple_fish,,,,
Paracanthurus/Paracanthurus_hepatus/010_gbif_6431596881.jpg,flagged,box_too_small,0.7938456535339355,0.29209585701178425,,
Paracanthurus/Paracanthurus_hepatus/011_gbif_6273730401.jpg,accepted,ok,0.8368738293647766,0.2507707340322779,data/extracted_fish/Paracanthurus/Paracanthurus_hepatus/011_gbif_6273730401.png,data/extracted_fish/Paracanthurus/Paracanthurus_hepatus/011_gbif_6273730401_mask.png
Paracanthurus/Paracanthurus_hepatus/012_gbif_6274166978.jpg,accepted,ok,0.7579554319381714,0.04969593928021979,data/extracted_fish/Paracanthurus/Paracanthurus_hepatus/012_gbif_6274166978.png,data/extracted_fish/Paracanthurus/Paracanthurus_hepatus/012_gbif_6274166978_mask.png
Paracanthurus/Paracanthurus_hepatus/013_gbif_5036894402.jpeg,flagged,multiple_fish,,,,
Paracanthurus/Paracanthurus_hepatus/014_gbif_6320786735.jpg,flagged,multiple_fish,,,,
Paracanthurus/Paracanthurus_hepatus/015_gbif_5037220572.jpeg,accepted,ok,0.48286309838294983,0.04704818147460772,data/extracted_fish/Paracanthurus/Paracanthurus_hepatus/015_gbif_5037220572.png,data/extracted_fish/Paracanthurus/Paracanthurus_hepatus/015_gbif_5037220572_mask.png
Paracanthurus/Paracanthurus_hepatus/016_gbif_5104640392.jpeg,flagged,multiple_fish,,,,
Paracanthurus/Paracanthurus_hepatus/017_gbif_6399997559.jpg,flagged,multiple_fish,,,,
Paracanthurus/Paracanthurus_hepatus/018_gbif_5168494613.jpg,flagged,multiple_fish,,,,
Paracanthurus/Paracanthurus_hepatus/019_gbif_6400619518.jpg,flagged,multiple_fish,,,,
Paracanthurus/Paracanthurus_hepatus/020_gbif_5063845463.jpg,flagged,multiple_fish,,,,
Paracanthurus/Paracanthurus_hepatus/021_gbif_5198356477.jpg,accepted,ok,0.8862206339836121,0.11160690775109303,data/extracted_fish/Paracanthurus/Paracanthurus_hepatus/021_gbif_5198356477.png,data/extracted_fish/Paracanthurus/Paracanthurus_hepatus/021_gbif_5198356477_mask.png
Paracanthurus/Paracanthurus_hepatus/022_gbif_6399577183.jpg,flagged,multiple_fish,,,,
Paracanthurus/Paracanthurus_hepatus/023_gbif_5206213944.jpg,flagged,box_too_small,0.8591809272766113,0.0710469911681386,,
Paracanthurus/Paracanthurus_hepatus/024_gbif_5198286712.jpg,flagged,multiple_fish,,,,
Acanthurus/Acanthurus_achilles/000_reference.jpg,accepted,ok,0.8500550985336304,0.04289371891229043,data/extracted_fish/Acanthurus/Acanthurus_achilles/000_reference.png,data/extracted_fish/Acanthurus/Acanthurus_achilles/000_reference_mask.png
Acanthurus/Acanthurus_achilles/001_gbif_6130106448.jpg,flagged,multiple_fish,,,,
Acanthurus/Acanthurus_achilles/002_gbif_6159188379.jpg,flagged,box_too_small,0.8496447205543518,0.2825210140858541,,
Acanthurus/Acanthurus_achilles/003_gbif_6178667583.jpg,accepted,ok,0.8985811471939087,0.0065874110593267116,data/extracted_fish/Acanthurus/Acanthurus_achilles/003_gbif_6178667583.png,data/extracted_fish/Acanthurus/Acanthurus_achilles/003_gbif_6178667583_mask.png
Acanthurus/Acanthurus_achilles/004_gbif_6195316040.jpg,accepted,ok,0.8293589949607849,0.017121738144508878,data/extracted_fish/Acanthurus/Acanthurus_achilles/004_gbif_6195316040.png,data/extracted_fish/Acanthurus/Acanthurus_achilles/004_gbif_6195316040_mask.png
Acanthurus/Acanthurus_achilles/005_gbif_6442073069.jpg,accepted,ok,0.9242751002311707,0.01858676593855155,data/extracted_fish/Acanthurus/Acanthurus_achilles/005_gbif_6442073069.png,data/extracted_fish/Acanthurus/Acanthurus_achilles/005_gbif_6442073069_mask.png
Acanthurus/Acanthurus_achilles/006_gbif_5007664665.jpg,accepted,ok,0.7083789110183716,0.04599115980613604,data/extracted_fish/Acanthurus/Acanthurus_achilles/006_gbif_5007664665.png,data/extracted_fish/Acanthurus/Acanthurus_achilles/006_gbif_5007664665_mask.png
Acanthurus/Acanthurus_achilles/007_gbif_6195860630.jpg,accepted,ok,0.8887086510658264,0.1308020811549476,data/extracted_fish/Acanthurus/Acanthurus_achilles/007_gbif_6195860630.png,data/extracted_fish/Acanthurus/Acanthurus_achilles/007_gbif_6195860630_mask.png
Acanthurus/Acanthurus_achilles/008_gbif_6236283629.jpg,flagged,multiple_fish,,,,
Acanthurus/Acanthurus_achilles/009_gbif_5076945068.jpeg,accepted,ok,0.8596288561820984,0.21966517408865882,data/extracted_fish/Acanthurus/Acanthurus_achilles/009_gbif_5076945068.png,data/extracted_fish/Acanthurus/Acanthurus_achilles/009_gbif_5076945068_mask.png
Acanthurus/Acanthurus_achilles/010_gbif_6273196084.jpg,accepted,ok,0.8490239381790161,0.19636207295488967,data/extracted_fish/Acanthurus/Acanthurus_achilles/010_gbif_6273196084.png,data/extracted_fish/Acanthurus/Acanthurus_achilles/010_gbif_6273196084_mask.png
Acanthurus/Acanthurus_achilles/011_gbif_5087332453.jpeg,accepted,ok,0.8826729655265808,0.07286279192838616,data/extracted_fish/Acanthurus/Acanthurus_achilles/011_gbif_5087332453.png,data/extracted_fish/Acanthurus/Acanthurus_achilles/011_gbif_5087332453_mask.png
Acanthurus/Acanthurus_achilles/012_gbif_6273258894.jpg,accepted,ok,0.9161585569381714,0.02534467465308434,data/extracted_fish/Acanthurus/Acanthurus_achilles/012_gbif_6273258894.png,data/extracted_fish/Acanthurus/Acanthurus_achilles/012_gbif_6273258894_mask.png
Acanthurus/Acanthurus_achilles/013_gbif_5087820714.jpeg,flagged,multiple_fish,,,,
Acanthurus/Acanthurus_achilles/014_gbif_5176583153.jpg,accepted,ok,0.842115581035614,0.305300705360974,data/extracted_fish/Acanthurus/Acanthurus_achilles/014_gbif_5176583153.png,data/extracted_fish/Acanthurus/Acanthurus_achilles/014_gbif_5176583153_mask.png
Acanthurus/Acanthurus_achilles/015_gbif_5153442527.jpeg,accepted,ok,0.8887871503829956,0.08312017158440617,data/extracted_fish/Acanthurus/Acanthurus_achilles/015_gbif_5153442527.png,data/extracted_fish/Acanthurus/Acanthurus_achilles/015_gbif_5153442527_mask.png
Acanthurus/Acanthurus_achilles/016_gbif_6398672781.jpg,accepted,ok,0.789960503578186,0.23210977917372627,data/extracted_fish/Acanthurus/Acanthurus_achilles/016_gbif_6398672781.png,data/extracted_fish/Acanthurus/Acanthurus_achilles/016_gbif_6398672781_mask.png
Acanthurus/Acanthurus_achilles/017_gbif_5216036171.jpg,flagged,multiple_fish,,,,
Acanthurus/Acanthurus_achilles/018_gbif_5216134567.jpg,accepted,ok,0.8867374658584595,0.1217424597837185,data/extracted_fish/Acanthurus/Acanthurus_achilles/018_gbif_5216134567.png,data/extracted_fish/Acanthurus/Acanthurus_achilles/018_gbif_5216134567_mask.png
Acanthurus/Acanthurus_achilles/019_gbif_5154331051.jpg,flagged,multiple_fish,,,,
Acanthurus/Acanthurus_achilles/020_gbif_5216301142.jpg,flagged,multiple_fish,,,,
Acanthurus/Acanthurus_achilles/021_gbif_6440945420.jpg,flagged,multiple_fish,,,,
Acanthurus/Acanthurus_achilles/022_gbif_5760694282.jpg,accepted,ok,0.8976473808288574,0.038247520217579496,data/extracted_fish/Acanthurus/Acanthurus_achilles/022_gbif_5760694282.png,data/extracted_fish/Acanthurus/Acanthurus_achilles/022_gbif_5760694282_mask.png
Acanthurus/Acanthurus_achilles/023_gbif_6441167301.jpg,accepted,ok,0.6207093000411987,0.0929069507985595,data/extracted_fish/Acanthurus/Acanthurus_achilles/023_gbif_6441167301.png,data/extracted_fish/Acanthurus/Acanthurus_achilles/023_gbif_6441167301_mask.png
Acanthurus/Acanthurus_achilles/024_gbif_5230110963.jpg,accepted,ok,0.8682841062545776,0.09131073926029727,data/extracted_fish/Acanthurus/Acanthurus_achilles/024_gbif_5230110963.png,data/extracted_fish/Acanthurus/Acanthurus_achilles/024_gbif_5230110963_mask.png
Acanthurus/Acanthurus_albimento/000_reference.jpeg,accepted,ok,0.7528681755065918,0.0669165391173886,data/extracted_fish/Acanthurus/Acanthurus_albimento/000_reference.png,data/extracted_fish/Acanthurus/Acanthurus_albimento/000_reference_mask.png
Acanthurus/Acanthurus_albipectoralis/000_reference.jpeg,accepted,ok,0.8768294453620911,0.029760696401249526,data/extracted_fish/Acanthurus/Acanthurus_albipectoralis/000_reference.png,data/extracted_fish/Acanthurus/Acanthurus_albipectoralis/000_reference_mask.png
Acanthurus/Acanthurus_albipectoralis/001_gbif_6320321479.jpg,flagged,multiple_fish,,,,
Acanthurus/Acanthurus_albipectoralis/002_gbif_6399281585.jpg,accepted,ok,0.9137955904006958,0.02264013711213698,data/extracted_fish/Acanthurus/Acanthurus_albipectoralis/002_gbif_6399281585.png,data/extracted_fish/Acanthurus/Acanthurus_albipectoralis/002_gbif_6399281585_mask.png
Acanthurus/Acanthurus_albipectoralis/003_gbif_6431464546.jpg,flagged,multiple_fish,,,,
Acanthurus/Acanthurus_albipectoralis/004_gbif_6441040651.jpg,flagged,multiple_fish,,,,
Acanthurus/Acanthurus_albipectoralis/005_gbif_6399574627.jpg,flagged,multiple_fish,,,,
Acanthurus/Acanthurus_albipectoralis/006_gbif_4512203037.jpeg,accepted,ok,0.8065124750137329,0.09643490083185902,data/extracted_fish/Acanthurus/Acanthurus_albipectoralis/006_gbif_4512203037.png,data/extracted_fish/Acanthurus/Acanthurus_albipectoralis/006_gbif_4512203037_mask.png
Acanthurus/Acanthurus_albipectoralis/007_gbif_4535882052.jpeg,accepted,ok,0.7964556217193604,0.016129821800086982,data/extracted_fish/Acanthurus/Acanthurus_albipectoralis/007_gbif_4535882052.png,data/extracted_fish/Acanthurus/Acanthurus_albipectoralis/007_gbif_4535882052_mask.png
Acanthurus/Acanthurus_albipectoralis/008_gbif_6178422681.jpeg,accepted,ok,0.9113138914108276,0.15973660329015085,data/extracted_fish/Acanthurus/Acanthurus_albipectoralis/008_gbif_6178422681.png,data/extracted_fish/Acanthurus/Acanthurus_albipectoralis/008_gbif_6178422681_mask.png
Acanthurus/Acanthurus_albipectoralis/009_gbif_6178570697.jpeg,flagged,multiple_fish,,,,
Acanthurus/Acanthurus_albipectoralis/010_gbif_6178774090.jpeg,flagged,multiple_fish,,,,
Acanthurus/Acanthurus_albipectoralis/011_gbif_6178822235.jpeg,accepted,ok,0.8067511916160583,0.17011246014810857,data/extracted_fish/Acanthurus/Acanthurus_albipectoralis/011_gbif_6178822235.png,data/extracted_fish/Acanthurus/Acanthurus_albipectoralis/011_gbif_6178822235_mask.png
Acanthurus/Acanthurus_albipectoralis/012_gbif_4863474214.jpeg,accepted,ok,0.641380786895752,0.13834899324273414,data/extracted_fish/Acanthurus/Acanthurus_albipectoralis/012_gbif_4863474214.png,data/extracted_fish/Acanthurus/Acanthurus_albipectoralis/012_gbif_4863474214_mask.png
Acanthurus/Acanthurus_albipectoralis/013_gbif_4863812558.jpeg,accepted,ok,0.6704964637756348,0.032672230665699964,data/extracted_fish/Acanthurus/Acanthurus_albipectoralis/013_gbif_4863812558.png,data/extracted_fish/Acanthurus/Acanthurus_albipectoralis/013_gbif_4863812558_mask.png
Acanthurus/Acanthurus_albipectoralis/014_gbif_5006870449.jpg,accepted,ok,0.8744792938232422,0.1147074632479629,data/extracted_fish/Acanthurus/Acanthurus_albipectoralis/014_gbif_5006870449.png,data/extracted_fish/Acanthurus/Acanthurus_albipectoralis/014_gbif_5006870449_mask.png
Acanthurus/Acanthurus_albipectoralis/015_gbif_5006832714.jpg,accepted,ok,0.9029783010482788,0.16898536068447412,data/extracted_fish/Acanthurus/Acanthurus_albipectoralis/015_gbif_5006832714.png,data/extracted_fish/Acanthurus/Acanthurus_albipectoralis/015_gbif_5006832714_mask.png
Acanthurus/Acanthurus_albipectoralis/016_gbif_5007288058.jpeg,accepted,ok,0.7874524593353271,0.033198874598251785,data/extracted_fish/Acanthurus/Acanthurus_albipectoralis/016_gbif_5007288058.png,data/extracted_fish/Acanthurus/Acanthurus_albipectoralis/016_gbif_5007288058_mask.png
Acanthurus/Acanthurus_albipectoralis/017_gbif_4458441002.jpeg,accepted,ok,0.8886939287185669,0.07125022393249243,data/extracted_fish/Acanthurus/Acanthurus_albipectoralis/017_gbif_4458441002.png,data/extracted_fish/Acanthurus/Acanthurus_albipectoralis/017_gbif_4458441002_mask.png
Acanthurus/Acanthurus_albipectoralis/018_gbif_4458716005.jpeg,accepted,ok,0.8730937838554382,0.039725698634370116,data/extracted_fish/Acanthurus/Acanthurus_albipectoralis/018_gbif_4458716005.png,data/extracted_fish/Acanthurus/Acanthurus_albipectoralis/018_gbif_4458716005_mask.png
Acanthurus/Acanthurus_albipectoralis/019_gbif_3902104994.jpeg,flagged,multiple_fish,,,,
Acanthurus/Acanthurus_albipectoralis/020_gbif_4465484262.jpeg,flagged,multiple_fish,,,,
Acanthurus/Acanthurus_albipectoralis/021_gbif_2423080944.jpeg,accepted,ok,0.6407315731048584,0.2260788763661567,data/extracted_fish/Acanthurus/Acanthurus_albipectoralis/021_gbif_2423080944.png,data/extracted_fish/Acanthurus/Acanthurus_albipectoralis/021_gbif_2423080944_mask.png
Acanthurus/Acanthurus_albipectoralis/022_gbif_6179337893.jpeg,accepted,ok,0.893732488155365,0.1650778224991901,data/extracted_fish/Acanthurus/Acanthurus_albipectoralis/022_gbif_6179337893.png,data/extracted_fish/Acanthurus/Acanthurus_albipectoralis/022_gbif_6179337893_mask.png
Acanthurus/Acanthurus_albipectoralis/023_gbif_1890081903.jpeg,accepted,ok,0.7125129103660583,0.04467936006077361,data/extracted_fish/Acanthurus/Acanthurus_albipectoralis/023_gbif_1890081903.png,data/extracted_fish/Acanthurus/Acanthurus_albipectoralis/023_gbif_1890081903_mask.png
Acanthurus/Acanthurus_albipectoralis/024_gbif_5897388528.jpg,accepted,ok,0.7656688094139099,0.04989906906616675,data/extracted_fish/Acanthurus/Acanthurus_albipectoralis/024_gbif_5897388528.png,data/extracted_fish/Acanthurus/Acanthurus_albipectoralis/024_gbif_5897388528_mask.png
Acanthurus/Acanthurus_bariene/000_reference.jpeg,accepted,ok,0.8914551138877869,0.06687852824206486,data/extracted_fish/Acanthurus/Acanthurus_bariene/000_reference.png,data/extracted_fish/Acanthurus/Acanthurus_bariene/000_reference_mask.png
Acanthurus/Acanthurus_bariene/001_gbif_6130770452.jpg,accepted,ok,0.9247485995292664,0.017256885740381745,data/extracted_fish/Acanthurus/Acanthurus_bariene/001_gbif_6130770452.png,data/extracted_fish/Acanthurus/Acanthurus_bariene/001_gbif_6130770452_mask.png
Acanthurus/Acanthurus_bariene/002_gbif_6147559552.jpg,flagged,box_too_small,0.7041093111038208,0.13926391882649247,,
Acanthurus/Acanthurus_bariene/003_gbif_6179416638.jpg,accepted,ok,0.8261097073554993,0.04754428553663105,data/extracted_fish/Acanthurus/Acanthurus_bariene/003_gbif_6179416638.png,data/extracted_fish/Acanthurus/Acanthurus_bariene/003_gbif_6179416638_mask.png
Acanthurus/Acanthurus_bariene/004_gbif_6320633812.jpg,flagged,multiple_fish,,,,
Acanthurus/Acanthurus_bariene/005_gbif_6320642544.jpg,flagged,multiple_fish,,,,
Acanthurus/Acanthurus_bariene/006_gbif_6399118601.jpg,flagged,multiple_fish,,,,
Acanthurus/Acanthurus_bariene/007_gbif_5063318123.jpg,accepted,ok,0.8310123085975647,0.015293107937866281,data/extracted_fish/Acanthurus/Acanthurus_bariene/007_gbif_5063318123.png,data/extracted_fish/Acanthurus/Acanthurus_bariene/007_gbif_5063318123_mask.png
Acanthurus/Acanthurus_bariene/008_gbif_5134869802.jpeg,accepted,ok,0.9157169461250305,0.07272449638368418,data/extracted_fish/Acanthurus/Acanthurus_bariene/008_gbif_5134869802.png,data/extracted_fish/Acanthurus/Acanthurus_bariene/008_gbif_5134869802_mask.png
Acanthurus/Acanthurus_bariene/009_gbif_5153863627.jpg,flagged,multiple_fish,,,,
Acanthurus/Acanthurus_bariene/010_gbif_5292289352.jpg,flagged,multiple_fish,,,,
Acanthurus/Acanthurus_bariene/011_gbif_5292760070.jpg,flagged,multiple_fish,,,,
Acanthurus/Acanthurus_bariene/012_gbif_5293036299.jpg,accepted,ok,0.904869019985199,0.2688146236276872,data/extracted_fish/Acanthurus/Acanthurus_bariene/012_gbif_5293036299.png,data/extracted_fish/Acanthurus/Acanthurus_bariene/012_gbif_5293036299_mask.png
Acanthurus/Acanthurus_bariene/013_gbif_5293094253.jpg,flagged,multiple_fish,,,,
Acanthurus/Acanthurus_bariene/014_gbif_5903992860.jpg,flagged,multiple_fish,,,,
Acanthurus/Acanthurus_bariene/015_gbif_6131596227.jpg,flagged,multiple_fish,,,,
Acanthurus/Acanthurus_bariene/016_gbif_5936238454.jpg,flagged,multiple_fish,,,,
Acanthurus/Acanthurus_bariene/017_gbif_6130061947.jpg,flagged,multiple_fish,,,,
Acanthurus/Acanthurus_bariene/018_gbif_6130425662.jpg,flagged,multiple_fish,,,,
Acanthurus/Acanthurus_bariene/019_gbif_4936754579.jpeg,flagged,multiple_fish,,,,
Acanthurus/Acanthurus_bariene/020_gbif_4974196207.png,accepted,ok,0.888728141784668,0.1643631589977983,data/extracted_fish/Acanthurus/Acanthurus_bariene/020_gbif_4974196207.png,data/extracted_fish/Acanthurus/Acanthurus_bariene/020_gbif_4974196207_mask.png
Acanthurus/Acanthurus_bariene/021_gbif_4126677248.jpeg,flagged,multiple_fish,,,,
Acanthurus/Acanthurus_bariene/022_gbif_4904318446.jpeg,accepted,ok,0.7236614227294922,0.017351151787682293,data/extracted_fish/Acanthurus/Acanthurus_bariene/022_gbif_4904318446.png,data/extracted_fish/Acanthurus/Acanthurus_bariene/022_gbif_4904318446_mask.png
Acanthurus/Acanthurus_bariene/023_gbif_4453789940.jpg,flagged,multiple_fish,,,,
Acanthurus/Acanthurus_bariene/024_gbif_4458479533.jpg,accepted,ok,0.8616362810134888,0.18143347750937797,data/extracted_fish/Acanthurus/Acanthurus_bariene/024_gbif_4458479533.png,data/extracted_fish/Acanthurus/Acanthurus_bariene/024_gbif_4458479533_mask.png
Acanthurus/Acanthurus_blochii/000_reference.jpeg,accepted,ok,0.8768850564956665,0.02527040368233267,data/extracted_fish/Acanthurus/Acanthurus_blochii/000_reference.png,data/extracted_fish/Acanthurus/Acanthurus_blochii/000_reference_mask.png
Acanthurus/Acanthurus_blochii/001_gbif_5938314485.jpg,flagged,multiple_fish,,,,
Acanthurus/Acanthurus_blochii/002_gbif_6129854880.jpg,flagged,multiple_fish,,,,
Acanthurus/Acanthurus_blochii/003_gbif_6129973786.jpg,flagged,multiple_fish,,,,
Acanthurus/Acanthurus_blochii/004_gbif_6130043107.jpg,flagged,no_detection,,,,
Acanthurus/Acanthurus_blochii/005_gbif_6130333435.jpg,flagged,multiple_fish,,,,
Acanthurus/Acanthurus_blochii/006_gbif_6130404740.jpg,flagged,multiple_fish,,,,
Acanthurus/Acanthurus_blochii/007_gbif_6130413781.jpg,flagged,multiple_fish,,,,
Acanthurus/Acanthurus_blochii/008_gbif_6130564971.jpg,flagged,box_too_small,0.8244333863258362,0.06288697750154655,,
Acanthurus/Acanthurus_blochii/009_gbif_6130649007.jpg,flagged,multiple_fish,,,,
Acanthurus/Acanthurus_blochii/010_gbif_6131197017.jpg,flagged,box_too_small,0.6764485239982605,0.4924655509261683,,
Acanthurus/Acanthurus_blochii/011_gbif_6131299751.jpg,accepted,ok,0.3742162585258484,0.020637522683188515,data/extracted_fish/Acanthurus/Acanthurus_blochii/011_gbif_6131299751.png,data/extracted_fish/Acanthurus/Acanthurus_blochii/011_gbif_6131299751_mask.png
Acanthurus/Acanthurus_blochii/012_gbif_6131304181.jpg,accepted,ok,0.8594405055046082,0.07706921236611923,data/extracted_fish/Acanthurus/Acanthurus_blochii/012_gbif_6131304181.png,data/extracted_fish/Acanthurus/Acanthurus_blochii/012_gbif_6131304181_mask.png
Acanthurus/Acanthurus_blochii/013_gbif_6131412833.jpg,accepted,ok,0.9049498438835144,0.21765730841471814,data/extracted_fish/Acanthurus/Acanthurus_blochii/013_gbif_6131412833.png,data/extracted_fish/Acanthurus/Acanthurus_blochii/013_gbif_6131412833_mask.png
Acanthurus/Acanthurus_blochii/014_gbif_6133330659.jpg,accepted,ok,0.3720492720603943,0.24338643005922708,data/extracted_fish/Acanthurus/Acanthurus_blochii/014_gbif_6133330659.png,data/extracted_fish/Acanthurus/Acanthurus_blochii/014_gbif_6133330659_mask.png
Acanthurus/Acanthurus_blochii/015_gbif_6133494229.jpg,flagged,multiple_fish,,,,
Acanthurus/Acanthurus_blochii/016_gbif_6163087466.jpg,flagged,box_too_small,0.8018182516098022,0.30817787699498783,,
Acanthurus/Acanthurus_blochii/017_gbif_6413465888.jpg,accepted,ok,0.8600884675979614,0.19010894775590725,data/extracted_fish/Acanthurus/Acanthurus_blochii/017_gbif_6413465888.png,data/extracted_fish/Acanthurus/Acanthurus_blochii/017_gbif_6413465888_mask.png
Acanthurus/Acanthurus_blochii/018_gbif_6414081594.jpg,flagged,off_center,0.45649993419647217,0.39800964653399334,,
Acanthurus/Acanthurus_blochii/019_gbif_6470683643.jpg,flagged,multiple_fish,,,,
Acanthurus/Acanthurus_blochii/020_gbif_6147190640.jpg,flagged,multiple_fish,,,,
Acanthurus/Acanthurus_blochii/021_gbif_6162888730.jpg,flagged,off_center,0.8357654809951782,0.3660520293364326,,
Acanthurus/Acanthurus_blochii/022_gbif_6162949840.jpg,accepted,ok,0.6567397713661194,0.016674135399673676,data/extracted_fish/Acanthurus/Acanthurus_blochii/022_gbif_6162949840.png,data/extracted_fish/Acanthurus/Acanthurus_blochii/022_gbif_6162949840_mask.png
Acanthurus/Acanthurus_blochii/023_gbif_6163103854.jpg,flagged,multiple_fish,,,,
Acanthurus/Acanthurus_blochii/024_gbif_6163234743.jpg,accepted,ok,0.4499155580997467,0.18105284280516867,data/extracted_fish/Acanthurus/Acanthurus_blochii/024_gbif_6163234743.png,data/extracted_fish/Acanthurus/Acanthurus_blochii/024_gbif_6163234743_mask.png
Acanthurus/Acanthurus_chirurgus/000_reference.jpeg,flagged,multiple_fish,,,,
Acanthurus/Acanthurus_chirurgus/001_gbif_6131107325.jpg,flagged,multiple_fish,,,,
Acanthurus/Acanthurus_chirurgus/002_gbif_6131140047.jpg,accepted,ok,0.8388804197311401,0.008481192051651041,data/extracted_fish/Acanthurus/Acanthurus_chirurgus/002_gbif_6131140047.png,data/extracted_fish/Acanthurus/Acanthurus_chirurgus/002_gbif_6131140047_mask.png
Acanthurus/Acanthurus_chirurgus/003_gbif_6133025832.jpg,accepted,ok,0.8074723482131958,0.10256427083832562,data/extracted_fish/Acanthurus/Acanthurus_chirurgus/003_gbif_6133025832.png,data/extracted_fish/Acanthurus/Acanthurus_chirurgus/003_gbif_6133025832_mask.png
Acanthurus/Acanthurus_chirurgus/004_gbif_6133103564.jpg,accepted,ok,0.7999995350837708,0.0581378300597666,data/extracted_fish/Acanthurus/Acanthurus_chirurgus/004_gbif_6133103564.png,data/extracted_fish/Acanthurus/Acanthurus_chirurgus/004_gbif_6133103564_mask.png
Acanthurus/Acanthurus_chirurgus/005_gbif_6133390214.jpg,accepted,ok,0.7970346808433533,0.10987082837788645,data/extracted_fish/Acanthurus/Acanthurus_chirurgus/005_gbif_6133390214.png,data/extracted_fish/Acanthurus/Acanthurus_chirurgus/005_gbif_6133390214_mask.png
Acanthurus/Acanthurus_chirurgus/006_gbif_6147235917.jpg,flagged,multiple_fish,,,,
Acanthurus/Acanthurus_chirurgus/007_gbif_6147466813.jpg,accepted,ok,0.8780298233032227,0.013749945892436485,data/extracted_fish/Acanthurus/Acanthurus_chirurgus/007_gbif_6147466813.png,data/extracted_fish/Acanthurus/Acanthurus_chirurgus/007_gbif_6147466813_mask.png
Acanthurus/Acanthurus_chirurgus/008_gbif_6159707618.jpg,accepted,ok,0.8864024877548218,0.04256588316153718,data/extracted_fish/Acanthurus/Acanthurus_chirurgus/008_gbif_6159707618.png,data/extracted_fish/Acanthurus/Acanthurus_chirurgus/008_gbif_6159707618_mask.png
Acanthurus/Acanthurus_chirurgus/009_gbif_6195964958.jpg,accepted,ok,0.8551498651504517,0.14799602894224248,data/extracted_fish/Acanthurus/Acanthurus_chirurgus/009_gbif_6195964958.png,data/extracted_fish/Acanthurus/Acanthurus_chirurgus/009_gbif_6195964958_mask.png
Acanthurus/Acanthurus_chirurgus/010_gbif_6163173250.jpg,accepted,ok,0.8564223647117615,0.13840841824897324,data/extracted_fish/Acanthurus/Acanthurus_chirurgus/010_gbif_6163173250.png,data/extracted_fish/Acanthurus/Acanthurus_chirurgus/010_gbif_6163173250_mask.png
Acanthurus/Acanthurus_chirurgus/011_gbif_6163230559.jpg,flagged,multiple_fish,,,,
Acanthurus/Acanthurus_chirurgus/012_gbif_6320983083.jpg,flagged,multiple_fish,,,,
Acanthurus/Acanthurus_chirurgus/013_gbif_6147239537.jpg,flagged,multiple_fish,,,,
Acanthurus/Acanthurus_chirurgus/014_gbif_6163316405.jpg,accepted,ok,0.8803858757019043,0.18662192528900082,data/extracted_fish/Acanthurus/Acanthurus_chirurgus/014_gbif_6163316405.png,data/extracted_fish/Acanthurus/Acanthurus_chirurgus/014_gbif_6163316405_mask.png
Acanthurus/Acanthurus_chirurgus/015_gbif_6147359530.jpg,accepted,ok,0.8884410262107849,0.03903426972387671,data/extracted_fish/Acanthurus/Acanthurus_chirurgus/015_gbif_6147359530.png,data/extracted_fish/Acanthurus/Acanthurus_chirurgus/015_gbif_6147359530_mask.png
Acanthurus/Acanthurus_chirurgus/016_gbif_6178474390.jpg,flagged,multiple_fish,,,,
Acanthurus/Acanthurus_chirurgus/017_gbif_6159375673.jpg,accepted,ok,0.884933352470398,0.24768402683164095,data/extracted_fish/Acanthurus/Acanthurus_chirurgus/017_gbif_6159375673.png,data/extracted_fish/Acanthurus/Acanthurus_chirurgus/017_gbif_6159375673_mask.png
Acanthurus/Acanthurus_chirurgus/018_gbif_6162896452.jpg,accepted,ok,0.7511534094810486,0.2057339510919538,data/extracted_fish/Acanthurus/Acanthurus_chirurgus/018_gbif_6162896452.png,data/extracted_fish/Acanthurus/Acanthurus_chirurgus/018_gbif_6162896452_mask.png
Acanthurus/Acanthurus_chirurgus/019_gbif_6171254203.jpg,accepted,ok,0.9043216705322266,0.16073885182842454,data/extracted_fish/Acanthurus/Acanthurus_chirurgus/019_gbif_6171254203.png,data/extracted_fish/Acanthurus/Acanthurus_chirurgus/019_gbif_6171254203_mask.png
Acanthurus/Acanthurus_chirurgus/020_gbif_6163068202.jpg,accepted,ok,0.8960622549057007,0.023367983555654618,data/extracted_fish/Acanthurus/Acanthurus_chirurgus/020_gbif_6163068202.png,data/extracted_fish/Acanthurus/Acanthurus_chirurgus/020_gbif_6163068202_mask.png
Acanthurus/Acanthurus_chirurgus/021_gbif_6171405104.jpg,accepted,ok,0.8929744958877563,0.06722330501815056,data/extracted_fish/Acanthurus/Acanthurus_chirurgus/021_gbif_6171405104.png,data/extracted_fish/Acanthurus/Acanthurus_chirurgus/021_gbif_6171405104_mask.png
Acanthurus/Acanthurus_chirurgus/022_gbif_6178731529.jpg,flagged,multiple_fish,,,,
Acanthurus/Acanthurus_chirurgus/023_gbif_6179225801.jpg,accepted,ok,0.49644142389297485,0.0773019159807076,data/extracted_fish/Acanthurus/Acanthurus_chirurgus/023_gbif_6179225801.png,data/extracted_fish/Acanthurus/Acanthurus_chirurgus/023_gbif_6179225801_mask.png
Acanthurus/Acanthurus_chirurgus/024_gbif_6188385277.jpg,accepted,ok,0.8870124220848083,0.10962914703087948,data/extracted_fish/Acanthurus/Acanthurus_chirurgus/024_gbif_6188385277.png,data/extracted_fish/Acanthurus/Acanthurus_chirurgus/024_gbif_6188385277_mask.png
Acanthurus/Acanthurus_chronixis/000_reference.jpeg,accepted,ok,0.7655605673789978,0.06873824018542726,data/extracted_fish/Acanthurus/Acanthurus_chronixis/000_reference.png,data/extracted_fish/Acanthurus/Acanthurus_chronixis/000_reference_mask.png
Acanthurus/Acanthurus_dussumieri/000_reference.jpeg,accepted,ok,0.8742258548736572,0.02747879336665977,data/extracted_fish/Acanthurus/Acanthurus_dussumieri/000_reference.png,data/extracted_fish/Acanthurus/Acanthurus_dussumieri/000_reference_mask.png
Acanthurus/Acanthurus_dussumieri/001_gbif_6129983817.jpg,accepted,ok,0.8826780915260315,0.11265879259350675,data/extracted_fish/Acanthurus/Acanthurus_dussumieri/001_gbif_6129983817.png,data/extracted_fish/Acanthurus/Acanthurus_dussumieri/001_gbif_6129983817_mask.png
Acanthurus/Acanthurus_dussumieri/002_gbif_6130109340.jpg,accepted,ok,0.8496056795120239,0.12688556488539854,data/extracted_fish/Acanthurus/Acanthurus_dussumieri/002_gbif_6130109340.png,data/extracted_fish/Acanthurus/Acanthurus_dussumieri/002_gbif_6130109340_mask.png
Acanthurus/Acanthurus_dussumieri/003_gbif_6130777748.jpg,flagged,multiple_fish,,,,
Acanthurus/Acanthurus_dussumieri/004_gbif_6162782640.jpg,accepted,ok,0.8781918287277222,0.08835816498694724,data/extracted_fish/Acanthurus/Acanthurus_dussumieri/004_gbif_6162782640.png,data/extracted_fish/Acanthurus/Acanthurus_dussumieri/004_gbif_6162782640_mask.png
Acanthurus/Acanthurus_dussumieri/005_gbif_6188521761.jpg,accepted,ok,0.6210421323776245,0.07984998233502218,data/extracted_fish/Acanthurus/Acanthurus_dussumieri/005_gbif_6188521761.png,data/extracted_fish/Acanthurus/Acanthurus_dussumieri/005_gbif_6188521761_mask.png
Acanthurus/Acanthurus_dussumieri/006_gbif_6133433646.jpg,accepted,ok,0.8962913751602173,0.1153769231475501,data/extracted_fish/Acanthurus/Acanthurus_dussumieri/006_gbif_6133433646.png,data/extracted_fish/Acanthurus/Acanthurus_dussumieri/006_gbif_6133433646_mask.png
Acanthurus/Acanthurus_dussumieri/007_gbif_6133516378.jpg,accepted,ok,0.8928498029708862,0.11817967586910935,data/extracted_fish/Acanthurus/Acanthurus_dussumieri/007_gbif_6133516378.png,data/extracted_fish/Acanthurus/Acanthurus_dussumieri/007_gbif_6133516378_mask.png
Acanthurus/Acanthurus_dussumieri/008_gbif_6159373276.jpg,flagged,multiple_fish,,,,
Acanthurus/Acanthurus_dussumieri/009_gbif_6162979812.jpg,accepted,ok,0.8352702260017395,0.1805723311088773,data/extracted_fish/Acanthurus/Acanthurus_dussumieri/009_gbif_6162979812.png,data/extracted_fish/Acanthurus/Acanthurus_dussumieri/009_gbif_6162979812_mask.png
Acanthurus/Acanthurus_dussumieri/010_gbif_6171005373.jpg,accepted,ok,0.8388227224349976,0.062226185096544616,data/extracted_fish/Acanthurus/Acanthurus_dussumieri/010_gbif_6171005373.png,data/extracted_fish/Acanthurus/Acanthurus_dussumieri/010_gbif_6171005373_mask.png
Acanthurus/Acanthurus_dussumieri/011_gbif_6171157955.jpg,accepted,ok,0.8155157566070557,0.09258691461915904,data/extracted_fish/Acanthurus/Acanthurus_dussumieri/011_gbif_6171157955.png,data/extracted_fish/Acanthurus/Acanthurus_dussumieri/011_gbif_6171157955_mask.png
Acanthurus/Acanthurus_dussumieri/012_gbif_6171204124.jpg,accepted,ok,0.8248469829559326,0.043219915993624534,data/extracted_fish/Acanthurus/Acanthurus_dussumieri/012_gbif_6171204124.png,data/extracted_fish/Acanthurus/Acanthurus_dussumieri/012_gbif_6171204124_mask.png
Acanthurus/Acanthurus_dussumieri/013_gbif_6171376446.jpg,accepted,ok,0.926193356513977,0.00901023608957691,data/extracted_fish/Acanthurus/Acanthurus_dussumieri/013_gbif_6171376446.png,data/extracted_fish/Acanthurus/Acanthurus_dussumieri/013_gbif_6171376446_mask.png
Acanthurus/Acanthurus_dussumieri/014_gbif_6178364959.jpg,accepted,ok,0.8518409132957458,0.2745121750464488,data/extracted_fish/Acanthurus/Acanthurus_dussumieri/014_gbif_6178364959.png,data/extracted_fish/Acanthurus/Acanthurus_dussumieri/014_gbif_6178364959_mask.png
Acanthurus/Acanthurus_dussumieri/015_gbif_6178478511.jpg,accepted,ok,0.7816060185432434,0.08296320296564239,data/extracted_fish/Acanthurus/Acanthurus_dussumieri/015_gbif_6178478511.png,data/extracted_fish/Acanthurus/Acanthurus_dussumieri/015_gbif_6178478511_mask.png
Acanthurus/Acanthurus_dussumieri/016_gbif_6184872043.jpg,accepted,ok,0.8007723689079285,0.2063388532084044,data/extracted_fish/Acanthurus/Acanthurus_dussumieri/016_gbif_6184872043.png,data/extracted_fish/Acanthurus/Acanthurus_dussumieri/016_gbif_6184872043_mask.png
Acanthurus/Acanthurus_dussumieri/017_gbif_6234944802.jpg,accepted,ok,0.8533217906951904,0.26921583925981035,data/extracted_fish/Acanthurus/Acanthurus_dussumieri/017_gbif_6234944802.png,data/extracted_fish/Acanthurus/Acanthurus_dussumieri/017_gbif_6234944802_mask.png
Acanthurus/Acanthurus_dussumieri/018_gbif_6184902219.jpg,flagged,multiple_fish,,,,
Acanthurus/Acanthurus_dussumieri/019_gbif_6235298592.jpg,flagged,multiple_fish,,,,
Acanthurus/Acanthurus_dussumieri/020_gbif_6185173111.jpg,accepted,ok,0.9076535105705261,0.05943156284558482,data/extracted_fish/Acanthurus/Acanthurus_dussumieri/020_gbif_6185173111.png,data/extracted_fish/Acanthurus/Acanthurus_dussumieri/020_gbif_6185173111_mask.png
Acanthurus/Acanthurus_dussumieri/021_gbif_6178312023.jpg,accepted,ok,0.9121307134628296,0.03175022833061514,data/extracted_fish/Acanthurus/Acanthurus_dussumieri/021_gbif_6178312023.png,data/extracted_fish/Acanthurus/Acanthurus_dussumieri/021_gbif_6178312023_mask.png
Acanthurus/Acanthurus_dussumieri/022_gbif_6188324401.jpg,accepted,ok,0.9146248698234558,0.05875781957051636,data/extracted_fish/Acanthurus/Acanthurus_dussumieri/022_gbif_6188324401.png,data/extracted_fish/Acanthurus/Acanthurus_dussumieri/022_gbif_6188324401_mask.png
Acanthurus/Acanthurus_dussumieri/023_gbif_6195543920.jpg,accepted,ok,0.652866780757904,0.058533198291343805,data/extracted_fish/Acanthurus/Acanthurus_dussumieri/023_gbif_6195543920.png,data/extracted_fish/Acanthurus/Acanthurus_dussumieri/023_gbif_6195543920_mask.png
Acanthurus/Acanthurus_dussumieri/024_gbif_6195822211.jpg,flagged,multiple_fish,,,,
Acanthurus/Acanthurus_fowleri/000_reference.jpg,accepted,ok,0.8905885815620422,0.11623182113659487,data/extracted_fish/Acanthurus/Acanthurus_fowleri/000_reference.png,data/extracted_fish/Acanthurus/Acanthurus_fowleri/000_reference_mask.png
Acanthurus/Acanthurus_fowleri/001_gbif_6179292082.jpg,accepted,ok,0.7821400761604309,0.02870204151055971,data/extracted_fish/Acanthurus/Acanthurus_fowleri/001_gbif_6179292082.png,data/extracted_fish/Acanthurus/Acanthurus_fowleri/001_gbif_6179292082_mask.png
Acanthurus/Acanthurus_fowleri/002_gbif_6253257513.jpg,flagged,multiple_fish,,,,
Acanthurus/Acanthurus_fowleri/003_gbif_6398610929.jpg,flagged,multiple_fish,,,,
Acanthurus/Acanthurus_fowleri/004_gbif_6400480457.jpg,accepted,ok,0.7518693804740906,0.056836196747907054,data/extracted_fish/Acanthurus/Acanthurus_fowleri/004_gbif_6400480457.png,data/extracted_fish/Acanthurus/Acanthurus_fowleri/004_gbif_6400480457_mask.png
Acanthurus/Acanthurus_fowleri/005_gbif_6430845969.jpg,flagged,multiple_fish,,,,
Acanthurus/Acanthurus_fowleri/006_gbif_5104428644.jpg,flagged,multiple_fish,,,,
Acanthurus/Acanthurus_fowleri/007_gbif_5231503272.jpg,flagged,multiple_fish,,,,
Acanthurus/Acanthurus_fowleri/008_gbif_5844263847.jpg,accepted,ok,0.6880932450294495,0.18176511567767945,data/extracted_fish/Acanthurus/Acanthurus_fowleri/008_gbif_5844263847.png,data/extracted_fish/Acanthurus/Acanthurus_fowleri/008_gbif_5844263847_mask.png
Acanthurus/Acanthurus_fowleri/009_gbif_5932370841.jpg,accepted,ok,0.6202970743179321,0.09952591858332306,data/extracted_fish/Acanthurus/Acanthurus_fowleri/009_gbif_5932370841.png,data/extracted_fish/Acanthurus/Acanthurus_fowleri/009_gbif_5932370841_mask.png
Acanthurus/Acanthurus_fowleri/010_gbif_4981968804.jpeg,flagged,multiple_fish,,,,
Acanthurus/Acanthurus_fowleri/011_gbif_4987462411.jpeg,flagged,multiple_fish,,,,
Acanthurus/Acanthurus_fowleri/012_gbif_5230414952.jpg,accepted,ok,0.7231521010398865,0.08042747957757226,data/extracted_fish/Acanthurus/Acanthurus_fowleri/012_gbif_5230414952.png,data/extracted_fish/Acanthurus/Acanthurus_fowleri/012_gbif_5230414952_mask.png
Acanthurus/Acanthurus_fowleri/013_gbif_4414225162.jpg,flagged,multiple_fish,,,,
Acanthurus/Acanthurus_fowleri/014_gbif_4430982736.jpeg,accepted,ok,0.5000858902931213,0.13989611011657374,data/extracted_fish/Acanthurus/Acanthurus_fowleri/014_gbif_4430982736.png,data/extracted_fish/Acanthurus/Acanthurus_fowleri/014_gbif_4430982736_mask.png
Acanthurus/Acanthurus_fowleri/015_gbif_6195760587.jpg,flagged,multiple_fish,,,,
Acanthurus/Acanthurus_fowleri/016_gbif_4014915188.jpg,flagged,multiple_fish,,,,
Acanthurus/Acanthurus_fowleri/017_gbif_4014994218.jpg,flagged,multiple_fish,,,,
Acanthurus/Acanthurus_fowleri/018_gbif_2963811043.jpg,flagged,multiple_fish,,,,
Acanthurus/Acanthurus_fowleri/019_gbif_2563653136.jpg,accepted,ok,0.8744568824768066,0.025441696663745666,data/extracted_fish/Acanthurus/Acanthurus_fowleri/019_gbif_2563653136.png,data/extracted_fish/Acanthurus/Acanthurus_fowleri/019_gbif_2563653136_mask.png
Acanthurus/Acanthurus_fowleri/020_gbif_2294568661.jpg,flagged,multiple_fish,,,,
Acanthurus/Acanthurus_fowleri/021_gbif_2242801668.jpg,accepted,ok,0.8797564506530762,0.248569019318914,data/extracted_fish/Acanthurus/Acanthurus_fowleri/021_gbif_2242801668.png,data/extracted_fish/Acanthurus/Acanthurus_fowleri/021_gbif_2242801668_mask.png
Acanthurus/Acanthurus_fowleri/022_gbif_3039438373.jpg,flagged,multiple_fish,,,,
Acanthurus/Acanthurus_fowleri/023_gbif_4034841177.jpeg,flagged,multiple_fish,,,,
Acanthurus/Acanthurus_fowleri/024_gbif_4976560879.jpg,flagged,multiple_fish,,,,
Acanthurus/Acanthurus_gahhm/000_reference.jpeg,accepted,ok,0.8927093148231506,0.028452599927628306,data/extracted_fish/Acanthurus/Acanthurus_gahhm/000_reference.png,data/extracted_fish/Acanthurus/Acanthurus_gahhm/000_reference_mask.png
Acanthurus/Acanthurus_gahhm/001_gbif_6131261774.jpg,flagged,multiple_fish,,,,
Acanthurus/Acanthurus_gahhm/002_gbif_6133145919.jpg,accepted,ok,0.8997893929481506,0.2743085016386322,data/extracted_fish/Acanthurus/Acanthurus_gahhm/002_gbif_6133145919.png,data/extracted_fish/Acanthurus/Acanthurus_gahhm/002_gbif_6133145919_mask.png
Acanthurus/Acanthurus_gahhm/003_gbif_6147706481.jpg,accepted,ok,0.5424880385398865,0.04592988365737768,data/extracted_fish/Acanthurus/Acanthurus_gahhm/003_gbif_6147706481.png,data/extracted_fish/Acanthurus/Acanthurus_gahhm/003_gbif_6147706481_mask.png
Acanthurus/Acanthurus_gahhm/004_gbif_6159221625.jpg,accepted,ok,0.5455691814422607,0.17701775795618802,data/extracted_fish/Acanthurus/Acanthurus_gahhm/004_gbif_6159221625.png,data/extracted_fish/Acanthurus/Acanthurus_gahhm/004_gbif_6159221625_mask.png
Acanthurus/Acanthurus_gahhm/005_gbif_6159401226.jpg,flagged,multiple_fish,,,,
Acanthurus/Acanthurus_gahhm/006_gbif_6163152019.jpg,flagged,multiple_fish,,,,
Acanthurus/Acanthurus_gahhm/007_gbif_6159193768.jpg,flagged,multiple_fish,,,,
Acanthurus/Acanthurus_gahhm/008_gbif_6159287477.jpg,flagged,multiple_fish,,,,
Acanthurus/Acanthurus_gahhm/009_gbif_6159672551.jpg,accepted,ok,0.6922035813331604,0.08886968633025516,data/extracted_fish/Acanthurus/Acanthurus_gahhm/009_gbif_6159672551.png,data/extracted_fish/Acanthurus/Acanthurus_gahhm/009_gbif_6159672551_mask.png
Acanthurus/Acanthurus_gahhm/010_gbif_6162773632.jpg,flagged,multiple_fish,,,,
Acanthurus/Acanthurus_gahhm/011_gbif_6162791792.jpg,accepted,ok,0.5460333824157715,0.1413682057255509,data/extracted_fish/Acanthurus/Acanthurus_gahhm/011_gbif_6162791792.png,data/extracted_fish/Acanthurus/Acanthurus_gahhm/011_gbif_6162791792_mask.png
Acanthurus/Acanthurus_gahhm/012_gbif_6162807546.jpg,accepted,ok,0.870370626449585,0.09237940995824177,data/extracted_fish/Acanthurus/Acanthurus_gahhm/012_gbif_6162807546.png,data/extracted_fish/Acanthurus/Acanthurus_gahhm/012_gbif_6162807546_mask.png
Acanthurus/Acanthurus_gahhm/013_gbif_6162879745.jpg,accepted,ok,0.8766212463378906,0.04460797178870249,data/extracted_fish/Acanthurus/Acanthurus_gahhm/013_gbif_6162879745.png,data/extracted_fish/Acanthurus/Acanthurus_gahhm/013_gbif_6162879745_mask.png
Acanthurus/Acanthurus_gahhm/014_gbif_6162973459.jpg,accepted,ok,0.7806822061538696,0.03655913046646438,data/extracted_fish/Acanthurus/Acanthurus_gahhm/014_gbif_6162973459.png,data/extracted_fish/Acanthurus/Acanthurus_gahhm/014_gbif_6162973459_mask.png
Acanthurus/Acanthurus_gahhm/015_gbif_6163033972.jpg,accepted,ok,0.8398774862289429,0.03412162946232993,data/extracted_fish/Acanthurus/Acanthurus_gahhm/015_gbif_6163033972.png,data/extracted_fish/Acanthurus/Acanthurus_gahhm/015_gbif_6163033972_mask.png
Acanthurus/Acanthurus_gahhm/016_gbif_6163228643.jpg,accepted,ok,0.670321524143219,0.03588606428003457,data/extracted_fish/Acanthurus/Acanthurus_gahhm/016_gbif_6163228643.png,data/extracted_fish/Acanthurus/Acanthurus_gahhm/016_gbif_6163228643_mask.png
Acanthurus/Acanthurus_gahhm/017_gbif_6163374681.jpg,accepted,ok,0.8119429349899292,0.04186039949803063,data/extracted_fish/Acanthurus/Acanthurus_gahhm/017_gbif_6163374681.png,data/extracted_fish/Acanthurus/Acanthurus_gahhm/017_gbif_6163374681_mask.png
Acanthurus/Acanthurus_gahhm/018_gbif_6170838260.jpg,accepted,ok,0.7156310677528381,0.06327219425793805,data/extracted_fish/Acanthurus/Acanthurus_gahhm/018_gbif_6170838260.png,data/extracted_fish/Acanthurus/Acanthurus_gahhm/018_gbif_6170838260_mask.png
Acanthurus/Acanthurus_gahhm/019_gbif_6170862995.jpg,accepted,ok,0.8391790390014648,0.1289305456074484,data/extracted_fish/Acanthurus/Acanthurus_gahhm/019_gbif_6170862995.png,data/extracted_fish/Acanthurus/Acanthurus_gahhm/019_gbif_6170862995_mask.png
Acanthurus/Acanthurus_gahhm/020_gbif_6170971870.jpg,flagged,multiple_fish,,,,
Acanthurus/Acanthurus_gahhm/021_gbif_6170987484.jpg,flagged,multiple_fish,,,,
Acanthurus/Acanthurus_gahhm/022_gbif_6171080693.jpg,accepted,ok,0.7798600792884827,0.010245551801731229,data/extracted_fish/Acanthurus/Acanthurus_gahhm/022_gbif_6171080693.png,data/extracted_fish/Acanthurus/Acanthurus_gahhm/022_gbif_6171080693_mask.png
Acanthurus/Acanthurus_gahhm/023_gbif_6171286651.jpg,flagged,multiple_fish,,,,
Acanthurus/Acanthurus_gahhm/024_gbif_6171299641.jpg,flagged,box_too_small,0.5178056359291077,0.3567677140967394,,
Acanthurus/Acanthurus_grammoptilus/000_reference.jpeg,accepted,ok,0.8564963936805725,0.0608668330107993,data/extracted_fish/Acanthurus/Acanthurus_grammoptilus/000_reference.png,data/extracted_fish/Acanthurus/Acanthurus_grammoptilus/000_reference_mask.png
Acanthurus/Acanthurus_grammoptilus/001_gbif_6470551977.jpg,flagged,multiple_fish,,,,
Acanthurus/Acanthurus_grammoptilus/002_gbif_5140366826.jpeg,flagged,multiple_fish,,,,
Acanthurus/Acanthurus_grammoptilus/003_gbif_5198909048.jpg,flagged,multiple_fish,,,,
Acanthurus/Acanthurus_grammoptilus/004_gbif_5936241538.jpg,accepted,ok,0.8887242674827576,0.08599551979522758,data/extracted_fish/Acanthurus/Acanthurus_grammoptilus/004_gbif_5936241538.png,data/extracted_fish/Acanthurus/Acanthurus_grammoptilus/004_gbif_5936241538_mask.png
Acanthurus/Acanthurus_grammoptilus/005_gbif_4852433579.jpg,flagged,multiple_fish,,,,
Acanthurus/Acanthurus_grammoptilus/006_gbif_5167583636.jpg,flagged,multiple_fish,,,,
Acanthurus/Acanthurus_grammoptilus/007_gbif_4018549281.jpg,accepted,ok,0.8719445466995239,0.0112262452289705,data/extracted_fish/Acanthurus/Acanthurus_grammoptilus/007_gbif_4018549281.png,data/extracted_fish/Acanthurus/Acanthurus_grammoptilus/007_gbif_4018549281_mask.png
Acanthurus/Acanthurus_grammoptilus/008_gbif_4112075428.jpg,accepted,ok,0.8251886367797852,0.05281060824082949,data/extracted_fish/Acanthurus/Acanthurus_grammoptilus/008_gbif_4112075428.png,data/extracted_fish/Acanthurus/Acanthurus_grammoptilus/008_gbif_4112075428_mask.png
Acanthurus/Acanthurus_grammoptilus/009_gbif_4127449637.jpeg,accepted,ok,0.7169814109802246,0.14203732453151646,data/extracted_fish/Acanthurus/Acanthurus_grammoptilus/009_gbif_4127449637.png,data/extracted_fish/Acanthurus/Acanthurus_grammoptilus/009_gbif_4127449637_mask.png
Acanthurus/Acanthurus_grammoptilus/010_gbif_4923655465.jpg,accepted,ok,0.831253170967102,0.033669937059310616,data/extracted_fish/Acanthurus/Acanthurus_grammoptilus/010_gbif_4923655465.png,data/extracted_fish/Acanthurus/Acanthurus_grammoptilus/010_gbif_4923655465_mask.png
Acanthurus/Acanthurus_grammoptilus/011_gbif_5932351066.jpg,accepted,ok,0.8503295183181763,0.053432491296083816,data/extracted_fish/Acanthurus/Acanthurus_grammoptilus/011_gbif_5932351066.png,data/extracted_fish/Acanthurus/Acanthurus_grammoptilus/011_gbif_5932351066_mask.png
Acanthurus/Acanthurus_grammoptilus/012_gbif_3338154943.jpg,accepted,ok,0.8935388326644897,0.17449461465747332,data/extracted_fish/Acanthurus/Acanthurus_grammoptilus/012_gbif_3338154943.png,data/extracted_fish/Acanthurus/Acanthurus_grammoptilus/012_gbif_3338154943_mask.png
Acanthurus/Acanthurus_grammoptilus/013_gbif_5909245985.jpg,accepted,ok,0.8397879004478455,0.14541776962154748,data/extracted_fish/Acanthurus/Acanthurus_grammoptilus/013_gbif_5909245985.png,data/extracted_fish/Acanthurus/Acanthurus_grammoptilus/013_gbif_5909245985_mask.png
Acanthurus/Acanthurus_grammoptilus/014_gbif_2859907909.jpg,flagged,multiple_fish,,,,
Acanthurus/Acanthurus_grammoptilus/015_gbif_2236868472.jpg,flagged,multiple_fish,,,,
Acanthurus/Acanthurus_grammoptilus/016_gbif_3873525301.jpeg,accepted,ok,0.7608124613761902,0.07804080663010217,data/extracted_fish/Acanthurus/Acanthurus_grammoptilus/016_gbif_3873525301.png,data/extracted_fish/Acanthurus/Acanthurus_grammoptilus/016_gbif_3873525301_mask.png
Acanthurus/Acanthurus_grammoptilus/017_gbif_3455860704.jpeg,accepted,ok,0.9084051251411438,0.09583211490573208,data/extracted_fish/Acanthurus/Acanthurus_grammoptilus/017_gbif_3455860704.png,data/extracted_fish/Acanthurus/Acanthurus_grammoptilus/017_gbif_3455860704_mask.png
Acanthurus/Acanthurus_grammoptilus/018_gbif_3872992304.jpeg,flagged,no_detection,,,,
Acanthurus/Acanthurus_grammoptilus/019_gbif_4046325160.jpeg,accepted,ok,0.8648260831832886,0.03456044236279438,data/extracted_fish/Acanthurus/Acanthurus_grammoptilus/019_gbif_4046325160.png,data/extracted_fish/Acanthurus/Acanthurus_grammoptilus/019_gbif_4046325160_mask.png
Acanthurus/Acanthurus_grammoptilus/020_gbif_6178698390.jpg,accepted,ok,0.693623960018158,0.12656474662955797,data/extracted_fish/Acanthurus/Acanthurus_grammoptilus/020_gbif_6178698390.png,data/extracted_fish/Acanthurus/Acanthurus_grammoptilus/020_gbif_6178698390_mask.png
Acanthurus/Acanthurus_grammoptilus/021_gbif_2573825902.jpg,accepted,ok,0.8840497136116028,0.12009402271783327,data/extracted_fish/Acanthurus/Acanthurus_grammoptilus/021_gbif_2573825902.png,data/extracted_fish/Acanthurus/Acanthurus_grammoptilus/021_gbif_2573825902_mask.png
Acanthurus/Acanthurus_grammoptilus/022_gbif_2851150596.jpg,flagged,multiple_fish,,,,
Acanthurus/Acanthurus_guttatus/000_reference.jpeg,accepted,ok,0.8651789426803589,0.04173666878056068,data/extracted_fish/Acanthurus/Acanthurus_guttatus/000_reference.png,data/extracted_fish/Acanthurus/Acanthurus_guttatus/000_reference_mask.png
Acanthurus/Acanthurus_guttatus/001_gbif_6130050625.jpg,accepted,ok,0.8465009927749634,0.12701943580263628,data/extracted_fish/Acanthurus/Acanthurus_guttatus/001_gbif_6130050625.png,data/extracted_fish/Acanthurus/Acanthurus_guttatus/001_gbif_6130050625_mask.png
Acanthurus/Acanthurus_guttatus/002_gbif_6130922363.jpg,flagged,multiple_fish,,,,
Acanthurus/Acanthurus_guttatus/003_gbif_6147509973.jpg,accepted,ok,0.8888121247291565,0.09222303652869476,data/extracted_fish/Acanthurus/Acanthurus_guttatus/003_gbif_6147509973.png,data/extracted_fish/Acanthurus/Acanthurus_guttatus/003_gbif_6147509973_mask.png
Acanthurus/Acanthurus_guttatus/004_gbif_6147359847.jpg,flagged,multiple_fish,,,,
Acanthurus/Acanthurus_guttatus/005_gbif_6170923356.jpg,accepted,ok,0.5801532864570618,0.052990771175617554,data/extracted_fish/Acanthurus/Acanthurus_guttatus/005_gbif_6170923356.png,data/extracted_fish/Acanthurus/Acanthurus_guttatus/005_gbif_6170923356_mask.png
Acanthurus/Acanthurus_guttatus/006_gbif_6178331412.jpg,flagged,multiple_fish,,,,
Acanthurus/Acanthurus_guttatus/007_gbif_6252142745.jpg,accepted,ok,0.5866655707359314,0.11210242045282304,data/extracted_fish/Acanthurus/Acanthurus_guttatus/007_gbif_6252142745.png,data/extracted_fish/Acanthurus/Acanthurus_guttatus/007_gbif_6252142745_mask.png
Acanthurus/Acanthurus_guttatus/008_gbif_6274157644.jpg,accepted,ok,0.8995302319526672,0.01151265380825087,data/extracted_fish/Acanthurus/Acanthurus_guttatus/008_gbif_6274157644.png,data/extracted_fish/Acanthurus/Acanthurus_guttatus/008_gbif_6274157644_mask.png
Acanthurus/Acanthurus_guttatus/009_gbif_6195457661.jpg,flagged,multiple_fish,,,,
Acanthurus/Acanthurus_guttatus/010_gbif_6320936876.jpg,accepted,ok,0.895646870136261,0.1674553020954644,data/extracted_fish/Acanthurus/Acanthurus_guttatus/010_gbif_6320936876.png,data/extracted_fish/Acanthurus/Acanthurus_guttatus/010_gbif_6320936876_mask.png
Acanthurus/Acanthurus_guttatus/011_gbif_6353112445.jpg,accepted,ok,0.9027996063232422,0.07681206685581228,data/extracted_fish/Acanthurus/Acanthurus_guttatus/011_gbif_6353112445.png,data/extracted_fish/Acanthurus/Acanthurus_guttatus/011_gbif_6353112445_mask.png
Acanthurus/Acanthurus_guttatus/012_gbif_6195895121.jpg,flagged,multiple_fish,,,,
Acanthurus/Acanthurus_guttatus/013_gbif_6398981834.jpg,accepted,ok,0.8973764777183533,0.04385137798056005,data/extracted_fish/Acanthurus/Acanthurus_guttatus/013_gbif_6398981834.png,data/extracted_fish/Acanthurus/Acanthurus_guttatus/013_gbif_6398981834_mask.png
Acanthurus/Acanthurus_guttatus/014_gbif_5007782019.jpg,accepted,ok,0.880296528339386,0.05192505567527599,data/extracted_fish/Acanthurus/Acanthurus_guttatus/014_gbif_5007782019.png,data/extracted_fish/Acanthurus/Acanthurus_guttatus/014_gbif_5007782019_mask.png
Acanthurus/Acanthurus_guttatus/015_gbif_6234664341.jpg,accepted,ok,0.8785919547080994,0.09161321724595177,data/extracted_fish/Acanthurus/Acanthurus_guttatus/015_gbif_6234664341.png,data/extracted_fish/Acanthurus/Acanthurus_guttatus/015_gbif_6234664341_mask.png
Acanthurus/Acanthurus_guttatus/016_gbif_6399004456.jpg,accepted,ok,0.4009389281272888,0.037658643791330805,data/extracted_fish/Acanthurus/Acanthurus_guttatus/016_gbif_6399004456.png,data/extracted_fish/Acanthurus/Acanthurus_guttatus/016_gbif_6399004456_mask.png
Acanthurus/Acanthurus_guttatus/017_gbif_5037071897.jpg,flagged,multiple_fish,,,,
Acanthurus/Acanthurus_guttatus/018_gbif_6452311363.jpg,accepted,ok,0.8889491558074951,0.050456808655039743,data/extracted_fish/Acanthurus/Acanthurus_guttatus/018_gbif_6452311363.png,data/extracted_fish/Acanthurus/Acanthurus_guttatus/018_gbif_6452311363_mask.png
Acanthurus/Acanthurus_guttatus/019_gbif_6252219320.jpg,flagged,multiple_fish,,,,
Acanthurus/Acanthurus_guttatus/020_gbif_6400304413.jpg,flagged,multiple_fish,,,,
Acanthurus/Acanthurus_guttatus/021_gbif_5063189153.jpeg,accepted,ok,0.8861914873123169,0.1153439583802901,data/extracted_fish/Acanthurus/Acanthurus_guttatus/021_gbif_5063189153.png,data/extracted_fish/Acanthurus/Acanthurus_guttatus/021_gbif_5063189153_mask.png
Acanthurus/Acanthurus_guttatus/022_gbif_6273167717.jpg,accepted,ok,0.8946990370750427,0.13367099850925376,data/extracted_fish/Acanthurus/Acanthurus_guttatus/022_gbif_6273167717.png,data/extracted_fish/Acanthurus/Acanthurus_guttatus/022_gbif_6273167717_mask.png
Acanthurus/Acanthurus_guttatus/023_gbif_5077027090.jpeg,flagged,multiple_fish,,,,
Acanthurus/Acanthurus_guttatus/024_gbif_5087874389.jpeg,accepted,ok,0.799755334854126,0.2040553131469227,data/extracted_fish/Acanthurus/Acanthurus_guttatus/024_gbif_5087874389.png,data/extracted_fish/Acanthurus/Acanthurus_guttatus/024_gbif_5087874389_mask.png
Acanthurus/Acanthurus_japonicus/000_reference.jpg,accepted,ok,0.8932458758354187,0.058725517972689156,data/extracted_fish/Acanthurus/Acanthurus_japonicus/000_reference.png,data/extracted_fish/Acanthurus/Acanthurus_japonicus/000_reference_mask.png
Acanthurus/Acanthurus_japonicus/001_gbif_6129898100.jpg,accepted,ok,0.9064327478408813,0.1340933858373788,data/extracted_fish/Acanthurus/Acanthurus_japonicus/001_gbif_6129898100.png,data/extracted_fish/Acanthurus/Acanthurus_japonicus/001_gbif_6129898100_mask.png
Acanthurus/Acanthurus_japonicus/002_gbif_6130070685.jpg,accepted,ok,0.7626298666000366,0.03373134066707909,data/extracted_fish/Acanthurus/Acanthurus_japonicus/002_gbif_6130070685.png,data/extracted_fish/Acanthurus/Acanthurus_japonicus/002_gbif_6130070685_mask.png
Acanthurus/Acanthurus_japonicus/003_gbif_6133373596.jpg,flagged,multiple_fish,,,,
Acanthurus/Acanthurus_japonicus/004_gbif_6133508587.jpg,flagged,box_too_small,0.8542675971984863,0.03932443070802537,,
Acanthurus/Acanthurus_japonicus/005_gbif_6147430805.jpg,accepted,ok,0.8744469285011292,0.028188713802635598,data/extracted_fish/Acanthurus/Acanthurus_japonicus/005_gbif_6147430805.png,data/extracted_fish/Acanthurus/Acanthurus_japonicus/005_gbif_6147430805_mask.png
Acanthurus/Acanthurus_japonicus/006_gbif_6163375080.jpg,flagged,multiple_fish,,,,
Acanthurus/Acanthurus_japonicus/007_gbif_6178416721.jpg,accepted,ok,0.8178174495697021,0.08584145025859416,data/extracted_fish/Acanthurus/Acanthurus_japonicus/007_gbif_6178416721.png,data/extracted_fish/Acanthurus/Acanthurus_japonicus/007_gbif_6178416721_mask.png
Acanthurus/Acanthurus_japonicus/008_gbif_6178875615.jpg,accepted,ok,0.9100344181060791,0.06141555398888273,data/extracted_fish/Acanthurus/Acanthurus_japonicus/008_gbif_6178875615.png,data/extracted_fish/Acanthurus/Acanthurus_japonicus/008_gbif_6178875615_mask.png
Acanthurus/Acanthurus_japonicus/009_gbif_6185671115.jpg,flagged,multiple_fish,,,,
Acanthurus/Acanthurus_japonicus/010_gbif_6196000464.jpg,flagged,multiple_fish,,,,
Acanthurus/Acanthurus_japonicus/011_gbif_6234551740.jpg,flagged,multiple_fish,,,,
Acanthurus/Acanthurus_japonicus/012_gbif_6252367986.jpg,accepted,ok,0.885118305683136,0.0702690622363224,data/extracted_fish/Acanthurus/Acanthurus_japonicus/012_gbif_6252367986.png,data/extracted_fish/Acanthurus/Acanthurus_japonicus/012_gbif_6252367986_mask.png
Acanthurus/Acanthurus_japonicus/013_gbif_6252368160.jpg,accepted,ok,0.874886155128479,0.09445529764845864,data/extracted_fish/Acanthurus/Acanthurus_japonicus/013_gbif_6252368160.png,data/extracted_fish/Acanthurus/Acanthurus_japonicus/013_gbif_6252368160_mask.png
Acanthurus/Acanthurus_japonicus/014_gbif_6252535900.jpg,accepted,ok,0.9142422676086426,0.045319786082544285,data/extracted_fish/Acanthurus/Acanthurus_japonicus/014_gbif_6252535900.png,data/extracted_fish/Acanthurus/Acanthurus_japonicus/014_gbif_6252535900_mask.png
Acanthurus/Acanthurus_japonicus/015_gbif_6413330552.jpg,flagged,box_too_small,0.858529806137085,0.07003039888335245,,
Acanthurus/Acanthurus_japonicus/016_gbif_6431737362.jpg,flagged,multiple_fish,,,,
Acanthurus/Acanthurus_japonicus/017_gbif_6441730313.jpg,accepted,ok,0.8870698809623718,0.1541410330709508,data/extracted_fish/Acanthurus/Acanthurus_japonicus/017_gbif_6441730313.png,data/extracted_fish/Acanthurus/Acanthurus_japonicus/017_gbif_6441730313_mask.png
Acanthurus/Acanthurus_japonicus/018_gbif_6452298659.jpg,accepted,ok,0.8789997100830078,0.12029886787554858,data/extracted_fish/Acanthurus/Acanthurus_japonicus/018_gbif_6452298659.png,data/extracted_fish/Acanthurus/Acanthurus_japonicus/018_gbif_6452298659_mask.png
Acanthurus/Acanthurus_japonicus/019_gbif_6451608979.jpg,accepted,ok,0.8010321855545044,0.18454754971107143,data/extracted_fish/Acanthurus/Acanthurus_japonicus/019_gbif_6451608979.png,data/extracted_fish/Acanthurus/Acanthurus_japonicus/019_gbif_6451608979_mask.png
Acanthurus/Acanthurus_japonicus/020_gbif_6470554784.jpg,accepted,ok,0.8969160318374634,0.07116164627423978,data/extracted_fish/Acanthurus/Acanthurus_japonicus/020_gbif_6470554784.png,data/extracted_fish/Acanthurus/Acanthurus_japonicus/020_gbif_6470554784_mask.png
Acanthurus/Acanthurus_japonicus/021_gbif_6470663596.jpg,accepted,ok,0.9009523391723633,0.09458323289382442,data/extracted_fish/Acanthurus/Acanthurus_japonicus/021_gbif_6470663596.png,data/extracted_fish/Acanthurus/Acanthurus_japonicus/021_gbif_6470663596_mask.png
Acanthurus/Acanthurus_japonicus/022_gbif_5063079314.jpg,accepted,ok,0.9302747845649719,0.10750315340424477,data/extracted_fish/Acanthurus/Acanthurus_japonicus/022_gbif_5063079314.png,data/extracted_fish/Acanthurus/Acanthurus_japonicus/022_gbif_5063079314_mask.png
Acanthurus/Acanthurus_japonicus/023_gbif_5077095759.jpg,flagged,multiple_fish,,,,
Acanthurus/Acanthurus_japonicus/024_gbif_5134472722.jpg,flagged,multiple_fish,,,,
Acanthurus/Acanthurus_leucocheilus/000_reference.jpeg,accepted,ok,0.9189717173576355,0.11776703094172983,data/extracted_fish/Acanthurus/Acanthurus_leucocheilus/000_reference.png,data/extracted_fish/Acanthurus/Acanthurus_leucocheilus/000_reference_mask.png
Acanthurus/Acanthurus_leucocheilus/001_gbif_6147651651.jpg,flagged,multiple_fish,,,,
Acanthurus/Acanthurus_leucocheilus/002_gbif_6178504480.jpg,flagged,multiple_fish,,,,
Acanthurus/Acanthurus_leucocheilus/003_gbif_6171019598.jpg,accepted,ok,0.7861615419387817,0.025933625751626645,data/extracted_fish/Acanthurus/Acanthurus_leucocheilus/003_gbif_6171019598.png,data/extracted_fish/Acanthurus/Acanthurus_leucocheilus/003_gbif_6171019598_mask.png
Acanthurus/Acanthurus_leucocheilus/004_gbif_6185999468.jpg,flagged,multiple_fish,,,,
Acanthurus/Acanthurus_leucocheilus/005_gbif_6187916846.jpg,flagged,multiple_fish,,,,
Acanthurus/Acanthurus_leucocheilus/006_gbif_6195634763.jpg,accepted,ok,0.8749269247055054,0.09360199349603011,data/extracted_fish/Acanthurus/Acanthurus_leucocheilus/006_gbif_6195634763.png,data/extracted_fish/Acanthurus/Acanthurus_leucocheilus/006_gbif_6195634763_mask.png
Acanthurus/Acanthurus_leucocheilus/007_gbif_6234294195.jpg,flagged,multiple_fish,,,,
Acanthurus/Acanthurus_leucocheilus/008_gbif_6234627365.jpg,accepted,ok,0.8740825057029724,0.14485996190136458,data/extracted_fish/Acanthurus/Acanthurus_leucocheilus/008_gbif_6234627365.png,data/extracted_fish/Acanthurus/Acanthurus_leucocheilus/008_gbif_6234627365_mask.png
Acanthurus/Acanthurus_leucocheilus/009_gbif_6251644244.jpg,flagged,multiple_fish,,,,
Acanthurus/Acanthurus_leucocheilus/010_gbif_6273390914.jpg,accepted,ok,0.8839767575263977,0.11337860901867117,data/extracted_fish/Acanthurus/Acanthurus_leucocheilus/010_gbif_6273390914.png,data/extracted_fish/Acanthurus/Acanthurus_leucocheilus/010_gbif_6273390914_mask.png
Acanthurus/Acanthurus_leucocheilus/011_gbif_6353301858.jpg,accepted,ok,0.8491981625556946,0.09349775619322169,data/extracted_fish/Acanthurus/Acanthurus_leucocheilus/011_gbif_6353301858.png,data/extracted_fish/Acanthurus/Acanthurus_leucocheilus/011_gbif_6353301858_mask.png
Acanthurus/Acanthurus_leucocheilus/012_gbif_6452611799.jpg,flagged,no_detection,,,,
Acanthurus/Acanthurus_leucocheilus/013_gbif_5063944436.jpeg,flagged,multiple_fish,,,,
Acanthurus/Acanthurus_leucocheilus/014_gbif_5077120715.jpeg,flagged,multiple_fish,,,,
Acanthurus/Acanthurus_leucocheilus/015_gbif_5087589517.jpg,flagged,multiple_fish,,,,
Acanthurus/Acanthurus_leucocheilus/016_gbif_5087705527.jpg,flagged,multiple_fish,,,,
Acanthurus/Acanthurus_leucocheilus/017_gbif_5291847119.jpg,accepted,ok,0.8716654181480408,0.11477515530375315,data/extracted_fish/Acanthurus/Acanthurus_leucocheilus/017_gbif_5291847119.png,data/extracted_fish/Acanthurus/Acanthurus_leucocheilus/017_gbif_5291847119_mask.png
Acanthurus/Acanthurus_leucocheilus/018_gbif_5133633644.jpg,flagged,multiple_fish,,,,
Acanthurus/Acanthurus_leucocheilus/019_gbif_5153885440.jpg,accepted,ok,0.8848628997802734,0.06729437357602856,data/extracted_fish/Acanthurus/Acanthurus_leucocheilus/019_gbif_5153885440.png,data/extracted_fish/Acanthurus/Acanthurus_leucocheilus/019_gbif_5153885440_mask.png
Acanthurus/Acanthurus_leucocheilus/020_gbif_6195266679.jpg,accepted,ok,0.8671873807907104,0.18532906740276867,data/extracted_fish/Acanthurus/Acanthurus_leucocheilus/020_gbif_6195266679.png,data/extracted_fish/Acanthurus/Acanthurus_leucocheilus/020_gbif_6195266679_mask.png
Acanthurus/Acanthurus_leucocheilus/021_gbif_5168502153.jpg,accepted,ok,0.8270548582077026,0.03181926800498818,data/extracted_fish/Acanthurus/Acanthurus_leucocheilus/021_gbif_5168502153.png,data/extracted_fish/Acanthurus/Acanthurus_leucocheilus/021_gbif_5168502153_mask.png
Acanthurus/Acanthurus_leucocheilus/022_gbif_5198368697.jpg,accepted,ok,0.8598644733428955,0.10690785490572208,data/extracted_fish/Acanthurus/Acanthurus_leucocheilus/022_gbif_5198368697.png,data/extracted_fish/Acanthurus/Acanthurus_leucocheilus/022_gbif_5198368697_mask.png
Acanthurus/Acanthurus_leucocheilus/023_gbif_5198615723.jpg,accepted,ok,0.9077552556991577,0.096888731095399,data/extracted_fish/Acanthurus/Acanthurus_leucocheilus/023_gbif_5198615723.png,data/extracted_fish/Acanthurus/Acanthurus_leucocheilus/023_gbif_5198615723_mask.png
Acanthurus/Acanthurus_leucocheilus/024_gbif_5231633271.jpg,accepted,ok,0.7767049670219421,0.08402460229202312,data/extracted_fish/Acanthurus/Acanthurus_leucocheilus/024_gbif_5231633271.png,data/extracted_fish/Acanthurus/Acanthurus_leucocheilus/024_gbif_5231633271_mask.png
Acanthurus/Acanthurus_leucosternon/000_reference.jpeg,accepted,ok,0.8821009397506714,0.031243035920343717,data/extracted_fish/Acanthurus/Acanthurus_leucosternon/000_reference.png,data/extracted_fish/Acanthurus/Acanthurus_leucosternon/000_reference_mask.png
Acanthurus/Acanthurus_leucosternon/001_gbif_5938595597.jpg,flagged,multiple_fish,,,,
Acanthurus/Acanthurus_leucosternon/002_gbif_6130217554.jpg,flagged,multiple_fish,,,,
Acanthurus/Acanthurus_leucosternon/003_gbif_6130831643.jpg,accepted,ok,0.8842195868492126,0.10588004517243603,data/extracted_fish/Acanthurus/Acanthurus_leucosternon/003_gbif_6130831643.png,data/extracted_fish/Acanthurus/Acanthurus_leucosternon/003_gbif_6130831643_mask.png
Acanthurus/Acanthurus_leucosternon/004_gbif_6131590712.jpg,accepted,ok,0.832886278629303,0.005168951242153883,data/extracted_fish/Acanthurus/Acanthurus_leucosternon/004_gbif_6131590712.png,data/extracted_fish/Acanthurus/Acanthurus_leucosternon/004_gbif_6131590712_mask.png
Acanthurus/Acanthurus_leucosternon/005_gbif_6131690325.jpg,accepted,ok,0.8487832546234131,0.06267057046224538,data/extracted_fish/Acanthurus/Acanthurus_leucosternon/005_gbif_6131690325.png,data/extracted_fish/Acanthurus/Acanthurus_leucosternon/005_gbif_6131690325_mask.png
Acanthurus/Acanthurus_leucosternon/006_gbif_6133267927.jpg,flagged,multiple_fish,,,,
Acanthurus/Acanthurus_leucosternon/007_gbif_6133578012.jpg,flagged,multiple_fish,,,,
Acanthurus/Acanthurus_leucosternon/008_gbif_6163067104.jpg,flagged,multiple_fish,,,,
Acanthurus/Acanthurus_leucosternon/009_gbif_6178485598.jpg,accepted,ok,0.8448232412338257,0.07275357294891285,data/extracted_fish/Acanthurus/Acanthurus_leucosternon/009_gbif_6178485598.png,data/extracted_fish/Acanthurus/Acanthurus_leucosternon/009_gbif_6178485598_mask.png
Acanthurus/Acanthurus_leucosternon/010_gbif_6178491274.jpg,accepted,ok,0.9193032383918762,0.12625289439443704,data/extracted_fish/Acanthurus/Acanthurus_leucosternon/010_gbif_6178491274.png,data/extracted_fish/Acanthurus/Acanthurus_leucosternon/010_gbif_6178491274_mask.png
Acanthurus/Acanthurus_leucosternon/011_gbif_6235326829.jpg,flagged,off_center,0.8827083706855774,0.3964612258418401,,
Acanthurus/Acanthurus_leucosternon/012_gbif_6163123339.jpg,accepted,ok,0.8936364054679871,0.03973120041438058,data/extracted_fish/Acanthurus/Acanthurus_leucosternon/012_gbif_6163123339.png,data/extracted_fish/Acanthurus/Acanthurus_leucosternon/012_gbif_6163123339_mask.png
Acanthurus/Acanthurus_leucosternon/013_gbif_6170832137.jpg,flagged,multiple_fish,,,,
Acanthurus/Acanthurus_leucosternon/014_gbif_6170840750.jpg,flagged,multiple_fish,,,,
Acanthurus/Acanthurus_leucosternon/015_gbif_6171414455.jpg,flagged,multiple_fish,,,,
Acanthurus/Acanthurus_leucosternon/016_gbif_6178933811.jpg,accepted,ok,0.9121459126472473,0.11954447883688697,data/extracted_fish/Acanthurus/Acanthurus_leucosternon/016_gbif_6178933811.png,data/extracted_fish/Acanthurus/Acanthurus_leucosternon/016_gbif_6178933811_mask.png
Acanthurus/Acanthurus_leucosternon/017_gbif_6179107444.jpg,accepted,ok,0.8993449211120605,0.050252187839779396,data/extracted_fish/Acanthurus/Acanthurus_leucosternon/017_gbif_6179107444.png,data/extracted_fish/Acanthurus/Acanthurus_leucosternon/017_gbif_6179107444_mask.png
Acanthurus/Acanthurus_leucosternon/018_gbif_6179364417.jpg,flagged,multiple_fish,,,,
Acanthurus/Acanthurus_leucosternon/019_gbif_6187948264.jpg,flagged,multiple_fish,,,,
Acanthurus/Acanthurus_leucosternon/020_gbif_6178380531.jpg,flagged,multiple_fish,,,,
Acanthurus/Acanthurus_leucosternon/021_gbif_6188438403.jpg,accepted,ok,0.8918769955635071,0.19443484983225942,data/extracted_fish/Acanthurus/Acanthurus_leucosternon/021_gbif_6188438403.png,data/extracted_fish/Acanthurus/Acanthurus_leucosternon/021_gbif_6188438403_mask.png
Acanthurus/Acanthurus_leucosternon/022_gbif_6184732840.jpg,accepted,ok,0.8307551145553589,0.13052729482766912,data/extracted_fish/Acanthurus/Acanthurus_leucosternon/022_gbif_6184732840.png,data/extracted_fish/Acanthurus/Acanthurus_leucosternon/022_gbif_6184732840_mask.png
Acanthurus/Acanthurus_leucosternon/023_gbif_6185419379.jpg,flagged,multiple_fish,,,,
Acanthurus/Acanthurus_leucosternon/024_gbif_6235099920.jpg,accepted,ok,0.9020107388496399,0.21413587987611518,data/extracted_fish/Acanthurus/Acanthurus_leucosternon/024_gbif_6235099920.png,data/extracted_fish/Acanthurus/Acanthurus_leucosternon/024_gbif_6235099920_mask.png
Acanthurus/Acanthurus_lineatus/000_reference.jpeg,accepted,ok,0.9010390043258667,0.07089286374100527,data/extracted_fish/Acanthurus/Acanthurus_lineatus/000_reference.png,data/extracted_fish/Acanthurus/Acanthurus_lineatus/000_reference_mask.png
Acanthurus/Acanthurus_lineatus/001_gbif_6130075321.jpg,accepted,ok,0.8881253004074097,0.1731395232955328,data/extracted_fish/Acanthurus/Acanthurus_lineatus/001_gbif_6130075321.png,data/extracted_fish/Acanthurus/Acanthurus_lineatus/001_gbif_6130075321_mask.png
Acanthurus/Acanthurus_lineatus/002_gbif_6130420236.jpg,accepted,ok,0.9131526350975037,0.156159682098528,data/extracted_fish/Acanthurus/Acanthurus_lineatus/002_gbif_6130420236.png,data/extracted_fish/Acanthurus/Acanthurus_lineatus/002_gbif_6130420236_mask.png
Acanthurus/Acanthurus_lineatus/003_gbif_6130695119.jpg,accepted,ok,0.8761768937110901,0.08710650816998008,data/extracted_fish/Acanthurus/Acanthurus_lineatus/003_gbif_6130695119.png,data/extracted_fish/Acanthurus/Acanthurus_lineatus/003_gbif_6130695119_mask.png
Acanthurus/Acanthurus_lineatus/004_gbif_6130863238.jpg,accepted,ok,0.8223757743835449,0.04211707053596903,data/extracted_fish/Acanthurus/Acanthurus_lineatus/004_gbif_6130863238.png,data/extracted_fish/Acanthurus/Acanthurus_lineatus/004_gbif_6130863238_mask.png
Acanthurus/Acanthurus_lineatus/005_gbif_6131113682.jpg,flagged,multiple_fish,,,,
Acanthurus/Acanthurus_lineatus/006_gbif_6131205440.jpg,accepted,ok,0.8633895516395569,0.12860003891763325,data/extracted_fish/Acanthurus/Acanthurus_lineatus/006_gbif_6131205440.png,data/extracted_fish/Acanthurus/Acanthurus_lineatus/006_gbif_6131205440_mask.png
Acanthurus/Acanthurus_lineatus/007_gbif_6131334851.jpg,flagged,multiple_fish,,,,
Acanthurus/Acanthurus_lineatus/008_gbif_6133293068.jpg,flagged,multiple_fish,,,,
Acanthurus/Acanthurus_lineatus/009_gbif_6133335374.jpg,accepted,ok,0.9202603101730347,0.34484498918413653,data/extracted_fish/Acanthurus/Acanthurus_lineatus/009_gbif_6133335374.png,data/extracted_fish/Acanthurus/Acanthurus_lineatus/009_gbif_6133335374_mask.png
Acanthurus/Acanthurus_lineatus/010_gbif_6133426509.jpg,flagged,multiple_fish,,,,
Acanthurus/Acanthurus_lineatus/011_gbif_6147179666.jpg,flagged,off_center,0.8733184337615967,0.4159251496488009,,
Acanthurus/Acanthurus_lineatus/012_gbif_6147310683.jpg,flagged,multiple_fish,,,,
Acanthurus/Acanthurus_lineatus/013_gbif_6147583778.jpg,flagged,multiple_fish,,,,
Acanthurus/Acanthurus_lineatus/014_gbif_6159198411.jpg,accepted,ok,0.8380389213562012,0.1196497391002156,data/extracted_fish/Acanthurus/Acanthurus_lineatus/014_gbif_6159198411.png,data/extracted_fish/Acanthurus/Acanthurus_lineatus/014_gbif_6159198411_mask.png
Acanthurus/Acanthurus_lineatus/015_gbif_6159277937.jpg,accepted,ok,0.8819893598556519,0.15587913829459168,data/extracted_fish/Acanthurus/Acanthurus_lineatus/015_gbif_6159277937.png,data/extracted_fish/Acanthurus/Acanthurus_lineatus/015_gbif_6159277937_mask.png
Acanthurus/Acanthurus_lineatus/016_gbif_6162876362.jpg,flagged,multiple_fish,,,,
Acanthurus/Acanthurus_lineatus/017_gbif_6171033549.jpg,accepted,ok,0.9019898176193237,0.115778176568306,data/extracted_fish/Acanthurus/Acanthurus_lineatus/017_gbif_6171033549.png,data/extracted_fish/Acanthurus/Acanthurus_lineatus/017_gbif_6171033549_mask.png
Acanthurus/Acanthurus_lineatus/018_gbif_6159209209.jpg,accepted,ok,0.9217538237571716,0.17800000325039733,data/extracted_fish/Acanthurus/Acanthurus_lineatus/018_gbif_6159209209.png,data/extracted_fish/Acanthurus/Acanthurus_lineatus/018_gbif_6159209209_mask.png
Acanthurus/Acanthurus_lineatus/019_gbif_6441493755.jpg,accepted,ok,0.8312841653823853,0.2662642738375015,data/extracted_fish/Acanthurus/Acanthurus_lineatus/019_gbif_6441493755.png,data/extracted_fish/Acanthurus/Acanthurus_lineatus/019_gbif_6441493755_mask.png
Acanthurus/Acanthurus_lineatus/020_gbif_6159388279.jpg,accepted,ok,0.8632612228393555,0.04165917450664325,data/extracted_fish/Acanthurus/Acanthurus_lineatus/020_gbif_6159388279.png,data/extracted_fish/Acanthurus/Acanthurus_lineatus/020_gbif_6159388279_mask.png
Acanthurus/Acanthurus_lineatus/021_gbif_6159670149.jpg,accepted,ok,0.9182977676391602,0.07323285327328677,data/extracted_fish/Acanthurus/Acanthurus_lineatus/021_gbif_6159670149.png,data/extracted_fish/Acanthurus/Acanthurus_lineatus/021_gbif_6159670149_mask.png
Acanthurus/Acanthurus_lineatus/022_gbif_6441802662.jpg,flagged,multiple_fish,,,,
Acanthurus/Acanthurus_lineatus/023_gbif_6162938687.jpg,flagged,multiple_fish,,,,
Acanthurus/Acanthurus_lineatus/024_gbif_6162940043.jpg,flagged,multiple_fish,,,,
Acanthurus/Acanthurus_maculiceps/000_reference.jpeg,flagged,multiple_fish,,,,
Acanthurus/Acanthurus_maculiceps/001_gbif_6274039790.jpg,accepted,ok,0.6996064782142639,0.16546446436080797,data/extracted_fish/Acanthurus/Acanthurus_maculiceps/001_gbif_6274039790.png,data/extracted_fish/Acanthurus/Acanthurus_maculiceps/001_gbif_6274039790_mask.png
Acanthurus/Acanthurus_maculiceps/002_gbif_6274231947.jpg,accepted,ok,0.8952625393867493,0.20245894233369843,data/extracted_fish/Acanthurus/Acanthurus_maculiceps/002_gbif_6274231947.png,data/extracted_fish/Acanthurus/Acanthurus_maculiceps/002_gbif_6274231947_mask.png
Acanthurus/Acanthurus_maculiceps/003_gbif_6470342499.jpg,accepted,ok,0.8619027137756348,0.12783549035972885,data/extracted_fish/Acanthurus/Acanthurus_maculiceps/003_gbif_6470342499.png,data/extracted_fish/Acanthurus/Acanthurus_maculiceps/003_gbif_6470342499_mask.png
Acanthurus/Acanthurus_maculiceps/004_gbif_5840457045.jpg,flagged,multiple_fish,,,,
Acanthurus/Acanthurus_maculiceps/005_gbif_5840470719.jpg,accepted,ok,0.8502016663551331,0.28105828724406423,data/extracted_fish/Acanthurus/Acanthurus_maculiceps/005_gbif_5840470719.png,data/extracted_fish/Acanthurus/Acanthurus_maculiceps/005_gbif_5840470719_mask.png
Acanthurus/Acanthurus_maculiceps/006_gbif_5868042501.jpg,accepted,ok,0.9108639359474182,0.03842747060781959,data/extracted_fish/Acanthurus/Acanthurus_maculiceps/006_gbif_5868042501.png,data/extracted_fish/Acanthurus/Acanthurus_maculiceps/006_gbif_5868042501_mask.png
Acanthurus/Acanthurus_maculiceps/007_gbif_5909235631.jpg,accepted,ok,0.8980515599250793,0.0415999041939818,data/extracted_fish/Acanthurus/Acanthurus_maculiceps/007_gbif_5909235631.png,data/extracted_fish/Acanthurus/Acanthurus_maculiceps/007_gbif_5909235631_mask.png
Acanthurus/Acanthurus_maculiceps/008_gbif_4516921007.jpg,accepted,ok,0.8660283088684082,0.031139071008242838,data/extracted_fish/Acanthurus/Acanthurus_maculiceps/008_gbif_4516921007.png,data/extracted_fish/Acanthurus/Acanthurus_maculiceps/008_gbif_4516921007_mask.png
Acanthurus/Acanthurus_maculiceps/009_gbif_4924140724.jpeg,accepted,ok,0.8647739291191101,0.03486290879622668,data/extracted_fish/Acanthurus/Acanthurus_maculiceps/009_gbif_4924140724.png,data/extracted_fish/Acanthurus/Acanthurus_maculiceps/009_gbif_4924140724_mask.png
Acanthurus/Acanthurus_maculiceps/010_gbif_5076813880.png,flagged,multiple_fish,,,,
Acanthurus/Acanthurus_maculiceps/011_gbif_5230260037.jpg,flagged,multiple_fish,,,,
Acanthurus/Acanthurus_maculiceps/012_gbif_6184836377.jpg,flagged,multiple_fish,,,,
Acanthurus/Acanthurus_maculiceps/013_gbif_5008078121.jpeg,flagged,multiple_fish,,,,
Acanthurus/Acanthurus_maculiceps/014_gbif_4039352894.jpeg,flagged,multiple_fish,,,,
Acanthurus/Acanthurus_maculiceps/015_gbif_4129775992.jpeg,accepted,ok,0.8397831320762634,0.07690324119635303,data/extracted_fish/Acanthurus/Acanthurus_maculiceps/015_gbif_4129775992.png,data/extracted_fish/Acanthurus/Acanthurus_maculiceps/015_gbif_4129775992_mask.png
Acanthurus/Acanthurus_maculiceps/016_gbif_4121331710.jpeg,accepted,ok,0.5222271084785461,0.3383319322284613,data/extracted_fish/Acanthurus/Acanthurus_maculiceps/016_gbif_4121331710.png,data/extracted_fish/Acanthurus/Acanthurus_maculiceps/016_gbif_4121331710_mask.png
Acanthurus/Acanthurus_maculiceps/017_gbif_4153945906.jpeg,flagged,multiple_fish,,,,
Acanthurus/Acanthurus_maculiceps/018_gbif_4162039925.jpeg,flagged,multiple_fish,,,,
Acanthurus/Acanthurus_maculiceps/019_gbif_4162076204.jpeg,accepted,ok,0.9056857228279114,0.18744287028783865,data/extracted_fish/Acanthurus/Acanthurus_maculiceps/019_gbif_4162076204.png,data/extracted_fish/Acanthurus/Acanthurus_maculiceps/019_gbif_4162076204_mask.png
Acanthurus/Acanthurus_maculiceps/020_gbif_4162096153.jpeg,accepted,ok,0.8859241008758545,0.04703117506430809,data/extracted_fish/Acanthurus/Acanthurus_maculiceps/020_gbif_4162096153.png,data/extracted_fish/Acanthurus/Acanthurus_maculiceps/020_gbif_4162096153_mask.png
Acanthurus/Acanthurus_maculiceps/021_gbif_4171324639.jpeg,flagged,multiple_fish,,,,
Acanthurus/Acanthurus_maculiceps/022_gbif_4172160376.jpeg,flagged,multiple_fish,,,,
Acanthurus/Acanthurus_maculiceps/023_gbif_4407367792.jpeg,accepted,ok,0.9202427268028259,0.0946863732921859,data/extracted_fish/Acanthurus/Acanthurus_maculiceps/023_gbif_4407367792.png,data/extracted_fish/Acanthurus/Acanthurus_maculiceps/023_gbif_4407367792_mask.png
Acanthurus/Acanthurus_maculiceps/024_gbif_4901673009.jpeg,accepted,ok,0.7972065210342407,0.24870581515551882,data/extracted_fish/Acanthurus/Acanthurus_maculiceps/024_gbif_4901673009.png,data/extracted_fish/Acanthurus/Acanthurus_maculiceps/024_gbif_4901673009_mask.png
Acanthurus/Acanthurus_mata/000_reference.jpg,accepted,ok,0.8811724781990051,0.09110551267977918,data/extracted_fish/Acanthurus/Acanthurus_mata/000_reference.png,data/extracted_fish/Acanthurus/Acanthurus_mata/000_reference_mask.png
Acanthurus/Acanthurus_mata/001_gbif_6130877490.jpg,accepted,ok,0.8385521173477173,0.08358523596571152,data/extracted_fish/Acanthurus/Acanthurus_mata/001_gbif_6130877490.png,data/extracted_fish/Acanthurus/Acanthurus_mata/001_gbif_6130877490_mask.png
Acanthurus/Acanthurus_mata/002_gbif_6178620190.jpg,flagged,multiple_fish,,,,
Acanthurus/Acanthurus_mata/003_gbif_6179078300.jpg,accepted,ok,0.8288430571556091,0.2665402214667599,data/extracted_fish/Acanthurus/Acanthurus_mata/003_gbif_6179078300.png,data/extracted_fish/Acanthurus/Acanthurus_mata/003_gbif_6179078300_mask.png
Acanthurus/Acanthurus_mata/004_gbif_6179533718.jpg,accepted,ok,0.9086910486221313,0.1182470159722108,data/extracted_fish/Acanthurus/Acanthurus_mata/004_gbif_6179533718.png,data/extracted_fish/Acanthurus/Acanthurus_mata/004_gbif_6179533718_mask.png
Acanthurus/Acanthurus_mata/005_gbif_6352668312.jpg,flagged,multiple_fish,,,,
Acanthurus/Acanthurus_mata/006_gbif_6159356458.jpg,accepted,ok,0.8910773992538452,0.20787663819839028,data/extracted_fish/Acanthurus/Acanthurus_mata/006_gbif_6159356458.png,data/extracted_fish/Acanthurus/Acanthurus_mata/006_gbif_6159356458_mask.png
Acanthurus/Acanthurus_mata/007_gbif_6159525250.jpg,accepted,ok,0.9166738390922546,0.030783739346536363,data/extracted_fish/Acanthurus/Acanthurus_mata/007_gbif_6159525250.png,data/extracted_fish/Acanthurus/Acanthurus_mata/007_gbif_6159525250_mask.png
Acanthurus/Acanthurus_mata/008_gbif_6162852726.jpg,flagged,multiple_fish,,,,
Acanthurus/Acanthurus_mata/009_gbif_6163174436.jpg,accepted,ok,0.8562774658203125,0.1564907945636833,data/extracted_fish/Acanthurus/Acanthurus_mata/009_gbif_6163174436.png,data/extracted_fish/Acanthurus/Acanthurus_mata/009_gbif_6163174436_mask.png
Acanthurus/Acanthurus_mata/010_gbif_6178469555.jpg,flagged,multiple_fish,,,,
Acanthurus/Acanthurus_mata/011_gbif_6170954671.jpg,flagged,multiple_fish,,,,
Acanthurus/Acanthurus_mata/012_gbif_6178342995.jpg,accepted,ok,0.8950133919715881,0.05910171639274761,data/extracted_fish/Acanthurus/Acanthurus_mata/012_gbif_6178342995.png,data/extracted_fish/Acanthurus/Acanthurus_mata/012_gbif_6178342995_mask.png
Acanthurus/Acanthurus_mata/013_gbif_6178382007.jpg,accepted,ok,0.9263521432876587,0.07639104064416027,data/extracted_fish/Acanthurus/Acanthurus_mata/013_gbif_6178382007.png,data/extracted_fish/Acanthurus/Acanthurus_mata/013_gbif_6178382007_mask.png
Acanthurus/Acanthurus_mata/014_gbif_6185346017.jpg,accepted,ok,0.7448006868362427,0.0681012934093216,data/extracted_fish/Acanthurus/Acanthurus_mata/014_gbif_6185346017.png,data/extracted_fish/Acanthurus/Acanthurus_mata/014_gbif_6185346017_mask.png
Acanthurus/Acanthurus_mata/015_gbif_6185466529.jpg,flagged,multiple_fish,,,,
Acanthurus/Acanthurus_mata/016_gbif_6185545540.jpg,accepted,ok,0.8386157751083374,0.008333311124886377,data/extracted_fish/Acanthurus/Acanthurus_mata/016_gbif_6185545540.png,data/extracted_fish/Acanthurus/Acanthurus_mata/016_gbif_6185545540_mask.png
Acanthurus/Acanthurus_mata/017_gbif_6320899750.jpg,accepted,ok,0.46938076615333557,0.2644652312183434,data/extracted_fish/Acanthurus/Acanthurus_mata/017_gbif_6320899750.png,data/extracted_fish/Acanthurus/Acanthurus_mata/017_gbif_6320899750_mask.png
Acanthurus/Acanthurus_mata/018_gbif_6353167887.jpg,accepted,ok,0.8771690726280212,0.1618312713474212,data/extracted_fish/Acanthurus/Acanthurus_mata/018_gbif_6353167887.png,data/extracted_fish/Acanthurus/Acanthurus_mata/018_gbif_6353167887_mask.png
Acanthurus/Acanthurus_mata/019_gbif_6187901810.jpg,flagged,multiple_fish,,,,
Acanthurus/Acanthurus_mata/020_gbif_6188298621.jpg,flagged,box_too_small,0.7364770770072937,0.01394133835281022,,
Acanthurus/Acanthurus_mata/021_gbif_6195313282.jpg,accepted,ok,0.9098120331764221,0.1085965558286319,data/extracted_fish/Acanthurus/Acanthurus_mata/021_gbif_6195313282.png,data/extracted_fish/Acanthurus/Acanthurus_mata/021_gbif_6195313282_mask.png
Acanthurus/Acanthurus_mata/022_gbif_6234182391.jpg,accepted,ok,0.8316711783409119,0.03073177385753866,data/extracted_fish/Acanthurus/Acanthurus_mata/022_gbif_6234182391.png,data/extracted_fish/Acanthurus/Acanthurus_mata/022_gbif_6234182391_mask.png
Acanthurus/Acanthurus_mata/023_gbif_6234797087.jpg,accepted,ok,0.898165225982666,0.04938061256354398,data/extracted_fish/Acanthurus/Acanthurus_mata/023_gbif_6234797087.png,data/extracted_fish/Acanthurus/Acanthurus_mata/023_gbif_6234797087_mask.png
Acanthurus/Acanthurus_mata/024_gbif_6235969444.jpg,flagged,multiple_fish,,,,
Acanthurus/Acanthurus_monroviae/000_reference.jpeg,accepted,ok,0.9154021739959717,0.021550139642663488,data/extracted_fish/Acanthurus/Acanthurus_monroviae/000_reference.png,data/extracted_fish/Acanthurus/Acanthurus_monroviae/000_reference_mask.png
Acanthurus/Acanthurus_monroviae/001_gbif_6185571073.jpg,accepted,ok,0.6960697770118713,0.06359577311542308,data/extracted_fish/Acanthurus/Acanthurus_monroviae/001_gbif_6185571073.png,data/extracted_fish/Acanthurus/Acanthurus_monroviae/001_gbif_6185571073_mask.png
Acanthurus/Acanthurus_monroviae/002_gbif_6274095874.jpg,accepted,ok,0.8495242595672607,0.07508060366878253,data/extracted_fish/Acanthurus/Acanthurus_monroviae/002_gbif_6274095874.png,data/extracted_fish/Acanthurus/Acanthurus_monroviae/002_gbif_6274095874_mask.png
Acanthurus/Acanthurus_monroviae/003_gbif_6320123109.jpg,accepted,ok,0.8558493256568909,0.1252523239489297,data/extracted_fish/Acanthurus/Acanthurus_monroviae/003_gbif_6320123109.png,data/extracted_fish/Acanthurus/Acanthurus_monroviae/003_gbif_6320123109_mask.png
Acanthurus/Acanthurus_monroviae/004_gbif_6320487755.jpg,accepted,ok,0.8158580660820007,0.03464524994921035,data/extracted_fish/Acanthurus/Acanthurus_monroviae/004_gbif_6320487755.png,data/extracted_fish/Acanthurus/Acanthurus_monroviae/004_gbif_6320487755_mask.png
Acanthurus/Acanthurus_monroviae/005_gbif_6320984673.jpg,accepted,ok,0.716498851776123,0.13623845887027078,data/extracted_fish/Acanthurus/Acanthurus_monroviae/005_gbif_6320984673.png,data/extracted_fish/Acanthurus/Acanthurus_monroviae/005_gbif_6320984673_mask.png
Acanthurus/Acanthurus_monroviae/006_gbif_6321196368.jpg,accepted,ok,0.7870234847068787,0.014574221671808888,data/extracted_fish/Acanthurus/Acanthurus_monroviae/006_gbif_6321196368.png,data/extracted_fish/Acanthurus/Acanthurus_monroviae/006_gbif_6321196368_mask.png
Acanthurus/Acanthurus_monroviae/007_gbif_6440983078.jpg,accepted,ok,0.8329663276672363,0.17941928648235686,data/extracted_fish/Acanthurus/Acanthurus_monroviae/007_gbif_6440983078.png,data/extracted_fish/Acanthurus/Acanthurus_monroviae/007_gbif_6440983078_mask.png
Acanthurus/Acanthurus_monroviae/008_gbif_6422239866.jpg,accepted,ok,0.9107938408851624,0.1412082175937684,data/extracted_fish/Acanthurus/Acanthurus_monroviae/008_gbif_6422239866.png,data/extracted_fish/Acanthurus/Acanthurus_monroviae/008_gbif_6422239866_mask.png
Acanthurus/Acanthurus_monroviae/009_gbif_6422884372.jpg,accepted,ok,0.8179829120635986,0.06835650193919221,data/extracted_fish/Acanthurus/Acanthurus_monroviae/009_gbif_6422884372.png,data/extracted_fish/Acanthurus/Acanthurus_monroviae/009_gbif_6422884372_mask.png
Acanthurus/Acanthurus_monroviae/010_gbif_6431058823.jpg,accepted,ok,0.7944797277450562,0.10725629455394117,data/extracted_fish/Acanthurus/Acanthurus_monroviae/010_gbif_6431058823.png,data/extracted_fish/Acanthurus/Acanthurus_monroviae/010_gbif_6431058823_mask.png
Acanthurus/Acanthurus_monroviae/011_gbif_6431868308.jpg,accepted,ok,0.8339940309524536,0.06242759999060914,data/extracted_fish/Acanthurus/Acanthurus_monroviae/011_gbif_6431868308.png,data/extracted_fish/Acanthurus/Acanthurus_monroviae/011_gbif_6431868308_mask.png
Acanthurus/Acanthurus_monroviae/012_gbif_5063590951.jpg,accepted,ok,0.8945322036743164,0.049894548012189704,data/extracted_fish/Acanthurus/Acanthurus_monroviae/012_gbif_5063590951.png,data/extracted_fish/Acanthurus/Acanthurus_monroviae/012_gbif_5063590951_mask.png
Acanthurus/Acanthurus_monroviae/013_gbif_5063816188.jpeg,accepted,ok,0.4955935776233673,0.09930680015509928,data/extracted_fish/Acanthurus/Acanthurus_monroviae/013_gbif_5063816188.png,data/extracted_fish/Acanthurus/Acanthurus_monroviae/013_gbif_5063816188_mask.png
Acanthurus/Acanthurus_monroviae/014_gbif_5087694996.jpg,accepted,ok,0.8419238924980164,0.07765444850981348,data/extracted_fish/Acanthurus/Acanthurus_monroviae/014_gbif_5087694996.png,data/extracted_fish/Acanthurus/Acanthurus_monroviae/014_gbif_5087694996_mask.png
Acanthurus/Acanthurus_monroviae/015_gbif_5889537156.jpg,accepted,ok,0.8002371788024902,0.10646873438604679,data/extracted_fish/Acanthurus/Acanthurus_monroviae/015_gbif_5889537156.png,data/extracted_fish/Acanthurus/Acanthurus_monroviae/015_gbif_5889537156_mask.png
Acanthurus/Acanthurus_monroviae/016_gbif_5104407636.jpeg,accepted,ok,0.8845916390419006,0.011387143457012031,data/extracted_fish/Acanthurus/Acanthurus_monroviae/016_gbif_5104407636.png,data/extracted_fish/Acanthurus/Acanthurus_monroviae/016_gbif_5104407636_mask.png
Acanthurus/Acanthurus_monroviae/017_gbif_5760693884.jpg,flagged,multiple_fish,,,,
Acanthurus/Acanthurus_monroviae/018_gbif_4903803587.jpg,accepted,ok,0.8903027772903442,0.04250335351690527,data/extracted_fish/Acanthurus/Acanthurus_monroviae/018_gbif_4903803587.png,data/extracted_fish/Acanthurus/Acanthurus_monroviae/018_gbif_4903803587_mask.png
Acanthurus/Acanthurus_monroviae/019_gbif_4909025877.jpg,accepted,ok,0.9091439247131348,0.05605135099103707,data/extracted_fish/Acanthurus/Acanthurus_monroviae/019_gbif_4909025877.png,data/extracted_fish/Acanthurus/Acanthurus_monroviae/019_gbif_4909025877_mask.png
Acanthurus/Acanthurus_monroviae/020_gbif_5133837417.jpeg,accepted,ok,0.8453537225723267,0.10427229623163428,data/extracted_fish/Acanthurus/Acanthurus_monroviae/020_gbif_5133837417.png,data/extracted_fish/Acanthurus/Acanthurus_monroviae/020_gbif_5133837417_mask.png
Acanthurus/Acanthurus_monroviae/021_gbif_4908998541.jpg,accepted,ok,0.8923417925834656,0.11043995133374535,data/extracted_fish/Acanthurus/Acanthurus_monroviae/021_gbif_4908998541.png,data/extracted_fish/Acanthurus/Acanthurus_monroviae/021_gbif_4908998541_mask.png
Acanthurus/Acanthurus_monroviae/022_gbif_5188025423.jpg,flagged,multiple_fish,,,,
Acanthurus/Acanthurus_monroviae/023_gbif_5889437685.jpg,accepted,ok,0.676175057888031,0.047427924780164984,data/extracted_fish/Acanthurus/Acanthurus_monroviae/023_gbif_5889437685.png,data/extracted_fish/Acanthurus/Acanthurus_monroviae/023_gbif_5889437685_mask.png
Acanthurus/Acanthurus_monroviae/024_gbif_4919388936.jpg,flagged,multiple_fish,,,,
Acanthurus/Acanthurus_nigricans/000_reference.jpg,flagged,multiple_fish,,,,
Acanthurus/Acanthurus_nigricans/001_gbif_6129965362.jpg,accepted,ok,0.7697234153747559,0.09154765220323777,data/extracted_fish/Acanthurus/Acanthurus_nigricans/001_gbif_6129965362.png,data/extracted_fish/Acanthurus/Acanthurus_nigricans/001_gbif_6129965362_mask.png
Acanthurus/Acanthurus_nigricans/002_gbif_6130434634.jpg,flagged,multiple_fish,,,,
Acanthurus/Acanthurus_nigricans/003_gbif_6131358641.jpg,flagged,multiple_fish,,,,
Acanthurus/Acanthurus_nigricans/004_gbif_6159556343.jpg,flagged,multiple_fish,,,,
Acanthurus/Acanthurus_nigricans/005_gbif_6179432273.jpg,flagged,multiple_fish,,,,
Acanthurus/Acanthurus_nigricans/006_gbif_6185568855.jpg,accepted,ok,0.8723545074462891,0.3440647979459803,data/extracted_fish/Acanthurus/Acanthurus_nigricans/006_gbif_6185568855.png,data/extracted_fish/Acanthurus/Acanthurus_nigricans/006_gbif_6185568855_mask.png
Acanthurus/Acanthurus_nigricans/007_gbif_6234733788.jpg,flagged,multiple_fish,,,,
Acanthurus/Acanthurus_nigricans/008_gbif_6159497911.jpg,accepted,ok,0.9202175140380859,0.10888611222052172,data/extracted_fish/Acanthurus/Acanthurus_nigricans/008_gbif_6159497911.png,data/extracted_fish/Acanthurus/Acanthurus_nigricans/008_gbif_6159497911_mask.png
Acanthurus/Acanthurus_nigricans/009_gbif_6159693558.jpg,flagged,multiple_fish,,,,
Acanthurus/Acanthurus_nigricans/010_gbif_6163365087.jpg,flagged,multiple_fish,,,,
Acanthurus/Acanthurus_nigricans/011_gbif_6178582939.jpg,flagged,multiple_fish,,,,
Acanthurus/Acanthurus_nigricans/012_gbif_6178586692.jpg,accepted,ok,0.8590193390846252,0.07147642133488719,data/extracted_fish/Acanthurus/Acanthurus_nigricans/012_gbif_6178586692.png,data/extracted_fish/Acanthurus/Acanthurus_nigricans/012_gbif_6178586692_mask.png
Acanthurus/Acanthurus_nigricans/013_gbif_6178646906.jpg,accepted,ok,0.9213200211524963,0.12467764050679715,data/extracted_fish/Acanthurus/Acanthurus_nigricans/013_gbif_6178646906.png,data/extracted_fish/Acanthurus/Acanthurus_nigricans/013_gbif_6178646906_mask.png
Acanthurus/Acanthurus_nigricans/014_gbif_6178879723.jpg,flagged,multiple_fish,,,,
Acanthurus/Acanthurus_nigricans/015_gbif_6178765761.jpg,flagged,multiple_fish,,,,
Acanthurus/Acanthurus_nigricans/016_gbif_6179208456.jpg,flagged,multiple_fish,,,,
Acanthurus/Acanthurus_nigricans/017_gbif_6185531532.jpg,flagged,multiple_fish,,,,
Acanthurus/Acanthurus_nigricans/018_gbif_6185119441.jpg,flagged,box_too_small,0.8169588446617126,0.026238275516657857,,
Acanthurus/Acanthurus_nigricans/019_gbif_6178339789.jpg,flagged,multiple_fish,,,,
Acanthurus/Acanthurus_nigricans/020_gbif_6186085408.jpg,accepted,ok,0.7967858910560608,0.0791764663271399,data/extracted_fish/Acanthurus/Acanthurus_nigricans/020_gbif_6186085408.png,data/extracted_fish/Acanthurus/Acanthurus_nigricans/020_gbif_6186085408_mask.png
Acanthurus/Acanthurus_nigricans/021_gbif_6187962783.jpg,accepted,ok,0.844554603099823,0.1085089920260172,data/extracted_fish/Acanthurus/Acanthurus_nigricans/021_gbif_6187962783.png,data/extracted_fish/Acanthurus/Acanthurus_nigricans/021_gbif_6187962783_mask.png
Acanthurus/Acanthurus_nigricans/022_gbif_6178383649.jpg,flagged,multiple_fish,,,,
Acanthurus/Acanthurus_nigricans/023_gbif_6187907154.jpg,flagged,multiple_fish,,,,
Acanthurus/Acanthurus_nigricans/024_gbif_6188084135.jpg,flagged,box_too_small,0.8716368675231934,0.031210251044902087,,
Acanthurus/Acanthurus_nigricauda/000_reference.jpeg,accepted,ok,0.8248751163482666,0.05909065937416719,data/extracted_fish/Acanthurus/Acanthurus_nigricauda/000_reference.png,data/extracted_fish/Acanthurus/Acanthurus_nigricauda/000_reference_mask.png
Acanthurus/Acanthurus_nigricauda/001_gbif_5938317272.jpg,accepted,ok,0.9053671956062317,0.02028188975123337,data/extracted_fish/Acanthurus/Acanthurus_nigricauda/001_gbif_5938317272.png,data/extracted_fish/Acanthurus/Acanthurus_nigricauda/001_gbif_5938317272_mask.png
Acanthurus/Acanthurus_nigricauda/002_gbif_6129846817.jpg,accepted,ok,0.8420010209083557,0.15871385348769237,data/extracted_fish/Acanthurus/Acanthurus_nigricauda/002_gbif_6129846817.png,data/extracted_fish/Acanthurus/Acanthurus_nigricauda/002_gbif_6129846817_mask.png
Acanthurus/Acanthurus_nigricauda/003_gbif_6130106863.jpg,accepted,ok,0.9008221626281738,0.18433312522520076,data/extracted_fish/Acanthurus/Acanthurus_nigricauda/003_gbif_6130106863.png,data/extracted_fish/Acanthurus/Acanthurus_nigricauda/003_gbif_6130106863_mask.png
Acanthurus/Acanthurus_nigricauda/004_gbif_6130223923.jpg,flagged,multiple_fish,,,,
Acanthurus/Acanthurus_nigricauda/005_gbif_6133351583.jpg,accepted,ok,0.8751773238182068,0.0743154147558526,data/extracted_fish/Acanthurus/Acanthurus_nigricauda/005_gbif_6133351583.png,data/extracted_fish/Acanthurus/Acanthurus_nigricauda/005_gbif_6133351583_mask.png
Acanthurus/Acanthurus_nigricauda/006_gbif_6147263258.jpg,flagged,multiple_fish,,,,
Acanthurus/Acanthurus_nigricauda/007_gbif_6178618480.jpg,flagged,multiple_fish,,,,
Acanthurus/Acanthurus_nigricauda/008_gbif_6178701815.jpg,flagged,multiple_fish,,,,
Acanthurus/Acanthurus_nigricauda/009_gbif_6159326147.jpg,accepted,ok,0.7221469879150391,0.2883869093354027,data/extracted_fish/Acanthurus/Acanthurus_nigricauda/009_gbif_6159326147.png,data/extracted_fish/Acanthurus/Acanthurus_nigricauda/009_gbif_6159326147_mask.png
Acanthurus/Acanthurus_nigricauda/010_gbif_6159577456.jpg,flagged,multiple_fish,,,,
Acanthurus/Acanthurus_nigricauda/011_gbif_6162988700.jpg,flagged,multiple_fish,,,,
Acanthurus/Acanthurus_nigricauda/012_gbif_6163079409.jpg,accepted,ok,0.7125338315963745,0.035652813832062445,data/extracted_fish/Acanthurus/Acanthurus_nigricauda/012_gbif_6163079409.png,data/extracted_fish/Acanthurus/Acanthurus_nigricauda/012_gbif_6163079409_mask.png
Acanthurus/Acanthurus_nigricauda/013_gbif_6163197480.jpg,flagged,multiple_fish,,,,
Acanthurus/Acanthurus_nigricauda/014_gbif_6163228769.jpg,accepted,ok,0.8064340949058533,0.04295163387061531,data/extracted_fish/Acanthurus/Acanthurus_nigricauda/014_gbif_6163228769.png,data/extracted_fish/Acanthurus/Acanthurus_nigricauda/014_gbif_6163228769_mask.png
Acanthurus/Acanthurus_nigricauda/015_gbif_6163372820.jpg,accepted,ok,0.8958382606506348,0.1138383169374652,data/extracted_fish/Acanthurus/Acanthurus_nigricauda/015_gbif_6163372820.png,data/extracted_fish/Acanthurus/Acanthurus_nigricauda/015_gbif_6163372820_mask.png
Acanthurus/Acanthurus_nigricauda/016_gbif_6178396209.jpg,flagged,multiple_fish,,,,
Acanthurus/Acanthurus_nigricauda/017_gbif_6170950001.jpg,accepted,ok,0.8882695436477661,0.1725953476939775,data/extracted_fish/Acanthurus/Acanthurus_nigricauda/017_gbif_6170950001.png,data/extracted_fish/Acanthurus/Acanthurus_nigricauda/017_gbif_6170950001_mask.png
Acanthurus/Acanthurus_nigricauda/018_gbif_6178376317.jpg,flagged,multiple_fish,,,,
Acanthurus/Acanthurus_nigricauda/019_gbif_6178906792.jpg,flagged,multiple_fish,,,,
Acanthurus/Acanthurus_nigricauda/020_gbif_6188387214.jpg,accepted,ok,0.7658248543739319,0.12228751859656783,data/extracted_fish/Acanthurus/Acanthurus_nigricauda/020_gbif_6188387214.png,data/extracted_fish/Acanthurus/Acanthurus_nigricauda/020_gbif_6188387214_mask.png
Acanthurus/Acanthurus_nigricauda/021_gbif_6234801764.jpg,flagged,multiple_fish,,,,
Acanthurus/Acanthurus_nigricauda/022_gbif_6195652117.jpg,accepted,ok,0.861920952796936,0.13942298373891004,data/extracted_fish/Acanthurus/Acanthurus_nigricauda/022_gbif_6195652117.png,data/extracted_fish/Acanthurus/Acanthurus_nigricauda/022_gbif_6195652117_mask.png
Acanthurus/Acanthurus_nigricauda/023_gbif_6196012828.jpg,accepted,ok,0.8176009654998779,0.10215014762309002,data/extracted_fish/Acanthurus/Acanthurus_nigricauda/023_gbif_6196012828.png,data/extracted_fish/Acanthurus/Acanthurus_nigricauda/023_gbif_6196012828_mask.png
Acanthurus/Acanthurus_nigricauda/024_gbif_6234590011.jpg,accepted,ok,0.7938668131828308,0.07198330534101778,data/extracted_fish/Acanthurus/Acanthurus_nigricauda/024_gbif_6234590011.png,data/extracted_fish/Acanthurus/Acanthurus_nigricauda/024_gbif_6234590011_mask.png
Acanthurus/Acanthurus_nigrofuscus/000_reference.jpeg,accepted,ok,0.864804208278656,0.01507466436249802,data/extracted_fish/Acanthurus/Acanthurus_nigrofuscus/000_reference.png,data/extracted_fish/Acanthurus/Acanthurus_nigrofuscus/000_reference_mask.png
Acanthurus/Acanthurus_nigrofuscus/001_gbif_5938490713.jpg,flagged,multiple_fish,,,,
Acanthurus/Acanthurus_nigrofuscus/002_gbif_5938642365.jpg,flagged,multiple_fish,,,,
Acanthurus/Acanthurus_nigrofuscus/003_gbif_6129839123.jpg,flagged,multiple_fish,,,,
Acanthurus/Acanthurus_nigrofuscus/004_gbif_6129845368.jpg,accepted,ok,0.8963193297386169,0.2805150704833616,data/extracted_fish/Acanthurus/Acanthurus_nigrofuscus/004_gbif_6129845368.png,data/extracted_fish/Acanthurus/Acanthurus_nigrofuscus/004_gbif_6129845368_mask.png
Acanthurus/Acanthurus_nigrofuscus/005_gbif_6129908293.jpg,flagged,multiple_fish,,,,
Acanthurus/Acanthurus_nigrofuscus/006_gbif_6129911214.jpg,accepted,ok,0.7729054689407349,0.13259402488625122,data/extracted_fish/Acanthurus/Acanthurus_nigrofuscus/006_gbif_6129911214.png,data/extracted_fish/Acanthurus/Acanthurus_nigrofuscus/006_gbif_6129911214_mask.png
Acanthurus/Acanthurus_nigrofuscus/007_gbif_6129973190.jpg,flagged,multiple_fish,,,,
Acanthurus/Acanthurus_nigrofuscus/008_gbif_6130071903.jpg,flagged,multiple_fish,,,,
Acanthurus/Acanthurus_nigrofuscus/009_gbif_6130098765.jpg,flagged,box_too_small,0.8478800654411316,0.4104549485242579,,
Acanthurus/Acanthurus_nigrofuscus/010_gbif_6130122083.jpg,accepted,ok,0.8542329668998718,0.1175610041265791,data/extracted_fish/Acanthurus/Acanthurus_nigrofuscus/010_gbif_6130122083.png,data/extracted_fish/Acanthurus/Acanthurus_nigrofuscus/010_gbif_6130122083_mask.png
Acanthurus/Acanthurus_nigrofuscus/011_gbif_6130130059.jpg,accepted,ok,0.754128634929657,0.2279993004039396,data/extracted_fish/Acanthurus/Acanthurus_nigrofuscus/011_gbif_6130130059.png,data/extracted_fish/Acanthurus/Acanthurus_nigrofuscus/011_gbif_6130130059_mask.png
Acanthurus/Acanthurus_nigrofuscus/012_gbif_6130155992.jpg,flagged,multiple_fish,,,,
Acanthurus/Acanthurus_nigrofuscus/013_gbif_6130168944.jpg,accepted,ok,0.8885687589645386,0.13963705200355211,data/extracted_fish/Acanthurus/Acanthurus_nigrofuscus/013_gbif_6130168944.png,data/extracted_fish/Acanthurus/Acanthurus_nigrofuscus/013_gbif_6130168944_mask.png
Acanthurus/Acanthurus_nigrofuscus/014_gbif_6130203161.jpg,flagged,multiple_fish,,,,
Acanthurus/Acanthurus_nigrofuscus/015_gbif_6130215347.jpg,flagged,multiple_fish,,,,
Acanthurus/Acanthurus_nigrofuscus/016_gbif_6130378021.jpg,flagged,box_too_small,0.9024646282196045,0.030989306188171632,,
Acanthurus/Acanthurus_nigrofuscus/017_gbif_6130392867.jpg,accepted,ok,0.8177786469459534,0.023285286300305137,data/extracted_fish/Acanthurus/Acanthurus_nigrofuscus/017_gbif_6130392867.png,data/extracted_fish/Acanthurus/Acanthurus_nigrofuscus/017_gbif_6130392867_mask.png
Acanthurus/Acanthurus_nigrofuscus/018_gbif_6130407042.jpg,accepted,ok,0.8232335448265076,0.08368318745356951,data/extracted_fish/Acanthurus/Acanthurus_nigrofuscus/018_gbif_6130407042.png,data/extracted_fish/Acanthurus/Acanthurus_nigrofuscus/018_gbif_6130407042_mask.png
Acanthurus/Acanthurus_nigrofuscus/019_gbif_6130435294.jpg,flagged,multiple_fish,,,,
Acanthurus/Acanthurus_nigrofuscus/020_gbif_6130551201.jpg,flagged,multiple_fish,,,,
Acanthurus/Acanthurus_nigrofuscus/021_gbif_6130649087.jpg,flagged,box_too_small,0.8939244747161865,0.4379371844040872,,
Acanthurus/Acanthurus_nigrofuscus/022_gbif_6130695088.jpg,flagged,multiple_fish,,,,
Acanthurus/Acanthurus_nigrofuscus/023_gbif_6130696845.jpg,flagged,multiple_fish,,,,
Acanthurus/Acanthurus_nigrofuscus/024_gbif_6130779170.jpg,accepted,ok,0.8505343794822693,0.17857270186592747,data/extracted_fish/Acanthurus/Acanthurus_nigrofuscus/024_gbif_6130779170.png,data/extracted_fish/Acanthurus/Acanthurus_nigrofuscus/024_gbif_6130779170_mask.png
Acanthurus/Acanthurus_nubilus/000_reference.jpeg,flagged,multiple_fish,,,,
Acanthurus/Acanthurus_nubilus/001_gbif_6334493731.jpg,flagged,multiple_fish,,,,
Acanthurus/Acanthurus_nubilus/002_gbif_6399344712.jpg,flagged,multiple_fish,,,,
Acanthurus/Acanthurus_nubilus/003_gbif_5291957040.jpg,flagged,multiple_fish,,,,
Acanthurus/Acanthurus_nubilus/004_gbif_6184932813.jpg,flagged,multiple_fish,,,,
Acanthurus/Acanthurus_nubilus/005_gbif_6185290246.jpg,flagged,multiple_fish,,,,
Acanthurus/Acanthurus_nubilus/006_gbif_5006719206.jpg,accepted,ok,0.8941082954406738,0.044947165468572504,data/extracted_fish/Acanthurus/Acanthurus_nubilus/006_gbif_5006719206.png,data/extracted_fish/Acanthurus/Acanthurus_nubilus/006_gbif_5006719206_mask.png
Acanthurus/Acanthurus_nubilus/007_gbif_6195844758.jpg,accepted,ok,0.8598898649215698,0.29547134675736964,data/extracted_fish/Acanthurus/Acanthurus_nubilus/007_gbif_6195844758.png,data/extracted_fish/Acanthurus/Acanthurus_nubilus/007_gbif_6195844758_mask.png
Acanthurus/Acanthurus_nubilus/008_gbif_6195988830.jpg,flagged,multiple_fish,,,,
Acanthurus/Acanthurus_nubilus/009_gbif_4465722209.jpeg,accepted,ok,0.6696120500564575,0.1978227932115586,data/extracted_fish/Acanthurus/Acanthurus_nubilus/009_gbif_4465722209.png,data/extracted_fish/Acanthurus/Acanthurus_nubilus/009_gbif_4465722209_mask.png
Acanthurus/Acanthurus_nubilus/010_gbif_5063689403.jpeg,flagged,multiple_fish,,,,
Acanthurus/Acanthurus_nubilus/011_gbif_4500925444.jpg,flagged,multiple_fish,,,,
Acanthurus/Acanthurus_nubilus/012_gbif_5087044584.jpeg,accepted,ok,0.8965030908584595,0.14446579487133066,data/extracted_fish/Acanthurus/Acanthurus_nubilus/012_gbif_5087044584.png,data/extracted_fish/Acanthurus/Acanthurus_nubilus/012_gbif_5087044584_mask.png
Acanthurus/Acanthurus_nubilus/013_gbif_3784948250.jpg,flagged,multiple_fish,,,,
Acanthurus/Acanthurus_nubilus/014_gbif_4034801980.jpg,accepted,ok,0.845256507396698,0.03618725095138265,data/extracted_fish/Acanthurus/Acanthurus_nubilus/014_gbif_4034801980.png,data/extracted_fish/Acanthurus/Acanthurus_nubilus/014_gbif_4034801980_mask.png
Acanthurus/Acanthurus_nubilus/015_gbif_2397469755.jpg,accepted,ok,0.8802630305290222,0.07962687150482721,data/extracted_fish/Acanthurus/Acanthurus_nubilus/015_gbif_2397469755.png,data/extracted_fish/Acanthurus/Acanthurus_nubilus/015_gbif_2397469755_mask.png
Acanthurus/Acanthurus_nubilus/016_gbif_1847413814.jpg,flagged,multiple_fish,,,,
Acanthurus/Acanthurus_nubilus/017_gbif_1848750685.jpg,flagged,multiple_fish,,,,
Acanthurus/Acanthurus_nubilus/018_gbif_5932278732.jpg,flagged,multiple_fish,,,,
Acanthurus/Acanthurus_nubilus/019_gbif_5932312006.jpg,accepted,ok,0.8239119052886963,0.04590300158960643,data/extracted_fish/Acanthurus/Acanthurus_nubilus/019_gbif_5932312006.png,data/extracted_fish/Acanthurus/Acanthurus_nubilus/019_gbif_5932312006_mask.png
Acanthurus/Acanthurus_nubilus/020_gbif_5932396886.jpg,flagged,multiple_fish,,,,
Acanthurus/Acanthurus_nubilus/021_gbif_5932470087.jpg,accepted,ok,0.8867180347442627,0.21699387307529622,data/extracted_fish/Acanthurus/Acanthurus_nubilus/021_gbif_5932470087.png,data/extracted_fish/Acanthurus/Acanthurus_nubilus/021_gbif_5932470087_mask.png
Acanthurus/Acanthurus_nubilus/022_gbif_4922008351.jpg,accepted,ok,0.887208878993988,0.04554899951151661,data/extracted_fish/Acanthurus/Acanthurus_nubilus/022_gbif_4922008351.png,data/extracted_fish/Acanthurus/Acanthurus_nubilus/022_gbif_4922008351_mask.png
Acanthurus/Acanthurus_nubilus/023_gbif_6188260983.jpg,accepted,ok,0.8828569054603577,0.11021376142055858,data/extracted_fish/Acanthurus/Acanthurus_nubilus/023_gbif_6188260983.png,data/extracted_fish/Acanthurus/Acanthurus_nubilus/023_gbif_6188260983_mask.png
Acanthurus/Acanthurus_nubilus/024_gbif_4910879560.jpg,accepted,ok,0.9059678316116333,0.03564972891132452,data/extracted_fish/Acanthurus/Acanthurus_nubilus/024_gbif_4910879560.png,data/extracted_fish/Acanthurus/Acanthurus_nubilus/024_gbif_4910879560_mask.png
Acanthurus/Acanthurus_olivaceus/000_reference.jpeg,accepted,ok,0.8176277279853821,0.020037151422259845,data/extracted_fish/Acanthurus/Acanthurus_olivaceus/000_reference.png,data/extracted_fish/Acanthurus/Acanthurus_olivaceus/000_reference_mask.png
Acanthurus/Acanthurus_olivaceus/001_gbif_6129860009.jpg,accepted,ok,0.8484645485877991,0.18558906716325382,data/extracted_fish/Acanthurus/Acanthurus_olivaceus/001_gbif_6129860009.png,data/extracted_fish/Acanthurus/Acanthurus_olivaceus/001_gbif_6129860009_mask.png
Acanthurus/Acanthurus_olivaceus/002_gbif_6130106446.jpg,flagged,multiple_fish,,,,
Acanthurus/Acanthurus_olivaceus/003_gbif_6178451723.jpg,accepted,ok,0.7578528523445129,0.16027379664500566,data/extracted_fish/Acanthurus/Acanthurus_olivaceus/003_gbif_6178451723.png,data/extracted_fish/Acanthurus/Acanthurus_olivaceus/003_gbif_6178451723_mask.png
Acanthurus/Acanthurus_olivaceus/004_gbif_6179327739.jpg,accepted,ok,0.8537672162055969,0.08497496962160953,data/extracted_fish/Acanthurus/Acanthurus_olivaceus/004_gbif_6179327739.png,data/extracted_fish/Acanthurus/Acanthurus_olivaceus/004_gbif_6179327739_mask.png
Acanthurus/Acanthurus_olivaceus/005_gbif_6131631882.jpg,flagged,box_too_small,0.8881406188011169,0.33649797867316045,,
Acanthurus/Acanthurus_olivaceus/006_gbif_6413457891.jpg,accepted,ok,0.881992518901825,0.07515805558359286,data/extracted_fish/Acanthurus/Acanthurus_olivaceus/006_gbif_6413457891.png,data/extracted_fish/Acanthurus/Acanthurus_olivaceus/006_gbif_6413457891_mask.png
Acanthurus/Acanthurus_olivaceus/007_gbif_6413624590.jpg,accepted,ok,0.8477518558502197,0.07765774119764808,data/extracted_fish/Acanthurus/Acanthurus_olivaceus/007_gbif_6413624590.png,data/extracted_fish/Acanthurus/Acanthurus_olivaceus/007_gbif_6413624590_mask.png
Acanthurus/Acanthurus_olivaceus/008_gbif_6133465173.jpg,flagged,multiple_fish,,,,
Acanthurus/Acanthurus_olivaceus/009_gbif_6131666633.jpg,accepted,ok,0.8639723062515259,0.11404216860064825,data/extracted_fish/Acanthurus/Acanthurus_olivaceus/009_gbif_6131666633.png,data/extracted_fish/Acanthurus/Acanthurus_olivaceus/009_gbif_6131666633_mask.png
Acanthurus/Acanthurus_olivaceus/010_gbif_6163035293.jpg,accepted,ok,0.8664436936378479,0.22826229585358945,data/extracted_fish/Acanthurus/Acanthurus_olivaceus/010_gbif_6163035293.png,data/extracted_fish/Acanthurus/Acanthurus_olivaceus/010_gbif_6163035293_mask.png
Acanthurus/Acanthurus_olivaceus/011_gbif_6133240576.jpg,flagged,multiple_fish,,,,
Acanthurus/Acanthurus_olivaceus/012_gbif_6133426909.jpg,accepted,ok,0.8458470702171326,0.03044864040540916,data/extracted_fish/Acanthurus/Acanthurus_olivaceus/012_gbif_6133426909.png,data/extracted_fish/Acanthurus/Acanthurus_olivaceus/012_gbif_6133426909_mask.png
Acanthurus/Acanthurus_olivaceus/013_gbif_6178400049.jpg,flagged,multiple_fish,,,,
Acanthurus/Acanthurus_olivaceus/014_gbif_6178889350.jpg,flagged,multiple_fish,,,,
Acanthurus/Acanthurus_olivaceus/015_gbif_6133434499.jpg,flagged,multiple_fish,,,,
Acanthurus/Acanthurus_olivaceus/016_gbif_6159261945.jpg,accepted,ok,0.7353653907775879,0.1082253122267138,data/extracted_fish/Acanthurus/Acanthurus_olivaceus/016_gbif_6159261945.png,data/extracted_fish/Acanthurus/Acanthurus_olivaceus/016_gbif_6159261945_mask.png
Acanthurus/Acanthurus_olivaceus/017_gbif_6171128774.jpg,accepted,ok,0.5071598887443542,0.10221955793466692,data/extracted_fish/Acanthurus/Acanthurus_olivaceus/017_gbif_6171128774.png,data/extracted_fish/Acanthurus/Acanthurus_olivaceus/017_gbif_6171128774_mask.png
Acanthurus/Acanthurus_olivaceus/018_gbif_6159380586.jpg,accepted,ok,0.852730393409729,0.31842317405407167,data/extracted_fish/Acanthurus/Acanthurus_olivaceus/018_gbif_6159380586.png,data/extracted_fish/Acanthurus/Acanthurus_olivaceus/018_gbif_6159380586_mask.png
Acanthurus/Acanthurus_olivaceus/019_gbif_6178353357.jpg,flagged,multiple_fish,,,,
Acanthurus/Acanthurus_olivaceus/020_gbif_6163090414.jpg,accepted,ok,0.8417378664016724,0.1291922147767428,data/extracted_fish/Acanthurus/Acanthurus_olivaceus/020_gbif_6163090414.png,data/extracted_fish/Acanthurus/Acanthurus_olivaceus/020_gbif_6163090414_mask.png
Acanthurus/Acanthurus_olivaceus/021_gbif_6178731842.jpg,accepted,ok,0.7587845921516418,0.07795574053461418,data/extracted_fish/Acanthurus/Acanthurus_olivaceus/021_gbif_6178731842.png,data/extracted_fish/Acanthurus/Acanthurus_olivaceus/021_gbif_6178731842_mask.png
Acanthurus/Acanthurus_olivaceus/022_gbif_6178849864.jpg,accepted,ok,0.7789890766143799,0.15989260049306983,data/extracted_fish/Acanthurus/Acanthurus_olivaceus/022_gbif_6178849864.png,data/extracted_fish/Acanthurus/Acanthurus_olivaceus/022_gbif_6178849864_mask.png
Acanthurus/Acanthurus_olivaceus/023_gbif_6178889676.jpg,accepted,ok,0.8486626744270325,0.16535052864232314,data/extracted_fish/Acanthurus/Acanthurus_olivaceus/023_gbif_6178889676.png,data/extracted_fish/Acanthurus/Acanthurus_olivaceus/023_gbif_6178889676_mask.png
Acanthurus/Acanthurus_olivaceus/024_gbif_6179187571.jpg,accepted,ok,0.8556078672409058,0.11953571893013155,data/extracted_fish/Acanthurus/Acanthurus_olivaceus/024_gbif_6179187571.png,data/extracted_fish/Acanthurus/Acanthurus_olivaceus/024_gbif_6179187571_mask.png
Acanthurus/Acanthurus_pyroferus/000_reference.jpg,accepted,ok,0.8407047390937805,0.06593181761603606,data/extracted_fish/Acanthurus/Acanthurus_pyroferus/000_reference.png,data/extracted_fish/Acanthurus/Acanthurus_pyroferus/000_reference_mask.png
Acanthurus/Acanthurus_pyroferus/001_gbif_6129834391.jpg,flagged,box_too_small,0.7643167972564697,0.2764198893925035,,
Acanthurus/Acanthurus_pyroferus/002_gbif_6130270764.jpg,flagged,multiple_fish,,,,
Acanthurus/Acanthurus_pyroferus/003_gbif_6130489014.jpg,flagged,multiple_fish,,,,
Acanthurus/Acanthurus_pyroferus/004_gbif_6130716997.jpg,accepted,ok,0.8035961985588074,0.01819161528471645,data/extracted_fish/Acanthurus/Acanthurus_pyroferus/004_gbif_6130716997.png,data/extracted_fish/Acanthurus/Acanthurus_pyroferus/004_gbif_6130716997_mask.png
Acanthurus/Acanthurus_pyroferus/005_gbif_6130862367.jpg,accepted,ok,0.7618566155433655,0.01661388940534398,data/extracted_fish/Acanthurus/Acanthurus_pyroferus/005_gbif_6130862367.png,data/extracted_fish/Acanthurus/Acanthurus_pyroferus/005_gbif_6130862367_mask.png
Acanthurus/Acanthurus_pyroferus/006_gbif_6131037588.jpg,accepted,ok,0.8678918480873108,0.015913666690659075,data/extracted_fish/Acanthurus/Acanthurus_pyroferus/006_gbif_6131037588.png,data/extracted_fish/Acanthurus/Acanthurus_pyroferus/006_gbif_6131037588_mask.png
Acanthurus/Acanthurus_pyroferus/007_gbif_6131535252.jpg,flagged,multiple_fish,,,,
Acanthurus/Acanthurus_pyroferus/008_gbif_6147268697.jpg,flagged,multiple_fish,,,,
Acanthurus/Acanthurus_pyroferus/009_gbif_6147513780.jpg,flagged,multiple_fish,,,,
Acanthurus/Acanthurus_pyroferus/010_gbif_6147296356.jpg,accepted,ok,0.8778390288352966,0.03098797421485334,data/extracted_fish/Acanthurus/Acanthurus_pyroferus/010_gbif_6147296356.png,data/extracted_fish/Acanthurus/Acanthurus_pyroferus/010_gbif_6147296356_mask.png
Acanthurus/Acanthurus_pyroferus/011_gbif_6159287416.jpg,accepted,ok,0.8121138215065002,0.08037249445360187,data/extracted_fish/Acanthurus/Acanthurus_pyroferus/011_gbif_6159287416.png,data/extracted_fish/Acanthurus/Acanthurus_pyroferus/011_gbif_6159287416_mask.png
Acanthurus/Acanthurus_pyroferus/012_gbif_6159387608.jpg,accepted,ok,0.8566030859947205,0.07982752638479038,data/extracted_fish/Acanthurus/Acanthurus_pyroferus/012_gbif_6159387608.png,data/extracted_fish/Acanthurus/Acanthurus_pyroferus/012_gbif_6159387608_mask.png
Acanthurus/Acanthurus_pyroferus/013_gbif_6159662081.jpg,flagged,off_center,0.5653170347213745,0.382332066568065,,
Acanthurus/Acanthurus_pyroferus/014_gbif_6162765718.jpg,flagged,multiple_fish,,,,
Acanthurus/Acanthurus_pyroferus/015_gbif_6163164787.jpg,accepted,ok,0.8973656296730042,0.08853605559787528,data/extracted_fish/Acanthurus/Acanthurus_pyroferus/015_gbif_6163164787.png,data/extracted_fish/Acanthurus/Acanthurus_pyroferus/015_gbif_6163164787_mask.png
Acanthurus/Acanthurus_pyroferus/016_gbif_6163278980.jpg,flagged,multiple_fish,,,,
Acanthurus/Acanthurus_pyroferus/017_gbif_6171015546.jpg,accepted,ok,0.7593055963516235,0.11551914837864648,data/extracted_fish/Acanthurus/Acanthurus_pyroferus/017_gbif_6171015546.png,data/extracted_fish/Acanthurus/Acanthurus_pyroferus/017_gbif_6171015546_mask.png
Acanthurus/Acanthurus_pyroferus/018_gbif_6178522351.jpg,accepted,ok,0.7985463738441467,0.07923612247604861,data/extracted_fish/Acanthurus/Acanthurus_pyroferus/018_gbif_6178522351.png,data/extracted_fish/Acanthurus/Acanthurus_pyroferus/018_gbif_6178522351_mask.png
Acanthurus/Acanthurus_pyroferus/019_gbif_6178438804.jpg,flagged,multiple_fish,,,,
Acanthurus/Acanthurus_pyroferus/020_gbif_6178526652.jpg,flagged,multiple_fish,,,,
Acanthurus/Acanthurus_pyroferus/021_gbif_6179295634.jpg,flagged,multiple_fish,,,,
Acanthurus/Acanthurus_pyroferus/022_gbif_6179344278.jpg,flagged,multiple_fish,,,,
Acanthurus/Acanthurus_pyroferus/023_gbif_6179427440.jpg,flagged,multiple_fish,,,,
Acanthurus/Acanthurus_pyroferus/024_gbif_6179474992.jpg,flagged,multiple_fish,,,,
Acanthurus/Acanthurus_sohal/000_reference.jpeg,accepted,ok,0.90308678150177,0.05652132559849295,data/extracted_fish/Acanthurus/Acanthurus_sohal/000_reference.png,data/extracted_fish/Acanthurus/Acanthurus_sohal/000_reference_mask.png
Acanthurus/Acanthurus_sohal/001_gbif_5938354441.jpg,accepted,ok,0.8698700070381165,0.22053550225928004,data/extracted_fish/Acanthurus/Acanthurus_sohal/001_gbif_5938354441.png,data/extracted_fish/Acanthurus/Acanthurus_sohal/001_gbif_5938354441_mask.png
Acanthurus/Acanthurus_sohal/002_gbif_6129838368.jpg,flagged,multiple_fish,,,,
Acanthurus/Acanthurus_sohal/003_gbif_6130043535.jpg,flagged,multiple_fish,,,,
Acanthurus/Acanthurus_sohal/004_gbif_6130089347.jpg,flagged,multiple_fish,,,,
Acanthurus/Acanthurus_sohal/005_gbif_6130118478.jpg,flagged,multiple_fish,,,,
Acanthurus/Acanthurus_sohal/006_gbif_6130244679.jpg,flagged,multiple_fish,,,,
Acanthurus/Acanthurus_sohal/007_gbif_6130597396.jpg,accepted,ok,0.8767342567443848,0.11016560043034228,data/extracted_fish/Acanthurus/Acanthurus_sohal/007_gbif_6130597396.png,data/extracted_fish/Acanthurus/Acanthurus_sohal/007_gbif_6130597396_mask.png
Acanthurus/Acanthurus_sohal/008_gbif_6130700237.jpg,flagged,multiple_fish,,,,
Acanthurus/Acanthurus_sohal/009_gbif_6130719274.jpg,flagged,multiple_fish,,,,
Acanthurus/Acanthurus_sohal/010_gbif_6130992858.jpg,flagged,multiple_fish,,,,
Acanthurus/Acanthurus_sohal/011_gbif_6131003123.jpg,accepted,ok,0.8211875557899475,0.031512886558101944,data/extracted_fish/Acanthurus/Acanthurus_sohal/011_gbif_6131003123.png,data/extracted_fish/Acanthurus/Acanthurus_sohal/011_gbif_6131003123_mask.png
Acanthurus/Acanthurus_sohal/012_gbif_6131006132.jpg,accepted,ok,0.8609658479690552,0.152690499640145,data/extracted_fish/Acanthurus/Acanthurus_sohal/012_gbif_6131006132.png,data/extracted_fish/Acanthurus/Acanthurus_sohal/012_gbif_6131006132_mask.png
Acanthurus/Acanthurus_sohal/013_gbif_6131087218.jpg,accepted,ok,0.8646750450134277,0.07505277316187065,data/extracted_fish/Acanthurus/Acanthurus_sohal/013_gbif_6131087218.png,data/extracted_fish/Acanthurus/Acanthurus_sohal/013_gbif_6131087218_mask.png
Acanthurus/Acanthurus_sohal/014_gbif_6131165795.jpg,accepted,ok,0.9214549660682678,0.22306710559540535,data/extracted_fish/Acanthurus/Acanthurus_sohal/014_gbif_6131165795.png,data/extracted_fish/Acanthurus/Acanthurus_sohal/014_gbif_6131165795_mask.png
Acanthurus/Acanthurus_sohal/015_gbif_6131233874.jpg,flagged,multiple_fish,,,,
Acanthurus/Acanthurus_sohal/016_gbif_6131238380.jpg,flagged,multiple_fish,,,,
Acanthurus/Acanthurus_sohal/017_gbif_6131525259.jpg,flagged,multiple_fish,,,,
Acanthurus/Acanthurus_sohal/018_gbif_6131579061.jpg,accepted,ok,0.9067362546920776,0.10263813073113649,data/extracted_fish/Acanthurus/Acanthurus_sohal/018_gbif_6131579061.png,data/extracted_fish/Acanthurus/Acanthurus_sohal/018_gbif_6131579061_mask.png
Acanthurus/Acanthurus_sohal/019_gbif_6133036965.jpg,flagged,multiple_fish,,,,
Acanthurus/Acanthurus_sohal/020_gbif_6133109949.jpg,flagged,multiple_fish,,,,
Acanthurus/Acanthurus_sohal/021_gbif_6133200826.jpg,flagged,multiple_fish,,,,
Acanthurus/Acanthurus_sohal/022_gbif_6133229711.jpg,flagged,multiple_fish,,,,
Acanthurus/Acanthurus_sohal/023_gbif_6133264969.jpg,flagged,multiple_fish,,,,
Acanthurus/Acanthurus_sohal/024_gbif_6133335300.jpg,flagged,multiple_fish,,,,
Acanthurus/Acanthurus_tennentii/000_reference.jpeg,accepted,ok,0.8929671049118042,0.03248573998588019,data/extracted_fish/Acanthurus/Acanthurus_tennentii/000_reference.png,data/extracted_fish/Acanthurus/Acanthurus_tennentii/000_reference_mask.png
Acanthurus/Acanthurus_tennentii/001_gbif_6129908624.jpg,accepted,ok,0.896615207195282,0.16994408015795617,data/extracted_fish/Acanthurus/Acanthurus_tennentii/001_gbif_6129908624.png,data/extracted_fish/Acanthurus/Acanthurus_tennentii/001_gbif_6129908624_mask.png
Acanthurus/Acanthurus_tennentii/002_gbif_6235388992.jpg,flagged,multiple_fish,,,,
Acanthurus/Acanthurus_tennentii/003_gbif_6179540468.jpg,accepted,ok,0.8199363946914673,0.061360324569777254,data/extracted_fish/Acanthurus/Acanthurus_tennentii/003_gbif_6179540468.png,data/extracted_fish/Acanthurus/Acanthurus_tennentii/003_gbif_6179540468_mask.png
Acanthurus/Acanthurus_tennentii/004_gbif_6334067774.jpg,flagged,multiple_fish,,,,
Acanthurus/Acanthurus_tennentii/005_gbif_6422201755.jpg,flagged,multiple_fish,,,,
Acanthurus/Acanthurus_tennentii/006_gbif_5077072764.jpeg,accepted,ok,0.6982678174972534,0.3087484280404477,data/extracted_fish/Acanthurus/Acanthurus_tennentii/006_gbif_5077072764.png,data/extracted_fish/Acanthurus/Acanthurus_tennentii/006_gbif_5077072764_mask.png
Acanthurus/Acanthurus_tennentii/007_gbif_5087395495.jpg,accepted,ok,0.8046767115592957,0.1307964222858911,data/extracted_fish/Acanthurus/Acanthurus_tennentii/007_gbif_5087395495.png,data/extracted_fish/Acanthurus/Acanthurus_tennentii/007_gbif_5087395495_mask.png
Acanthurus/Acanthurus_tennentii/008_gbif_5108364528.jpeg,accepted,ok,0.814742386341095,0.05199625305565231,data/extracted_fish/Acanthurus/Acanthurus_tennentii/008_gbif_5108364528.png,data/extracted_fish/Acanthurus/Acanthurus_tennentii/008_gbif_5108364528_mask.png
Acanthurus/Acanthurus_tennentii/009_gbif_6185323657.jpg,flagged,multiple_fish,,,,
Acanthurus/Acanthurus_tennentii/010_gbif_6400002781.jpg,accepted,ok,0.8424401879310608,0.054975500615274536,data/extracted_fish/Acanthurus/Acanthurus_tennentii/010_gbif_6400002781.png,data/extracted_fish/Acanthurus/Acanthurus_tennentii/010_gbif_6400002781_mask.png
Acanthurus/Acanthurus_tennentii/011_gbif_6400143229.jpg,accepted,ok,0.41406044363975525,0.02707807811831342,data/extracted_fish/Acanthurus/Acanthurus_tennentii/011_gbif_6400143229.png,data/extracted_fish/Acanthurus/Acanthurus_tennentii/011_gbif_6400143229_mask.png
Acanthurus/Acanthurus_tennentii/012_gbif_5134378358.jpg,accepted,ok,0.8618893027305603,0.08633134219238843,data/extracted_fish/Acanthurus/Acanthurus_tennentii/012_gbif_5134378358.png,data/extracted_fish/Acanthurus/Acanthurus_tennentii/012_gbif_5134378358_mask.png
Acanthurus/Acanthurus_tennentii/013_gbif_5140787384.jpg,flagged,multiple_fish,,,,
Acanthurus/Acanthurus_tennentii/014_gbif_5153240362.jpg,flagged,multiple_fish,,,,
Acanthurus/Acanthurus_tennentii/015_gbif_5828909131.jpg,flagged,multiple_fish,,,,
Acanthurus/Acanthurus_tennentii/016_gbif_5217157277.jpg,flagged,multiple_fish,,,,
Acanthurus/Acanthurus_tennentii/017_gbif_5215860730.jpg,flagged,multiple_fish,,,,
Acanthurus/Acanthurus_tennentii/018_gbif_5828049922.jpg,accepted,ok,0.9139931201934814,0.053909087864489204,data/extracted_fish/Acanthurus/Acanthurus_tennentii/018_gbif_5828049922.png,data/extracted_fish/Acanthurus/Acanthurus_tennentii/018_gbif_5828049922_mask.png
Acanthurus/Acanthurus_tennentii/019_gbif_5216532707.jpg,flagged,multiple_fish,,,,
Acanthurus/Acanthurus_tennentii/020_gbif_5837767757.jpg,accepted,ok,0.8898847699165344,0.07618635863463724,data/extracted_fish/Acanthurus/Acanthurus_tennentii/020_gbif_5837767757.png,data/extracted_fish/Acanthurus/Acanthurus_tennentii/020_gbif_5837767757_mask.png
Acanthurus/Acanthurus_tennentii/021_gbif_6131599327.jpg,accepted,ok,0.6348575949668884,0.1469496761424753,data/extracted_fish/Acanthurus/Acanthurus_tennentii/021_gbif_6131599327.png,data/extracted_fish/Acanthurus/Acanthurus_tennentii/021_gbif_6131599327_mask.png
Acanthurus/Acanthurus_tennentii/022_gbif_5840206051.jpg,flagged,multiple_fish,,,,
Acanthurus/Acanthurus_tennentii/023_gbif_5920386740.jpg,flagged,multiple_fish,,,,
Acanthurus/Acanthurus_tennentii/024_gbif_6431688337.jpg,accepted,ok,0.8457857370376587,0.20536570260673553,data/extracted_fish/Acanthurus/Acanthurus_tennentii/024_gbif_6431688337.png,data/extracted_fish/Acanthurus/Acanthurus_tennentii/024_gbif_6431688337_mask.png
Acanthurus/Acanthurus_tractus/000_reference.jpeg,accepted,ok,0.8867393136024475,0.10338245089944448,data/extracted_fish/Acanthurus/Acanthurus_tractus/000_reference.png,data/extracted_fish/Acanthurus/Acanthurus_tractus/000_reference_mask.png
Acanthurus/Acanthurus_tractus/001_gbif_5938051346.jpg,flagged,multiple_fish,,,,
Acanthurus/Acanthurus_tractus/002_gbif_5938348998.jpg,accepted,ok,0.9032222628593445,0.11123511115531609,data/extracted_fish/Acanthurus/Acanthurus_tractus/002_gbif_5938348998.png,data/extracted_fish/Acanthurus/Acanthurus_tractus/002_gbif_5938348998_mask.png
Acanthurus/Acanthurus_tractus/003_gbif_5938680425.jpg,accepted,ok,0.8354294300079346,0.06403818777508292,data/extracted_fish/Acanthurus/Acanthurus_tractus/003_gbif_5938680425.png,data/extracted_fish/Acanthurus/Acanthurus_tractus/003_gbif_5938680425_mask.png
Acanthurus/Acanthurus_tractus/004_gbif_5938715894.jpg,flagged,box_too_small,0.7923061847686768,0.10351297565086934,,
Acanthurus/Acanthurus_tractus/005_gbif_6129882465.jpg,flagged,multiple_fish,,,,
Acanthurus/Acanthurus_tractus/006_gbif_6129891362.jpg,flagged,box_too_small,0.7553157806396484,0.054808505593788734,,
Acanthurus/Acanthurus_tractus/007_gbif_6129898385.jpg,accepted,ok,0.7497652769088745,0.06691974473399122,data/extracted_fish/Acanthurus/Acanthurus_tractus/007_gbif_6129898385.png,data/extracted_fish/Acanthurus/Acanthurus_tractus/007_gbif_6129898385_mask.png
Acanthurus/Acanthurus_tractus/008_gbif_6130129856.jpg,flagged,multiple_fish,,,,
Acanthurus/Acanthurus_tractus/009_gbif_6130693787.jpg,accepted,ok,0.8902603387832642,0.2968645674987037,data/extracted_fish/Acanthurus/Acanthurus_tractus/009_gbif_6130693787.png,data/extracted_fish/Acanthurus/Acanthurus_tractus/009_gbif_6130693787_mask.png
Acanthurus/Acanthurus_tractus/010_gbif_6130153277.jpg,accepted,ok,0.8894164562225342,0.08230943706199305,data/extracted_fish/Acanthurus/Acanthurus_tractus/010_gbif_6130153277.png,data/extracted_fish/Acanthurus/Acanthurus_tractus/010_gbif_6130153277_mask.png
Acanthurus/Acanthurus_tractus/011_gbif_6130819724.jpg,flagged,multiple_fish,,,,
Acanthurus/Acanthurus_tractus/012_gbif_6130862364.jpg,flagged,multiple_fish,,,,
Acanthurus/Acanthurus_tractus/013_gbif_6130285581.jpg,flagged,box_too_small,0.86711585521698,0.18912841863773444,,
Acanthurus/Acanthurus_tractus/014_gbif_6130903018.jpg,flagged,off_center,0.896930992603302,0.36288907986117813,,
Acanthurus/Acanthurus_tractus/015_gbif_6130554762.jpg,accepted,ok,0.9224803447723389,0.09282777945915846,data/extracted_fish/Acanthurus/Acanthurus_tractus/015_gbif_6130554762.png,data/extracted_fish/Acanthurus/Acanthurus_tractus/015_gbif_6130554762_mask.png
Acanthurus/Acanthurus_tractus/016_gbif_6130910244.jpg,flagged,box_too_small,0.8522167205810547,0.26555973709364217,,
Acanthurus/Acanthurus_tractus/017_gbif_6131378145.jpg,flagged,multiple_fish,,,,
Acanthurus/Acanthurus_tractus/018_gbif_6130600514.jpg,flagged,multiple_fish,,,,
Acanthurus/Acanthurus_tractus/019_gbif_6131610631.jpg,accepted,ok,0.7683426737785339,0.023530827520367253,data/extracted_fish/Acanthurus/Acanthurus_tractus/019_gbif_6131610631.png,data/extracted_fish/Acanthurus/Acanthurus_tractus/019_gbif_6131610631_mask.png
Acanthurus/Acanthurus_tractus/020_gbif_6131670435.jpg,accepted,ok,0.8580201268196106,0.14905831135129707,data/extracted_fish/Acanthurus/Acanthurus_tractus/020_gbif_6131670435.png,data/extracted_fish/Acanthurus/Acanthurus_tractus/020_gbif_6131670435_mask.png
Acanthurus/Acanthurus_tractus/021_gbif_6130663251.jpg,accepted,ok,0.9243360757827759,0.1712788829740061,data/extracted_fish/Acanthurus/Acanthurus_tractus/021_gbif_6130663251.png,data/extracted_fish/Acanthurus/Acanthurus_tractus/021_gbif_6130663251_mask.png
Acanthurus/Acanthurus_tractus/022_gbif_6131554490.jpg,accepted,ok,0.8663051128387451,0.11449999127206699,data/extracted_fish/Acanthurus/Acanthurus_tractus/022_gbif_6131554490.png,data/extracted_fish/Acanthurus/Acanthurus_tractus/022_gbif_6131554490_mask.png
Acanthurus/Acanthurus_tractus/023_gbif_6133099101.jpg,flagged,box_too_small,0.8412519097328186,0.0547851059325408,,
Acanthurus/Acanthurus_tractus/024_gbif_6133176103.jpg,accepted,ok,0.8075619339942932,0.1337625826099139,data/extracted_fish/Acanthurus/Acanthurus_tractus/024_gbif_6133176103.png,data/extracted_fish/Acanthurus/Acanthurus_tractus/024_gbif_6133176103_mask.png
Acanthurus/Acanthurus_triostegus/000_reference.jpeg,flagged,multiple_fish,,,,
Acanthurus/Acanthurus_triostegus/001_gbif_5938068992.jpg,flagged,multiple_fish,,,,
Acanthurus/Acanthurus_triostegus/002_gbif_5938136869.jpg,accepted,ok,0.8266513347625732,0.2455957034806855,data/extracted_fish/Acanthurus/Acanthurus_triostegus/002_gbif_5938136869.png,data/extracted_fish/Acanthurus/Acanthurus_triostegus/002_gbif_5938136869_mask.png
Acanthurus/Acanthurus_triostegus/003_gbif_5938241817.jpg,flagged,box_too_small,0.7854992151260376,0.08873336851468588,,
Acanthurus/Acanthurus_triostegus/004_gbif_5938286735.jpg,accepted,ok,0.8273699283599854,0.15683098965796452,data/extracted_fish/Acanthurus/Acanthurus_triostegus/004_gbif_5938286735.png,data/extracted_fish/Acanthurus/Acanthurus_triostegus/004_gbif_5938286735_mask.png
Acanthurus/Acanthurus_triostegus/005_gbif_5938440470.jpg,flagged,multiple_fish,,,,
Acanthurus/Acanthurus_triostegus/006_gbif_5938457872.jpg,flagged,box_too_small,0.8280682563781738,0.2571538156450282,,
Acanthurus/Acanthurus_triostegus/007_gbif_6129816455.jpg,flagged,multiple_fish,,,,
Acanthurus/Acanthurus_triostegus/008_gbif_6129862686.jpg,flagged,off_center,0.5064020156860352,0.5864745408307445,,
Acanthurus/Acanthurus_triostegus/009_gbif_6129886066.jpg,flagged,multiple_fish,,,,
Acanthurus/Acanthurus_triostegus/010_gbif_6129887144.jpg,flagged,multiple_fish,,,,
Acanthurus/Acanthurus_triostegus/011_gbif_6129891207.jpg,flagged,no_detection,,,,
Acanthurus/Acanthurus_triostegus/012_gbif_6129899589.jpg,flagged,box_too_small,0.7595509886741638,0.05398599267401705,,
Acanthurus/Acanthurus_triostegus/013_gbif_6129906052.jpg,accepted,ok,0.8994094133377075,0.29332542177674753,data/extracted_fish/Acanthurus/Acanthurus_triostegus/013_gbif_6129906052.png,data/extracted_fish/Acanthurus/Acanthurus_triostegus/013_gbif_6129906052_mask.png
Acanthurus/Acanthurus_triostegus/014_gbif_6129935772.jpg,flagged,multiple_fish,,,,
Acanthurus/Acanthurus_triostegus/015_gbif_6129952676.jpg,flagged,multiple_fish,,,,
Acanthurus/Acanthurus_triostegus/016_gbif_6130014861.jpg,accepted,ok,0.8208145499229431,0.1435546583367852,data/extracted_fish/Acanthurus/Acanthurus_triostegus/016_gbif_6130014861.png,data/extracted_fish/Acanthurus/Acanthurus_triostegus/016_gbif_6130014861_mask.png
Acanthurus/Acanthurus_triostegus/017_gbif_6130042286.jpg,flagged,multiple_fish,,,,
Acanthurus/Acanthurus_triostegus/018_gbif_6130109645.jpg,flagged,box_too_small,0.915008544921875,0.08437730937140947,,
Acanthurus/Acanthurus_triostegus/019_gbif_6130126677.jpg,flagged,box_too_small,0.8432762026786804,0.16167267099390997,,
Acanthurus/Acanthurus_triostegus/020_gbif_6130146954.jpg,flagged,multiple_fish,,,,
Acanthurus/Acanthurus_triostegus/021_gbif_6130198838.jpg,flagged,multiple_fish,,,,
Acanthurus/Acanthurus_triostegus/022_gbif_6130199953.jpg,flagged,multiple_fish,,,,
Acanthurus/Acanthurus_triostegus/023_gbif_6130305544.jpg,flagged,multiple_fish,,,,
Acanthurus/Acanthurus_triostegus/024_gbif_6130349880.jpg,flagged,box_too_small,0.8815329670906067,0.2836898417442405,,
Acanthurus/Acanthurus_tristis/000_reference.jpeg,accepted,ok,0.9223029017448425,0.017975273741929188,data/extracted_fish/Acanthurus/Acanthurus_tristis/000_reference.png,data/extracted_fish/Acanthurus/Acanthurus_tristis/000_reference_mask.png
Acanthurus/Acanthurus_tristis/001_gbif_6178861558.jpg,accepted,ok,0.8089213371276855,0.07011578174343551,data/extracted_fish/Acanthurus/Acanthurus_tristis/001_gbif_6178861558.png,data/extracted_fish/Acanthurus/Acanthurus_tristis/001_gbif_6178861558_mask.png
Acanthurus/Acanthurus_tristis/002_gbif_6159660646.jpg,flagged,box_too_small,0.6008764505386353,0.24111300233591143,,
Acanthurus/Acanthurus_tristis/003_gbif_6185319098.jpg,flagged,multiple_fish,,,,
Acanthurus/Acanthurus_tristis/004_gbif_6441168825.jpg,flagged,multiple_fish,,,,
Acanthurus/Acanthurus_tristis/005_gbif_5076925129.jpeg,flagged,multiple_fish,,,,
Acanthurus/Acanthurus_tristis/006_gbif_5897434491.jpg,flagged,multiple_fish,,,,
Acanthurus/Acanthurus_tristis/007_gbif_5077199435.jpeg,flagged,multiple_fish,,,,
Acanthurus/Acanthurus_tristis/008_gbif_5134272207.jpeg,flagged,multiple_fish,,,,
Acanthurus/Acanthurus_tristis/009_gbif_5134315205.jpeg,flagged,multiple_fish,,,,
Acanthurus/Acanthurus_tristis/010_gbif_5828395097.jpg,accepted,ok,0.8885979652404785,0.07063888388537602,data/extracted_fish/Acanthurus/Acanthurus_tristis/010_gbif_5828395097.png,data/extracted_fish/Acanthurus/Acanthurus_tristis/010_gbif_5828395097_mask.png
Acanthurus/Acanthurus_tristis/011_gbif_5936197355.jpg,accepted,ok,0.8558984994888306,0.07465222341917908,data/extracted_fish/Acanthurus/Acanthurus_tristis/011_gbif_5936197355.png,data/extracted_fish/Acanthurus/Acanthurus_tristis/011_gbif_5936197355_mask.png
Acanthurus/Acanthurus_tristis/012_gbif_6333866913.jpg,accepted,ok,0.8859966993331909,0.06395598291230731,data/extracted_fish/Acanthurus/Acanthurus_tristis/012_gbif_6333866913.png,data/extracted_fish/Acanthurus/Acanthurus_tristis/012_gbif_6333866913_mask.png
Acanthurus/Acanthurus_tristis/013_gbif_4522810612.jpeg,flagged,multiple_fish,,,,
Acanthurus/Acanthurus_tristis/014_gbif_4926307452.jpg,accepted,ok,0.5314627289772034,0.14860088398092847,data/extracted_fish/Acanthurus/Acanthurus_tristis/014_gbif_4926307452.png,data/extracted_fish/Acanthurus/Acanthurus_tristis/014_gbif_4926307452_mask.png
Acanthurus/Acanthurus_tristis/015_gbif_4976242777.jpeg,accepted,ok,0.8262262344360352,0.050877124142188083,data/extracted_fish/Acanthurus/Acanthurus_tristis/015_gbif_4976242777.png,data/extracted_fish/Acanthurus/Acanthurus_tristis/015_gbif_4976242777_mask.png
Acanthurus/Acanthurus_tristis/016_gbif_5008009570.jpg,accepted,ok,0.4253985583782196,0.13106359435207898,data/extracted_fish/Acanthurus/Acanthurus_tristis/016_gbif_5008009570.png,data/extracted_fish/Acanthurus/Acanthurus_tristis/016_gbif_5008009570_mask.png
Acanthurus/Acanthurus_tristis/017_gbif_5897229589.jpg,flagged,multiple_fish,,,,
Acanthurus/Acanthurus_tristis/018_gbif_5008190987.jpg,accepted,ok,0.8848956227302551,0.0543477905977742,data/extracted_fish/Acanthurus/Acanthurus_tristis/018_gbif_5008190987.png,data/extracted_fish/Acanthurus/Acanthurus_tristis/018_gbif_5008190987_mask.png
Acanthurus/Acanthurus_tristis/019_gbif_3892375696.jpeg,flagged,multiple_fish,,,,
Acanthurus/Acanthurus_tristis/020_gbif_3892431548.jpeg,flagged,multiple_fish,,,,
Acanthurus/Acanthurus_tristis/021_gbif_3986267085.jpg,accepted,ok,0.806846022605896,0.0704200609806133,data/extracted_fish/Acanthurus/Acanthurus_tristis/021_gbif_3986267085.png,data/extracted_fish/Acanthurus/Acanthurus_tristis/021_gbif_3986267085_mask.png
Acanthurus/Acanthurus_tristis/022_gbif_4121098204.jpg,accepted,ok,0.787941038608551,0.014087377351001334,data/extracted_fish/Acanthurus/Acanthurus_tristis/022_gbif_4121098204.png,data/extracted_fish/Acanthurus/Acanthurus_tristis/022_gbif_4121098204_mask.png
Acanthurus/Acanthurus_tristis/023_gbif_4011648109.jpg,flagged,multiple_fish,,,,
Acanthurus/Acanthurus_tristis/024_gbif_6171068251.jpg,accepted,ok,0.8227116465568542,0.0767547136110567,data/extracted_fish/Acanthurus/Acanthurus_tristis/024_gbif_6171068251.png,data/extracted_fish/Acanthurus/Acanthurus_tristis/024_gbif_6171068251_mask.png
Acanthurus/Acanthurus_xanthopterus/000_reference.jpeg,accepted,ok,0.8783919811248779,0.04158934609268203,data/extracted_fish/Acanthurus/Acanthurus_xanthopterus/000_reference.png,data/extracted_fish/Acanthurus/Acanthurus_xanthopterus/000_reference_mask.png
Acanthurus/Acanthurus_xanthopterus/001_gbif_6129998921.jpg,accepted,ok,0.8994898200035095,0.1128243305341542,data/extracted_fish/Acanthurus/Acanthurus_xanthopterus/001_gbif_6129998921.png,data/extracted_fish/Acanthurus/Acanthurus_xanthopterus/001_gbif_6129998921_mask.png
Acanthurus/Acanthurus_xanthopterus/002_gbif_6130161051.jpg,accepted,ok,0.8812092542648315,0.04206433225032321,data/extracted_fish/Acanthurus/Acanthurus_xanthopterus/002_gbif_6130161051.png,data/extracted_fish/Acanthurus/Acanthurus_xanthopterus/002_gbif_6130161051_mask.png
Acanthurus/Acanthurus_xanthopterus/003_gbif_6130186683.jpg,accepted,ok,0.8547651767730713,0.25877832324407885,data/extracted_fish/Acanthurus/Acanthurus_xanthopterus/003_gbif_6130186683.png,data/extracted_fish/Acanthurus/Acanthurus_xanthopterus/003_gbif_6130186683_mask.png
Acanthurus/Acanthurus_xanthopterus/004_gbif_6130673386.jpg,flagged,multiple_fish,,,,
Acanthurus/Acanthurus_xanthopterus/005_gbif_6130945270.jpg,accepted,ok,0.8295677900314331,0.04585086523778545,data/extracted_fish/Acanthurus/Acanthurus_xanthopterus/005_gbif_6130945270.png,data/extracted_fish/Acanthurus/Acanthurus_xanthopterus/005_gbif_6130945270_mask.png
Acanthurus/Acanthurus_xanthopterus/006_gbif_6131168371.jpg,accepted,ok,0.9024308323860168,0.16223779427289195,data/extracted_fish/Acanthurus/Acanthurus_xanthopterus/006_gbif_6131168371.png,data/extracted_fish/Acanthurus/Acanthurus_xanthopterus/006_gbif_6131168371_mask.png
Acanthurus/Acanthurus_xanthopterus/007_gbif_6131325549.jpg,accepted,ok,0.8197631239891052,0.01588281063502898,data/extracted_fish/Acanthurus/Acanthurus_xanthopterus/007_gbif_6131325549.png,data/extracted_fish/Acanthurus/Acanthurus_xanthopterus/007_gbif_6131325549_mask.png
Acanthurus/Acanthurus_xanthopterus/008_gbif_6131639866.jpg,accepted,ok,0.9014869332313538,0.17110018658708553,data/extracted_fish/Acanthurus/Acanthurus_xanthopterus/008_gbif_6131639866.png,data/extracted_fish/Acanthurus/Acanthurus_xanthopterus/008_gbif_6131639866_mask.png
Acanthurus/Acanthurus_xanthopterus/009_gbif_6131662439.jpg,accepted,ok,0.897992730140686,0.04780561597995682,data/extracted_fish/Acanthurus/Acanthurus_xanthopterus/009_gbif_6131662439.png,data/extracted_fish/Acanthurus/Acanthurus_xanthopterus/009_gbif_6131662439_mask.png
Acanthurus/Acanthurus_xanthopterus/010_gbif_6147437052.jpg,accepted,ok,0.8781110644340515,0.052892774885187246,data/extracted_fish/Acanthurus/Acanthurus_xanthopterus/010_gbif_6147437052.png,data/extracted_fish/Acanthurus/Acanthurus_xanthopterus/010_gbif_6147437052_mask.png
Acanthurus/Acanthurus_xanthopterus/011_gbif_6133269738.jpg,accepted,ok,0.9296543598175049,0.2993835315420527,data/extracted_fish/Acanthurus/Acanthurus_xanthopterus/011_gbif_6133269738.png,data/extracted_fish/Acanthurus/Acanthurus_xanthopterus/011_gbif_6133269738_mask.png
Acanthurus/Acanthurus_xanthopterus/012_gbif_6147515594.jpg,accepted,ok,0.8957756757736206,0.18937287705980455,data/extracted_fish/Acanthurus/Acanthurus_xanthopterus/012_gbif_6147515594.png,data/extracted_fish/Acanthurus/Acanthurus_xanthopterus/012_gbif_6147515594_mask.png
Acanthurus/Acanthurus_xanthopterus/013_gbif_6178652577.jpg,flagged,multiple_fish,,,,
Acanthurus/Acanthurus_xanthopterus/014_gbif_6179590189.jpg,accepted,ok,0.8243617415428162,0.006681366275247907,data/extracted_fish/Acanthurus/Acanthurus_xanthopterus/014_gbif_6179590189.png,data/extracted_fish/Acanthurus/Acanthurus_xanthopterus/014_gbif_6179590189_mask.png
Acanthurus/Acanthurus_xanthopterus/015_gbif_6147384882.jpg,accepted,ok,0.884392499923706,0.11763311738261724,data/extracted_fish/Acanthurus/Acanthurus_xanthopterus/015_gbif_6147384882.png,data/extracted_fish/Acanthurus/Acanthurus_xanthopterus/015_gbif_6147384882_mask.png
Acanthurus/Acanthurus_xanthopterus/016_gbif_6147555535.jpg,flagged,off_center,0.7087287306785583,0.3526822856874816,,
Acanthurus/Acanthurus_xanthopterus/017_gbif_6159436415.jpg,accepted,ok,0.897933304309845,0.04516883897221992,data/extracted_fish/Acanthurus/Acanthurus_xanthopterus/017_gbif_6159436415.png,data/extracted_fish/Acanthurus/Acanthurus_xanthopterus/017_gbif_6159436415_mask.png
Acanthurus/Acanthurus_xanthopterus/018_gbif_6162878488.jpg,accepted,ok,0.7277678847312927,0.048226515280189335,data/extracted_fish/Acanthurus/Acanthurus_xanthopterus/018_gbif_6162878488.png,data/extracted_fish/Acanthurus/Acanthurus_xanthopterus/018_gbif_6162878488_mask.png
Acanthurus/Acanthurus_xanthopterus/019_gbif_6159368190.jpg,accepted,ok,0.8531624674797058,0.022173327742912984,data/extracted_fish/Acanthurus/Acanthurus_xanthopterus/019_gbif_6159368190.png,data/extracted_fish/Acanthurus/Acanthurus_xanthopterus/019_gbif_6159368190_mask.png
Acanthurus/Acanthurus_xanthopterus/020_gbif_6159545729.jpg,flagged,multiple_fish,,,,
Acanthurus/Acanthurus_xanthopterus/021_gbif_6159397776.jpg,accepted,ok,0.7242658734321594,0.025908365995497208,data/extracted_fish/Acanthurus/Acanthurus_xanthopterus/021_gbif_6159397776.png,data/extracted_fish/Acanthurus/Acanthurus_xanthopterus/021_gbif_6159397776_mask.png
Acanthurus/Acanthurus_xanthopterus/022_gbif_6162780159.jpg,accepted,ok,0.6459369659423828,0.1342725796903715,data/extracted_fish/Acanthurus/Acanthurus_xanthopterus/022_gbif_6162780159.png,data/extracted_fish/Acanthurus/Acanthurus_xanthopterus/022_gbif_6162780159_mask.png
Acanthurus/Acanthurus_xanthopterus/023_gbif_6162927955.jpg,flagged,multiple_fish,,,,
Acanthurus/Acanthurus_xanthopterus/024_gbif_6162975484.jpg,flagged,multiple_fish,,,,
Ctenochaetus/Ctenochaetus_binotatus/000_reference.jpeg,accepted,ok,0.870993971824646,0.05505741800569256,data/extracted_fish/Ctenochaetus/Ctenochaetus_binotatus/000_reference.png,data/extracted_fish/Ctenochaetus/Ctenochaetus_binotatus/000_reference_mask.png
Ctenochaetus/Ctenochaetus_binotatus/001_gbif_6129916535.jpg,accepted,ok,0.9086579084396362,0.0146875688421975,data/extracted_fish/Ctenochaetus/Ctenochaetus_binotatus/001_gbif_6129916535.png,data/extracted_fish/Ctenochaetus/Ctenochaetus_binotatus/001_gbif_6129916535_mask.png
Ctenochaetus/Ctenochaetus_binotatus/002_gbif_6130090614.jpg,flagged,multiple_fish,,,,
Ctenochaetus/Ctenochaetus_binotatus/003_gbif_6130114816.jpg,accepted,ok,0.8544925451278687,0.046549474668653716,data/extracted_fish/Ctenochaetus/Ctenochaetus_binotatus/003_gbif_6130114816.png,data/extracted_fish/Ctenochaetus/Ctenochaetus_binotatus/003_gbif_6130114816_mask.png
Ctenochaetus/Ctenochaetus_binotatus/004_gbif_6130154747.jpg,accepted,ok,0.6949489116668701,0.13554960416864073,data/extracted_fish/Ctenochaetus/Ctenochaetus_binotatus/004_gbif_6130154747.png,data/extracted_fish/Ctenochaetus/Ctenochaetus_binotatus/004_gbif_6130154747_mask.png
Ctenochaetus/Ctenochaetus_binotatus/005_gbif_6130221800.jpg,flagged,multiple_fish,,,,
Ctenochaetus/Ctenochaetus_binotatus/006_gbif_6130581082.jpg,accepted,ok,0.594977617263794,0.2550205802203612,data/extracted_fish/Ctenochaetus/Ctenochaetus_binotatus/006_gbif_6130581082.png,data/extracted_fish/Ctenochaetus/Ctenochaetus_binotatus/006_gbif_6130581082_mask.png
Ctenochaetus/Ctenochaetus_binotatus/007_gbif_6130600174.jpg,accepted,ok,0.8956742882728577,0.021529415274322703,data/extracted_fish/Ctenochaetus/Ctenochaetus_binotatus/007_gbif_6130600174.png,data/extracted_fish/Ctenochaetus/Ctenochaetus_binotatus/007_gbif_6130600174_mask.png
Ctenochaetus/Ctenochaetus_binotatus/008_gbif_6130784036.jpg,accepted,ok,0.89295893907547,0.140633413768615,data/extracted_fish/Ctenochaetus/Ctenochaetus_binotatus/008_gbif_6130784036.png,data/extracted_fish/Ctenochaetus/Ctenochaetus_binotatus/008_gbif_6130784036_mask.png
Ctenochaetus/Ctenochaetus_binotatus/009_gbif_6130818806.jpg,flagged,multiple_fish,,,,
Ctenochaetus/Ctenochaetus_binotatus/010_gbif_6130971629.jpg,flagged,multiple_fish,,,,
Ctenochaetus/Ctenochaetus_binotatus/011_gbif_6131195693.jpg,flagged,multiple_fish,,,,
Ctenochaetus/Ctenochaetus_binotatus/012_gbif_6147304811.jpg,accepted,ok,0.8701643347740173,0.07114658117118097,data/extracted_fish/Ctenochaetus/Ctenochaetus_binotatus/012_gbif_6147304811.png,data/extracted_fish/Ctenochaetus/Ctenochaetus_binotatus/012_gbif_6147304811_mask.png
Ctenochaetus/Ctenochaetus_binotatus/013_gbif_6147614321.jpg,accepted,ok,0.7249957323074341,0.006384303115627208,data/extracted_fish/Ctenochaetus/Ctenochaetus_binotatus/013_gbif_6147614321.png,data/extracted_fish/Ctenochaetus/Ctenochaetus_binotatus/013_gbif_6147614321_mask.png
Ctenochaetus/Ctenochaetus_binotatus/014_gbif_6159185556.jpg,accepted,ok,0.8837341666221619,0.14781815588479855,data/extracted_fish/Ctenochaetus/Ctenochaetus_binotatus/014_gbif_6159185556.png,data/extracted_fish/Ctenochaetus/Ctenochaetus_binotatus/014_gbif_6159185556_mask.png
Ctenochaetus/Ctenochaetus_binotatus/015_gbif_6159666526.jpg,accepted,ok,0.8913697004318237,0.061838882480963496,data/extracted_fish/Ctenochaetus/Ctenochaetus_binotatus/015_gbif_6159666526.png,data/extracted_fish/Ctenochaetus/Ctenochaetus_binotatus/015_gbif_6159666526_mask.png
Ctenochaetus/Ctenochaetus_binotatus/016_gbif_6162936942.jpg,accepted,ok,0.9101632833480835,0.11038099948537823,data/extracted_fish/Ctenochaetus/Ctenochaetus_binotatus/016_gbif_6162936942.png,data/extracted_fish/Ctenochaetus/Ctenochaetus_binotatus/016_gbif_6162936942_mask.png
Ctenochaetus/Ctenochaetus_binotatus/017_gbif_6170851276.jpg,accepted,ok,0.8823046088218689,0.07208822852082039,data/extracted_fish/Ctenochaetus/Ctenochaetus_binotatus/017_gbif_6170851276.png,data/extracted_fish/Ctenochaetus/Ctenochaetus_binotatus/017_gbif_6170851276_mask.png
Ctenochaetus/Ctenochaetus_binotatus/018_gbif_6171081370.jpg,accepted,ok,0.8849564790725708,0.09367104368527465,data/extracted_fish/Ctenochaetus/Ctenochaetus_binotatus/018_gbif_6171081370.png,data/extracted_fish/Ctenochaetus/Ctenochaetus_binotatus/018_gbif_6171081370_mask.png
Ctenochaetus/Ctenochaetus_binotatus/019_gbif_6178978952.jpg,accepted,ok,0.8600631356239319,0.10667269364755808,data/extracted_fish/Ctenochaetus/Ctenochaetus_binotatus/019_gbif_6178978952.png,data/extracted_fish/Ctenochaetus/Ctenochaetus_binotatus/019_gbif_6178978952_mask.png
Ctenochaetus/Ctenochaetus_binotatus/020_gbif_6178382498.jpg,accepted,ok,0.6512990593910217,0.03956843495022398,data/extracted_fish/Ctenochaetus/Ctenochaetus_binotatus/020_gbif_6178382498.png,data/extracted_fish/Ctenochaetus/Ctenochaetus_binotatus/020_gbif_6178382498_mask.png
Ctenochaetus/Ctenochaetus_binotatus/021_gbif_6178476177.jpg,accepted,ok,0.740746021270752,0.05092404384293683,data/extracted_fish/Ctenochaetus/Ctenochaetus_binotatus/021_gbif_6178476177.png,data/extracted_fish/Ctenochaetus/Ctenochaetus_binotatus/021_gbif_6178476177_mask.png
Ctenochaetus/Ctenochaetus_binotatus/022_gbif_6178666057.jpg,accepted,ok,0.7690255045890808,0.10588310409787813,data/extracted_fish/Ctenochaetus/Ctenochaetus_binotatus/022_gbif_6178666057.png,data/extracted_fish/Ctenochaetus/Ctenochaetus_binotatus/022_gbif_6178666057_mask.png
Ctenochaetus/Ctenochaetus_binotatus/023_gbif_6178854672.jpg,accepted,ok,0.8911504745483398,0.011516271818593276,data/extracted_fish/Ctenochaetus/Ctenochaetus_binotatus/023_gbif_6178854672.png,data/extracted_fish/Ctenochaetus/Ctenochaetus_binotatus/023_gbif_6178854672_mask.png
Ctenochaetus/Ctenochaetus_binotatus/024_gbif_6179388195.jpg,accepted,ok,0.8811588883399963,0.04340093426363333,data/extracted_fish/Ctenochaetus/Ctenochaetus_binotatus/024_gbif_6179388195.png,data/extracted_fish/Ctenochaetus/Ctenochaetus_binotatus/024_gbif_6179388195_mask.png
Ctenochaetus/Ctenochaetus_cyanocheilus/000_reference.jpeg,accepted,ok,0.8277384638786316,0.02808092172618993,data/extracted_fish/Ctenochaetus/Ctenochaetus_cyanocheilus/000_reference.png,data/extracted_fish/Ctenochaetus/Ctenochaetus_cyanocheilus/000_reference_mask.png
Ctenochaetus/Ctenochaetus_cyanocheilus/001_gbif_6130261814.jpg,accepted,ok,0.9135311245918274,0.03258875704393669,data/extracted_fish/Ctenochaetus/Ctenochaetus_cyanocheilus/001_gbif_6130261814.png,data/extracted_fish/Ctenochaetus/Ctenochaetus_cyanocheilus/001_gbif_6130261814_mask.png
Ctenochaetus/Ctenochaetus_cyanocheilus/002_gbif_6130388604.jpg,accepted,ok,0.9100950360298157,0.03350584621959534,data/extracted_fish/Ctenochaetus/Ctenochaetus_cyanocheilus/002_gbif_6130388604.png,data/extracted_fish/Ctenochaetus/Ctenochaetus_cyanocheilus/002_gbif_6130388604_mask.png
Ctenochaetus/Ctenochaetus_cyanocheilus/003_gbif_6162856416.jpg,accepted,ok,0.8803922533988953,0.03103285310627039,data/extracted_fish/Ctenochaetus/Ctenochaetus_cyanocheilus/003_gbif_6162856416.png,data/extracted_fish/Ctenochaetus/Ctenochaetus_cyanocheilus/003_gbif_6162856416_mask.png
Ctenochaetus/Ctenochaetus_cyanocheilus/004_gbif_6159587548.jpg,accepted,ok,0.7962117791175842,0.029672333554104285,data/extracted_fish/Ctenochaetus/Ctenochaetus_cyanocheilus/004_gbif_6159587548.png,data/extracted_fish/Ctenochaetus/Ctenochaetus_cyanocheilus/004_gbif_6159587548_mask.png
Ctenochaetus/Ctenochaetus_cyanocheilus/005_gbif_6185884193.jpg,flagged,multiple_fish,,,,
Ctenochaetus/Ctenochaetus_cyanocheilus/006_gbif_6185910022.jpg,flagged,multiple_fish,,,,
Ctenochaetus/Ctenochaetus_cyanocheilus/007_gbif_6188666410.jpg,accepted,ok,0.8432798385620117,0.10589806374500474,data/extracted_fish/Ctenochaetus/Ctenochaetus_cyanocheilus/007_gbif_6188666410.png,data/extracted_fish/Ctenochaetus/Ctenochaetus_cyanocheilus/007_gbif_6188666410_mask.png
Ctenochaetus/Ctenochaetus_cyanocheilus/008_gbif_6234471428.jpg,flagged,multiple_fish,,,,
Ctenochaetus/Ctenochaetus_cyanocheilus/009_gbif_6234655476.jpg,flagged,multiple_fish,,,,
Ctenochaetus/Ctenochaetus_cyanocheilus/010_gbif_6235127112.jpg,flagged,multiple_fish,,,,
Ctenochaetus/Ctenochaetus_cyanocheilus/011_gbif_6188479676.jpg,accepted,ok,0.8851853609085083,0.06222222491509662,data/extracted_fish/Ctenochaetus/Ctenochaetus_cyanocheilus/011_gbif_6188479676.png,data/extracted_fish/Ctenochaetus/Ctenochaetus_cyanocheilus/011_gbif_6188479676_mask.png
Ctenochaetus/Ctenochaetus_cyanocheilus/012_gbif_6195574118.jpg,accepted,ok,0.8545771837234497,0.07756719205485127,data/extracted_fish/Ctenochaetus/Ctenochaetus_cyanocheilus/012_gbif_6195574118.png,data/extracted_fish/Ctenochaetus/Ctenochaetus_cyanocheilus/012_gbif_6195574118_mask.png
Ctenochaetus/Ctenochaetus_cyanocheilus/013_gbif_6195910429.jpg,flagged,multiple_fish,,,,
Ctenochaetus/Ctenochaetus_cyanocheilus/014_gbif_6234562857.jpg,flagged,multiple_fish,,,,
Ctenochaetus/Ctenochaetus_cyanocheilus/015_gbif_6235630536.jpg,accepted,ok,0.87123703956604,0.03084551478556377,data/extracted_fish/Ctenochaetus/Ctenochaetus_cyanocheilus/015_gbif_6235630536.png,data/extracted_fish/Ctenochaetus/Ctenochaetus_cyanocheilus/015_gbif_6235630536_mask.png
Ctenochaetus/Ctenochaetus_cyanocheilus/016_gbif_6251610278.jpg,accepted,ok,0.7033427953720093,0.07028083900859369,data/extracted_fish/Ctenochaetus/Ctenochaetus_cyanocheilus/016_gbif_6251610278.png,data/extracted_fish/Ctenochaetus/Ctenochaetus_cyanocheilus/016_gbif_6251610278_mask.png
Ctenochaetus/Ctenochaetus_cyanocheilus/017_gbif_6252369980.jpg,flagged,multiple_fish,,,,
Ctenochaetus/Ctenochaetus_cyanocheilus/018_gbif_6253251080.jpg,accepted,ok,0.8745563626289368,0.06451902211304708,data/extracted_fish/Ctenochaetus/Ctenochaetus_cyanocheilus/018_gbif_6253251080.png,data/extracted_fish/Ctenochaetus/Ctenochaetus_cyanocheilus/018_gbif_6253251080_mask.png
Ctenochaetus/Ctenochaetus_cyanocheilus/019_gbif_6333881534.jpg,accepted,ok,0.916617751121521,0.2248201719977406,data/extracted_fish/Ctenochaetus/Ctenochaetus_cyanocheilus/019_gbif_6333881534.png,data/extracted_fish/Ctenochaetus/Ctenochaetus_cyanocheilus/019_gbif_6333881534_mask.png
Ctenochaetus/Ctenochaetus_cyanocheilus/020_gbif_6334977710.jpg,flagged,multiple_fish,,,,
Ctenochaetus/Ctenochaetus_cyanocheilus/021_gbif_6251827957.jpg,flagged,multiple_fish,,,,
Ctenochaetus/Ctenochaetus_cyanocheilus/022_gbif_6273822152.jpg,flagged,multiple_fish,,,,
Ctenochaetus/Ctenochaetus_cyanocheilus/023_gbif_6320130951.jpg,flagged,multiple_fish,,,,
Ctenochaetus/Ctenochaetus_cyanocheilus/024_gbif_6400191572.jpg,flagged,multiple_fish,,,,
Ctenochaetus/Ctenochaetus_flavicauda/000_reference.jpeg,accepted,ok,0.8815399408340454,0.012869914238139908,data/extracted_fish/Ctenochaetus/Ctenochaetus_flavicauda/000_reference.png,data/extracted_fish/Ctenochaetus/Ctenochaetus_flavicauda/000_reference_mask.png
Ctenochaetus/Ctenochaetus_flavicauda/001_gbif_6252417779.jpg,flagged,multiple_fish,,,,
Ctenochaetus/Ctenochaetus_flavicauda/002_gbif_6252883709.jpg,flagged,box_too_small,0.8955603241920471,0.21753206084642476,,
Ctenochaetus/Ctenochaetus_flavicauda/003_gbif_6412953305.jpg,flagged,multiple_fish,,,,
Ctenochaetus/Ctenochaetus_flavicauda/004_gbif_6441296889.jpg,flagged,multiple_fish,,,,
Ctenochaetus/Ctenochaetus_flavicauda/005_gbif_5206697764.jpg,accepted,ok,0.8157240748405457,0.12256787162820136,data/extracted_fish/Ctenochaetus/Ctenochaetus_flavicauda/005_gbif_5206697764.png,data/extracted_fish/Ctenochaetus/Ctenochaetus_flavicauda/005_gbif_5206697764_mask.png
Ctenochaetus/Ctenochaetus_flavicauda/006_gbif_5216965925.jpg,flagged,multiple_fish,,,,
Ctenochaetus/Ctenochaetus_flavicauda/007_gbif_5217104996.jpg,flagged,multiple_fish,,,,
Ctenochaetus/Ctenochaetus_flavicauda/008_gbif_5237566648.jpg,accepted,ok,0.9259867072105408,0.09036014460719971,data/extracted_fish/Ctenochaetus/Ctenochaetus_flavicauda/008_gbif_5237566648.png,data/extracted_fish/Ctenochaetus/Ctenochaetus_flavicauda/008_gbif_5237566648_mask.png
Ctenochaetus/Ctenochaetus_flavicauda/009_gbif_5828607320.jpg,accepted,ok,0.9098075032234192,0.04647848616184512,data/extracted_fish/Ctenochaetus/Ctenochaetus_flavicauda/009_gbif_5828607320.png,data/extracted_fish/Ctenochaetus/Ctenochaetus_flavicauda/009_gbif_5828607320_mask.png
Ctenochaetus/Ctenochaetus_flavicauda/010_gbif_5292659470.jpg,flagged,multiple_fish,,,,
Ctenochaetus/Ctenochaetus_flavicauda/011_gbif_5292663486.jpg,flagged,multiple_fish,,,,
Ctenochaetus/Ctenochaetus_flavicauda/012_gbif_5868011587.jpg,flagged,multiple_fish,,,,
Ctenochaetus/Ctenochaetus_flavicauda/013_gbif_5889825037.jpg,flagged,multiple_fish,,,,
Ctenochaetus/Ctenochaetus_flavicauda/014_gbif_5932309670.jpg,flagged,no_detection,,,,
Ctenochaetus/Ctenochaetus_flavicauda/015_gbif_5839901767.jpg,flagged,off_center,0.40317627787590027,0.5232845342305001,,
Ctenochaetus/Ctenochaetus_flavicauda/016_gbif_4519290826.jpeg,flagged,multiple_fish,,,,
Ctenochaetus/Ctenochaetus_flavicauda/017_gbif_4952984893.jpeg,flagged,multiple_fish,,,,
Ctenochaetus/Ctenochaetus_flavicauda/018_gbif_3915632341.jpeg,accepted,ok,0.8679074048995972,0.07570260153472684,data/extracted_fish/Ctenochaetus/Ctenochaetus_flavicauda/018_gbif_3915632341.png,data/extracted_fish/Ctenochaetus/Ctenochaetus_flavicauda/018_gbif_3915632341_mask.png
Ctenochaetus/Ctenochaetus_flavicauda/019_gbif_4009668554.jpeg,accepted,ok,0.7650535106658936,0.05605170002379394,data/extracted_fish/Ctenochaetus/Ctenochaetus_flavicauda/019_gbif_4009668554.png,data/extracted_fish/Ctenochaetus/Ctenochaetus_flavicauda/019_gbif_4009668554_mask.png
Ctenochaetus/Ctenochaetus_flavicauda/020_gbif_4009731559.jpeg,accepted,ok,0.8254511952400208,0.13140326644487713,data/extracted_fish/Ctenochaetus/Ctenochaetus_flavicauda/020_gbif_4009731559.png,data/extracted_fish/Ctenochaetus/Ctenochaetus_flavicauda/020_gbif_4009731559_mask.png
Ctenochaetus/Ctenochaetus_flavicauda/021_gbif_4009787563.jpeg,flagged,multiple_fish,,,,
Ctenochaetus/Ctenochaetus_flavicauda/022_gbif_4901500923.jpeg,accepted,ok,0.8328254818916321,0.16582735840080395,data/extracted_fish/Ctenochaetus/Ctenochaetus_flavicauda/022_gbif_4901500923.png,data/extracted_fish/Ctenochaetus/Ctenochaetus_flavicauda/022_gbif_4901500923_mask.png
Ctenochaetus/Ctenochaetus_flavicauda/023_gbif_4006534202.jpeg,accepted,ok,0.8997500538825989,0.08495630287469363,data/extracted_fish/Ctenochaetus/Ctenochaetus_flavicauda/023_gbif_4006534202.png,data/extracted_fish/Ctenochaetus/Ctenochaetus_flavicauda/023_gbif_4006534202_mask.png
Ctenochaetus/Ctenochaetus_flavicauda/024_gbif_4171700270.jpg,accepted,ok,0.8182970881462097,0.26597786646133653,data/extracted_fish/Ctenochaetus/Ctenochaetus_flavicauda/024_gbif_4171700270.png,data/extracted_fish/Ctenochaetus/Ctenochaetus_flavicauda/024_gbif_4171700270_mask.png
Ctenochaetus/Ctenochaetus_hawaiiensis/000_reference.jpeg,flagged,multiple_fish,,,,
Ctenochaetus/Ctenochaetus_hawaiiensis/001_gbif_6129852895.jpg,flagged,multiple_fish,,,,
Ctenochaetus/Ctenochaetus_hawaiiensis/002_gbif_6130404734.jpg,flagged,multiple_fish,,,,
Ctenochaetus/Ctenochaetus_hawaiiensis/003_gbif_6188665935.jpg,accepted,ok,0.9180115461349487,0.09393472401087048,data/extracted_fish/Ctenochaetus/Ctenochaetus_hawaiiensis/003_gbif_6188665935.png,data/extracted_fish/Ctenochaetus/Ctenochaetus_hawaiiensis/003_gbif_6188665935_mask.png
Ctenochaetus/Ctenochaetus_hawaiiensis/004_gbif_6234418887.jpg,accepted,ok,0.9228001832962036,0.08877639926030964,data/extracted_fish/Ctenochaetus/Ctenochaetus_hawaiiensis/004_gbif_6234418887.png,data/extracted_fish/Ctenochaetus/Ctenochaetus_hawaiiensis/004_gbif_6234418887_mask.png
Ctenochaetus/Ctenochaetus_hawaiiensis/005_gbif_6441300366.jpg,accepted,ok,0.7746262550354004,0.028548237274820185,data/extracted_fish/Ctenochaetus/Ctenochaetus_hawaiiensis/005_gbif_6441300366.png,data/extracted_fish/Ctenochaetus/Ctenochaetus_hawaiiensis/005_gbif_6441300366_mask.png
Ctenochaetus/Ctenochaetus_hawaiiensis/006_gbif_6470573035.jpg,accepted,ok,0.8561857342720032,0.015706284532823224,data/extracted_fish/Ctenochaetus/Ctenochaetus_hawaiiensis/006_gbif_6470573035.png,data/extracted_fish/Ctenochaetus/Ctenochaetus_hawaiiensis/006_gbif_6470573035_mask.png
Ctenochaetus/Ctenochaetus_hawaiiensis/007_gbif_5007845769.jpg,accepted,ok,0.8570163249969482,0.038031549912907435,data/extracted_fish/Ctenochaetus/Ctenochaetus_hawaiiensis/007_gbif_5007845769.png,data/extracted_fish/Ctenochaetus/Ctenochaetus_hawaiiensis/007_gbif_5007845769_mask.png
Ctenochaetus/Ctenochaetus_hawaiiensis/008_gbif_5076992062.jpeg,flagged,multiple_fish,,,,
Ctenochaetus/Ctenochaetus_hawaiiensis/009_gbif_5077173489.jpeg,accepted,ok,0.8588895797729492,0.07836109294626518,data/extracted_fish/Ctenochaetus/Ctenochaetus_hawaiiensis/009_gbif_5077173489.png,data/extracted_fish/Ctenochaetus/Ctenochaetus_hawaiiensis/009_gbif_5077173489_mask.png
Ctenochaetus/Ctenochaetus_hawaiiensis/010_gbif_5077178516.jpeg,flagged,multiple_fish,,,,
Ctenochaetus/Ctenochaetus_hawaiiensis/011_gbif_5920333401.jpg,accepted,ok,0.8862831592559814,0.06434280259885386,data/extracted_fish/Ctenochaetus/Ctenochaetus_hawaiiensis/011_gbif_5920333401.png,data/extracted_fish/Ctenochaetus/Ctenochaetus_hawaiiensis/011_gbif_5920333401_mask.png
Ctenochaetus/Ctenochaetus_hawaiiensis/012_gbif_4606592176.jpeg,accepted,ok,0.8864949941635132,0.04724260936300435,data/extracted_fish/Ctenochaetus/Ctenochaetus_hawaiiensis/012_gbif_4606592176.png,data/extracted_fish/Ctenochaetus/Ctenochaetus_hawaiiensis/012_gbif_4606592176_mask.png
Ctenochaetus/Ctenochaetus_hawaiiensis/013_gbif_4924135272.jpeg,flagged,multiple_fish,,,,
Ctenochaetus/Ctenochaetus_hawaiiensis/014_gbif_5932587945.jpg,flagged,multiple_fish,,,,
Ctenochaetus/Ctenochaetus_hawaiiensis/015_gbif_5206164285.jpg,flagged,multiple_fish,,,,
Ctenochaetus/Ctenochaetus_hawaiiensis/016_gbif_5206393248.jpg,flagged,multiple_fish,,,,
Ctenochaetus/Ctenochaetus_hawaiiensis/017_gbif_4901412545.jpeg,accepted,ok,0.8618873357772827,0.0645476545768219,data/extracted_fish/Ctenochaetus/Ctenochaetus_hawaiiensis/017_gbif_4901412545.png,data/extracted_fish/Ctenochaetus/Ctenochaetus_hawaiiensis/017_gbif_4901412545_mask.png
Ctenochaetus/Ctenochaetus_hawaiiensis/018_gbif_4062666242.jpeg,accepted,ok,0.8690661787986755,0.1026897687493028,data/extracted_fish/Ctenochaetus/Ctenochaetus_hawaiiensis/018_gbif_4062666242.png,data/extracted_fish/Ctenochaetus/Ctenochaetus_hawaiiensis/018_gbif_4062666242_mask.png
Ctenochaetus/Ctenochaetus_hawaiiensis/019_gbif_5892948815.jpg,accepted,ok,0.8903186321258545,0.13802899518955655,data/extracted_fish/Ctenochaetus/Ctenochaetus_hawaiiensis/019_gbif_5892948815.png,data/extracted_fish/Ctenochaetus/Ctenochaetus_hawaiiensis/019_gbif_5892948815_mask.png
Ctenochaetus/Ctenochaetus_hawaiiensis/020_gbif_4987408920.jpeg,flagged,multiple_fish,,,,
Ctenochaetus/Ctenochaetus_hawaiiensis/021_gbif_5932344572.jpg,accepted,ok,0.487868994474411,0.011922862745529067,data/extracted_fish/Ctenochaetus/Ctenochaetus_hawaiiensis/021_gbif_5932344572.png,data/extracted_fish/Ctenochaetus/Ctenochaetus_hawaiiensis/021_gbif_5932344572_mask.png
Ctenochaetus/Ctenochaetus_hawaiiensis/022_gbif_4130193635.jpeg,flagged,multiple_fish,,,,
Ctenochaetus/Ctenochaetus_hawaiiensis/023_gbif_5086948008.jpeg,flagged,box_too_small,0.4264253079891205,0.37630579228831146,,
Ctenochaetus/Ctenochaetus_hawaiiensis/024_gbif_6422670027.jpg,accepted,ok,0.7502068877220154,0.11753051710928179,data/extracted_fish/Ctenochaetus/Ctenochaetus_hawaiiensis/024_gbif_6422670027.png,data/extracted_fish/Ctenochaetus/Ctenochaetus_hawaiiensis/024_gbif_6422670027_mask.png
Ctenochaetus/Ctenochaetus_marginatus/000_reference.jpeg,accepted,ok,0.8745092153549194,0.03173752558693939,data/extracted_fish/Ctenochaetus/Ctenochaetus_marginatus/000_reference.png,data/extracted_fish/Ctenochaetus/Ctenochaetus_marginatus/000_reference_mask.png
Ctenochaetus/Ctenochaetus_marginatus/001_gbif_6431100842.jpg,accepted,ok,0.8327798247337341,0.3238313786624942,data/extracted_fish/Ctenochaetus/Ctenochaetus_marginatus/001_gbif_6431100842.png,data/extracted_fish/Ctenochaetus/Ctenochaetus_marginatus/001_gbif_6431100842_mask.png
Ctenochaetus/Ctenochaetus_marginatus/002_gbif_5036804515.jpg,accepted,ok,0.9079545140266418,0.13537141546738274,data/extracted_fish/Ctenochaetus/Ctenochaetus_marginatus/002_gbif_5036804515.png,data/extracted_fish/Ctenochaetus/Ctenochaetus_marginatus/002_gbif_5036804515_mask.png
Ctenochaetus/Ctenochaetus_marginatus/003_gbif_5063568508.jpeg,accepted,ok,0.8771466016769409,0.15963576318545425,data/extracted_fish/Ctenochaetus/Ctenochaetus_marginatus/003_gbif_5063568508.png,data/extracted_fish/Ctenochaetus/Ctenochaetus_marginatus/003_gbif_5063568508_mask.png
Ctenochaetus/Ctenochaetus_marginatus/004_gbif_5063625184.jpeg,accepted,ok,0.8182429075241089,0.15429757919936812,data/extracted_fish/Ctenochaetus/Ctenochaetus_marginatus/004_gbif_5063625184.png,data/extracted_fish/Ctenochaetus/Ctenochaetus_marginatus/004_gbif_5063625184_mask.png
Ctenochaetus/Ctenochaetus_marginatus/005_gbif_5168191533.jpg,accepted,ok,0.8742598295211792,0.16719878268060923,data/extracted_fish/Ctenochaetus/Ctenochaetus_marginatus/005_gbif_5168191533.png,data/extracted_fish/Ctenochaetus/Ctenochaetus_marginatus/005_gbif_5168191533_mask.png
Ctenochaetus/Ctenochaetus_marginatus/006_gbif_5167257973.jpg,flagged,off_center,0.8518863320350647,0.39276074260969923,,
Ctenochaetus/Ctenochaetus_marginatus/007_gbif_5167306247.jpg,flagged,multiple_fish,,,,
Ctenochaetus/Ctenochaetus_marginatus/008_gbif_5292535903.jpg,accepted,ok,0.857684314250946,0.07405239678920236,data/extracted_fish/Ctenochaetus/Ctenochaetus_marginatus/008_gbif_5292535903.png,data/extracted_fish/Ctenochaetus/Ctenochaetus_marginatus/008_gbif_5292535903_mask.png
Ctenochaetus/Ctenochaetus_marginatus/009_gbif_5292547943.jpg,accepted,ok,0.8757078051567078,0.1075187404425187,data/extracted_fish/Ctenochaetus/Ctenochaetus_marginatus/009_gbif_5292547943.png,data/extracted_fish/Ctenochaetus/Ctenochaetus_marginatus/009_gbif_5292547943_mask.png
Ctenochaetus/Ctenochaetus_marginatus/010_gbif_5199038751.jpg,accepted,ok,0.8867188692092896,0.11535649359255992,data/extracted_fish/Ctenochaetus/Ctenochaetus_marginatus/010_gbif_5199038751.png,data/extracted_fish/Ctenochaetus/Ctenochaetus_marginatus/010_gbif_5199038751_mask.png
Ctenochaetus/Ctenochaetus_marginatus/011_gbif_5216500477.jpg,accepted,ok,0.9080585837364197,0.10696664822549652,data/extracted_fish/Ctenochaetus/Ctenochaetus_marginatus/011_gbif_5216500477.png,data/extracted_fish/Ctenochaetus/Ctenochaetus_marginatus/011_gbif_5216500477_mask.png
Ctenochaetus/Ctenochaetus_marginatus/012_gbif_5217556482.jpg,accepted,ok,0.9064851403236389,0.16725353836740414,data/extracted_fish/Ctenochaetus/Ctenochaetus_marginatus/012_gbif_5217556482.png,data/extracted_fish/Ctenochaetus/Ctenochaetus_marginatus/012_gbif_5217556482_mask.png
Ctenochaetus/Ctenochaetus_marginatus/013_gbif_5892631065.jpg,flagged,multiple_fish,,,,
Ctenochaetus/Ctenochaetus_marginatus/014_gbif_5076950064.jpeg,accepted,ok,0.8728786110877991,0.10342399524293512,data/extracted_fish/Ctenochaetus/Ctenochaetus_marginatus/014_gbif_5076950064.png,data/extracted_fish/Ctenochaetus/Ctenochaetus_marginatus/014_gbif_5076950064_mask.png
Ctenochaetus/Ctenochaetus_marginatus/015_gbif_5892803740.jpg,accepted,ok,0.7569176554679871,0.22827045461490886,data/extracted_fish/Ctenochaetus/Ctenochaetus_marginatus/015_gbif_5892803740.png,data/extracted_fish/Ctenochaetus/Ctenochaetus_marginatus/015_gbif_5892803740_mask.png
Ctenochaetus/Ctenochaetus_marginatus/016_gbif_4525097690.jpeg,accepted,ok,0.8127018809318542,0.07287871275634615,data/extracted_fish/Ctenochaetus/Ctenochaetus_marginatus/016_gbif_4525097690.png,data/extracted_fish/Ctenochaetus/Ctenochaetus_marginatus/016_gbif_4525097690_mask.png
Ctenochaetus/Ctenochaetus_marginatus/017_gbif_5153883999.jpeg,flagged,multiple_fish,,,,
Ctenochaetus/Ctenochaetus_marginatus/018_gbif_5154618863.jpeg,accepted,ok,0.822873592376709,0.022560980622070414,data/extracted_fish/Ctenochaetus/Ctenochaetus_marginatus/018_gbif_5154618863.png,data/extracted_fish/Ctenochaetus/Ctenochaetus_marginatus/018_gbif_5154618863_mask.png
Ctenochaetus/Ctenochaetus_marginatus/019_gbif_4528285502.jpeg,accepted,ok,0.8418956398963928,0.2249237211301592,data/extracted_fish/Ctenochaetus/Ctenochaetus_marginatus/019_gbif_4528285502.png,data/extracted_fish/Ctenochaetus/Ctenochaetus_marginatus/019_gbif_4528285502_mask.png
Ctenochaetus/Ctenochaetus_marginatus/020_gbif_5153009985.jpeg,accepted,ok,0.8957855701446533,0.0469484157772861,data/extracted_fish/Ctenochaetus/Ctenochaetus_marginatus/020_gbif_5153009985.png,data/extracted_fish/Ctenochaetus/Ctenochaetus_marginatus/020_gbif_5153009985_mask.png
Ctenochaetus/Ctenochaetus_marginatus/021_gbif_4528290534.jpg,accepted,ok,0.8650446534156799,0.15547203112236302,data/extracted_fish/Ctenochaetus/Ctenochaetus_marginatus/021_gbif_4528290534.png,data/extracted_fish/Ctenochaetus/Ctenochaetus_marginatus/021_gbif_4528290534_mask.png
Ctenochaetus/Ctenochaetus_marginatus/022_gbif_5153127737.jpg,accepted,ok,0.8916729092597961,0.04625949650461104,data/extracted_fish/Ctenochaetus/Ctenochaetus_marginatus/022_gbif_5153127737.png,data/extracted_fish/Ctenochaetus/Ctenochaetus_marginatus/022_gbif_5153127737_mask.png
Ctenochaetus/Ctenochaetus_marginatus/023_gbif_4851771065.jpeg,accepted,ok,0.8402237296104431,0.31833048726689056,data/extracted_fish/Ctenochaetus/Ctenochaetus_marginatus/023_gbif_4851771065.png,data/extracted_fish/Ctenochaetus/Ctenochaetus_marginatus/023_gbif_4851771065_mask.png
Ctenochaetus/Ctenochaetus_marginatus/024_gbif_5153512888.jpg,accepted,ok,0.8774463534355164,0.019961295008582673,data/extracted_fish/Ctenochaetus/Ctenochaetus_marginatus/024_gbif_5153512888.png,data/extracted_fish/Ctenochaetus/Ctenochaetus_marginatus/024_gbif_5153512888_mask.png
Ctenochaetus/Ctenochaetus_striatus/000_reference.jpeg,flagged,multiple_fish,,,,
Ctenochaetus/Ctenochaetus_striatus/001_gbif_5938132977.jpg,accepted,ok,0.8283994197845459,0.036468671748680084,data/extracted_fish/Ctenochaetus/Ctenochaetus_striatus/001_gbif_5938132977.png,data/extracted_fish/Ctenochaetus/Ctenochaetus_striatus/001_gbif_5938132977_mask.png
Ctenochaetus/Ctenochaetus_striatus/002_gbif_5938421051.jpg,accepted,ok,0.8676221370697021,0.104018845340425,data/extracted_fish/Ctenochaetus/Ctenochaetus_striatus/002_gbif_5938421051.png,data/extracted_fish/Ctenochaetus/Ctenochaetus_striatus/002_gbif_5938421051_mask.png
Ctenochaetus/Ctenochaetus_striatus/003_gbif_5938527570.jpg,accepted,ok,0.916171669960022,0.12112115188855556,data/extracted_fish/Ctenochaetus/Ctenochaetus_striatus/003_gbif_5938527570.png,data/extracted_fish/Ctenochaetus/Ctenochaetus_striatus/003_gbif_5938527570_mask.png
Ctenochaetus/Ctenochaetus_striatus/004_gbif_5938632290.jpg,accepted,ok,0.9015728831291199,0.1060838599317108,data/extracted_fish/Ctenochaetus/Ctenochaetus_striatus/004_gbif_5938632290.png,data/extracted_fish/Ctenochaetus/Ctenochaetus_striatus/004_gbif_5938632290_mask.png
Ctenochaetus/Ctenochaetus_striatus/005_gbif_5938703592.jpg,accepted,ok,0.8850286602973938,0.17034796546004036,data/extracted_fish/Ctenochaetus/Ctenochaetus_striatus/005_gbif_5938703592.png,data/extracted_fish/Ctenochaetus/Ctenochaetus_striatus/005_gbif_5938703592_mask.png
Ctenochaetus/Ctenochaetus_striatus/006_gbif_5938720730.jpg,flagged,multiple_fish,,,,
Ctenochaetus/Ctenochaetus_striatus/007_gbif_6130015989.jpg,accepted,ok,0.8277593851089478,0.0624145280624747,data/extracted_fish/Ctenochaetus/Ctenochaetus_striatus/007_gbif_6130015989.png,data/extracted_fish/Ctenochaetus/Ctenochaetus_striatus/007_gbif_6130015989_mask.png
Ctenochaetus/Ctenochaetus_striatus/008_gbif_6130022236.jpg,accepted,ok,0.8120578527450562,0.07856515830076592,data/extracted_fish/Ctenochaetus/Ctenochaetus_striatus/008_gbif_6130022236.png,data/extracted_fish/Ctenochaetus/Ctenochaetus_striatus/008_gbif_6130022236_mask.png
Ctenochaetus/Ctenochaetus_striatus/009_gbif_6130194314.jpg,flagged,multiple_fish,,,,
Ctenochaetus/Ctenochaetus_striatus/010_gbif_6130339467.jpg,accepted,ok,0.8697142601013184,0.14377560410739548,data/extracted_fish/Ctenochaetus/Ctenochaetus_striatus/010_gbif_6130339467.png,data/extracted_fish/Ctenochaetus/Ctenochaetus_striatus/010_gbif_6130339467_mask.png
Ctenochaetus/Ctenochaetus_striatus/011_gbif_6130437630.jpg,flagged,multiple_fish,,,,
Ctenochaetus/Ctenochaetus_striatus/012_gbif_6130491329.jpg,flagged,multiple_fish,,,,
Ctenochaetus/Ctenochaetus_striatus/013_gbif_6130625996.jpg,flagged,multiple_fish,,,,
Ctenochaetus/Ctenochaetus_striatus/014_gbif_6130802552.jpg,accepted,ok,0.9238489866256714,0.1973670142387928,data/extracted_fish/Ctenochaetus/Ctenochaetus_striatus/014_gbif_6130802552.png,data/extracted_fish/Ctenochaetus/Ctenochaetus_striatus/014_gbif_6130802552_mask.png
Ctenochaetus/Ctenochaetus_striatus/015_gbif_6131064466.jpg,accepted,ok,0.7440829277038574,0.09852053572426936,data/extracted_fish/Ctenochaetus/Ctenochaetus_striatus/015_gbif_6131064466.png,data/extracted_fish/Ctenochaetus/Ctenochaetus_striatus/015_gbif_6131064466_mask.png
Ctenochaetus/Ctenochaetus_striatus/016_gbif_6131065713.jpg,flagged,multiple_fish,,,,
Ctenochaetus/Ctenochaetus_striatus/017_gbif_6131082036.jpg,accepted,ok,0.5708627104759216,0.08376664317986461,data/extracted_fish/Ctenochaetus/Ctenochaetus_striatus/017_gbif_6131082036.png,data/extracted_fish/Ctenochaetus/Ctenochaetus_striatus/017_gbif_6131082036_mask.png
Ctenochaetus/Ctenochaetus_striatus/018_gbif_6131097192.jpg,accepted,ok,0.8835321664810181,0.28397724050595174,data/extracted_fish/Ctenochaetus/Ctenochaetus_striatus/018_gbif_6131097192.png,data/extracted_fish/Ctenochaetus/Ctenochaetus_striatus/018_gbif_6131097192_mask.png
Ctenochaetus/Ctenochaetus_striatus/019_gbif_6131166005.jpg,accepted,ok,0.8047307729721069,0.08398517119978072,data/extracted_fish/Ctenochaetus/Ctenochaetus_striatus/019_gbif_6131166005.png,data/extracted_fish/Ctenochaetus/Ctenochaetus_striatus/019_gbif_6131166005_mask.png
Ctenochaetus/Ctenochaetus_striatus/020_gbif_6131325567.jpg,flagged,multiple_fish,,,,
Ctenochaetus/Ctenochaetus_striatus/021_gbif_6131362842.jpg,accepted,ok,0.9082582592964172,0.11324603245733758,data/extracted_fish/Ctenochaetus/Ctenochaetus_striatus/021_gbif_6131362842.png,data/extracted_fish/Ctenochaetus/Ctenochaetus_striatus/021_gbif_6131362842_mask.png
Ctenochaetus/Ctenochaetus_striatus/022_gbif_6131363757.jpg,flagged,multiple_fish,,,,
Ctenochaetus/Ctenochaetus_striatus/023_gbif_6131375698.jpg,flagged,multiple_fish,,,,
Ctenochaetus/Ctenochaetus_striatus/024_gbif_6131501885.jpg,accepted,ok,0.8420717120170593,0.17790701354281283,data/extracted_fish/Ctenochaetus/Ctenochaetus_striatus/024_gbif_6131501885.png,data/extracted_fish/Ctenochaetus/Ctenochaetus_striatus/024_gbif_6131501885_mask.png
Ctenochaetus/Ctenochaetus_strigosus/000_reference.webp,accepted,ok,0.8803783655166626,0.07327444437075803,data/extracted_fish/Ctenochaetus/Ctenochaetus_strigosus/000_reference.png,data/extracted_fish/Ctenochaetus/Ctenochaetus_strigosus/000_reference_mask.png
Ctenochaetus/Ctenochaetus_strigosus/001_gbif_5938036827.jpg,flagged,multiple_fish,,,,
Ctenochaetus/Ctenochaetus_strigosus/002_gbif_5938643687.jpg,flagged,multiple_fish,,,,
Ctenochaetus/Ctenochaetus_strigosus/003_gbif_6130075464.jpg,accepted,ok,0.7395749092102051,0.13417542692258722,data/extracted_fish/Ctenochaetus/Ctenochaetus_strigosus/003_gbif_6130075464.png,data/extracted_fish/Ctenochaetus/Ctenochaetus_strigosus/003_gbif_6130075464_mask.png
Ctenochaetus/Ctenochaetus_strigosus/004_gbif_6130507451.jpg,accepted,ok,0.9054198265075684,0.036152202785571304,data/extracted_fish/Ctenochaetus/Ctenochaetus_strigosus/004_gbif_6130507451.png,data/extracted_fish/Ctenochaetus/Ctenochaetus_strigosus/004_gbif_6130507451_mask.png
Ctenochaetus/Ctenochaetus_strigosus/005_gbif_6130902977.jpg,flagged,multiple_fish,,,,
Ctenochaetus/Ctenochaetus_strigosus/006_gbif_6131120109.jpg,flagged,multiple_fish,,,,
Ctenochaetus/Ctenochaetus_strigosus/007_gbif_6131132734.jpg,accepted,ok,0.5886086225509644,0.09971993564176458,data/extracted_fish/Ctenochaetus/Ctenochaetus_strigosus/007_gbif_6131132734.png,data/extracted_fish/Ctenochaetus/Ctenochaetus_strigosus/007_gbif_6131132734_mask.png
Ctenochaetus/Ctenochaetus_strigosus/008_gbif_6131444122.jpg,flagged,no_detection,,,,
Ctenochaetus/Ctenochaetus_strigosus/009_gbif_6131578790.jpg,accepted,ok,0.6615886092185974,0.22802750264251723,data/extracted_fish/Ctenochaetus/Ctenochaetus_strigosus/009_gbif_6131578790.png,data/extracted_fish/Ctenochaetus/Ctenochaetus_strigosus/009_gbif_6131578790_mask.png
Ctenochaetus/Ctenochaetus_strigosus/010_gbif_6133267887.jpg,flagged,multiple_fish,,,,
Ctenochaetus/Ctenochaetus_strigosus/011_gbif_6133406354.jpg,accepted,ok,0.912136435508728,0.14986971465696222,data/extracted_fish/Ctenochaetus/Ctenochaetus_strigosus/011_gbif_6133406354.png,data/extracted_fish/Ctenochaetus/Ctenochaetus_strigosus/011_gbif_6133406354_mask.png
Ctenochaetus/Ctenochaetus_strigosus/012_gbif_6147504164.jpg,accepted,ok,0.539521336555481,0.0664849007888301,data/extracted_fish/Ctenochaetus/Ctenochaetus_strigosus/012_gbif_6147504164.png,data/extracted_fish/Ctenochaetus/Ctenochaetus_strigosus/012_gbif_6147504164_mask.png
Ctenochaetus/Ctenochaetus_strigosus/013_gbif_6147579037.jpg,flagged,multiple_fish,,,,
Ctenochaetus/Ctenochaetus_strigosus/014_gbif_6162819302.jpg,flagged,multiple_fish,,,,
Ctenochaetus/Ctenochaetus_strigosus/015_gbif_6162846714.jpg,flagged,multiple_fish,,,,
Ctenochaetus/Ctenochaetus_strigosus/016_gbif_6163185084.jpg,flagged,multiple_fish,,,,
Ctenochaetus/Ctenochaetus_strigosus/017_gbif_6413605096.jpg,accepted,ok,0.8424741625785828,0.20109338893655038,data/extracted_fish/Ctenochaetus/Ctenochaetus_strigosus/017_gbif_6413605096.png,data/extracted_fish/Ctenochaetus/Ctenochaetus_strigosus/017_gbif_6413605096_mask.png
Ctenochaetus/Ctenochaetus_strigosus/018_gbif_6159248363.jpg,flagged,multiple_fish,,,,
Ctenochaetus/Ctenochaetus_strigosus/019_gbif_6162866697.jpg,accepted,ok,0.8644558787345886,0.2540525961066827,data/extracted_fish/Ctenochaetus/Ctenochaetus_strigosus/019_gbif_6162866697.png,data/extracted_fish/Ctenochaetus/Ctenochaetus_strigosus/019_gbif_6162866697_mask.png
Ctenochaetus/Ctenochaetus_strigosus/020_gbif_6170861445.jpg,flagged,multiple_fish,,,,
Ctenochaetus/Ctenochaetus_strigosus/021_gbif_6179169844.jpg,flagged,box_too_small,0.667317807674408,0.27330398826332764,,
Ctenochaetus/Ctenochaetus_strigosus/022_gbif_6179444141.jpg,flagged,multiple_fish,,,,
Ctenochaetus/Ctenochaetus_strigosus/023_gbif_6179544114.jpg,flagged,off_center,0.7120484113693237,0.6547621706740047,,
Ctenochaetus/Ctenochaetus_strigosus/024_gbif_6178701780.jpg,accepted,ok,0.5787578225135803,0.22249124280616053,data/extracted_fish/Ctenochaetus/Ctenochaetus_strigosus/024_gbif_6178701780.png,data/extracted_fish/Ctenochaetus/Ctenochaetus_strigosus/024_gbif_6178701780_mask.png
Ctenochaetus/Ctenochaetus_tominiensis/000_reference.jpeg,accepted,ok,0.8978849649429321,0.1182161890546883,data/extracted_fish/Ctenochaetus/Ctenochaetus_tominiensis/000_reference.png,data/extracted_fish/Ctenochaetus/Ctenochaetus_tominiensis/000_reference_mask.png
Ctenochaetus/Ctenochaetus_tominiensis/001_gbif_6179346063.jpg,accepted,ok,0.8905218243598938,0.25837101322755285,data/extracted_fish/Ctenochaetus/Ctenochaetus_tominiensis/001_gbif_6179346063.png,data/extracted_fish/Ctenochaetus/Ctenochaetus_tominiensis/001_gbif_6179346063_mask.png
Ctenochaetus/Ctenochaetus_tominiensis/002_gbif_6187913576.jpg,accepted,ok,0.833448052406311,0.0506787333516171,data/extracted_fish/Ctenochaetus/Ctenochaetus_tominiensis/002_gbif_6187913576.png,data/extracted_fish/Ctenochaetus/Ctenochaetus_tominiensis/002_gbif_6187913576_mask.png
Ctenochaetus/Ctenochaetus_tominiensis/003_gbif_6399253658.jpg,accepted,ok,0.7994349002838135,0.03583095322594814,data/extracted_fish/Ctenochaetus/Ctenochaetus_tominiensis/003_gbif_6399253658.png,data/extracted_fish/Ctenochaetus/Ctenochaetus_tominiensis/003_gbif_6399253658_mask.png
Ctenochaetus/Ctenochaetus_tominiensis/004_gbif_6440936484.jpg,accepted,ok,0.8537799119949341,0.13700007842306938,data/extracted_fish/Ctenochaetus/Ctenochaetus_tominiensis/004_gbif_6440936484.png,data/extracted_fish/Ctenochaetus/Ctenochaetus_tominiensis/004_gbif_6440936484_mask.png
Ctenochaetus/Ctenochaetus_tominiensis/005_gbif_6441566129.jpg,accepted,ok,0.822504460811615,0.034994187684134204,data/extracted_fish/Ctenochaetus/Ctenochaetus_tominiensis/005_gbif_6441566129.png,data/extracted_fish/Ctenochaetus/Ctenochaetus_tominiensis/005_gbif_6441566129_mask.png
Ctenochaetus/Ctenochaetus_tominiensis/006_gbif_6441982394.jpg,flagged,multiple_fish,,,,
Ctenochaetus/Ctenochaetus_tominiensis/007_gbif_6452159446.jpg,accepted,ok,0.7967705726623535,0.1971117857042411,data/extracted_fish/Ctenochaetus/Ctenochaetus_tominiensis/007_gbif_6452159446.png,data/extracted_fish/Ctenochaetus/Ctenochaetus_tominiensis/007_gbif_6452159446_mask.png
Ctenochaetus/Ctenochaetus_tominiensis/008_gbif_6452261792.jpg,accepted,ok,0.8425192832946777,0.05426715795745973,data/extracted_fish/Ctenochaetus/Ctenochaetus_tominiensis/008_gbif_6452261792.png,data/extracted_fish/Ctenochaetus/Ctenochaetus_tominiensis/008_gbif_6452261792_mask.png
Ctenochaetus/Ctenochaetus_tominiensis/009_gbif_6469919399.jpg,accepted,ok,0.9173019528388977,0.10818159090863198,data/extracted_fish/Ctenochaetus/Ctenochaetus_tominiensis/009_gbif_6469919399.png,data/extracted_fish/Ctenochaetus/Ctenochaetus_tominiensis/009_gbif_6469919399_mask.png
Ctenochaetus/Ctenochaetus_tominiensis/010_gbif_5230397365.jpg,accepted,ok,0.8181002140045166,0.24255346323772203,data/extracted_fish/Ctenochaetus/Ctenochaetus_tominiensis/010_gbif_5230397365.png,data/extracted_fish/Ctenochaetus/Ctenochaetus_tominiensis/010_gbif_5230397365_mask.png
Ctenochaetus/Ctenochaetus_tominiensis/011_gbif_5168187511.jpg,flagged,multiple_fish,,,,
Ctenochaetus/Ctenochaetus_tominiensis/012_gbif_5154807639.jpeg,flagged,multiple_fish,,,,
Ctenochaetus/Ctenochaetus_tominiensis/013_gbif_5291890579.jpg,accepted,ok,0.873298704624176,0.057928539644864295,data/extracted_fish/Ctenochaetus/Ctenochaetus_tominiensis/013_gbif_5291890579.png,data/extracted_fish/Ctenochaetus/Ctenochaetus_tominiensis/013_gbif_5291890579_mask.png
Ctenochaetus/Ctenochaetus_tominiensis/014_gbif_5840208467.jpg,accepted,ok,0.8836479783058167,0.07180619476973003,data/extracted_fish/Ctenochaetus/Ctenochaetus_tominiensis/014_gbif_5840208467.png,data/extracted_fish/Ctenochaetus/Ctenochaetus_tominiensis/014_gbif_5840208467_mask.png
Ctenochaetus/Ctenochaetus_tominiensis/015_gbif_5198584728.jpg,accepted,ok,0.8877689838409424,0.06735305291676744,data/extracted_fish/Ctenochaetus/Ctenochaetus_tominiensis/015_gbif_5198584728.png,data/extracted_fish/Ctenochaetus/Ctenochaetus_tominiensis/015_gbif_5198584728_mask.png
Ctenochaetus/Ctenochaetus_tominiensis/016_gbif_5840496713.jpg,accepted,ok,0.8580822944641113,0.13071413534700663,data/extracted_fish/Ctenochaetus/Ctenochaetus_tominiensis/016_gbif_5840496713.png,data/extracted_fish/Ctenochaetus/Ctenochaetus_tominiensis/016_gbif_5840496713_mask.png
Ctenochaetus/Ctenochaetus_tominiensis/017_gbif_5867784580.jpg,accepted,ok,0.7677969932556152,0.07232848475642545,data/extracted_fish/Ctenochaetus/Ctenochaetus_tominiensis/017_gbif_5867784580.png,data/extracted_fish/Ctenochaetus/Ctenochaetus_tominiensis/017_gbif_5867784580_mask.png
Ctenochaetus/Ctenochaetus_tominiensis/018_gbif_6147295086.jpg,flagged,off_center,0.8240523338317871,0.4766140135232363,,
Ctenochaetus/Ctenochaetus_tominiensis/019_gbif_5890180429.jpg,accepted,ok,0.8057851195335388,0.08141024888942403,data/extracted_fish/Ctenochaetus/Ctenochaetus_tominiensis/019_gbif_5890180429.png,data/extracted_fish/Ctenochaetus/Ctenochaetus_tominiensis/019_gbif_5890180429_mask.png
Ctenochaetus/Ctenochaetus_tominiensis/020_gbif_6147444377.jpg,accepted,ok,0.8373862504959106,0.0509628427223171,data/extracted_fish/Ctenochaetus/Ctenochaetus_tominiensis/020_gbif_6147444377.png,data/extracted_fish/Ctenochaetus/Ctenochaetus_tominiensis/020_gbif_6147444377_mask.png
Ctenochaetus/Ctenochaetus_tominiensis/021_gbif_5889425444.jpg,accepted,ok,0.7481573224067688,0.07042564386613084,data/extracted_fish/Ctenochaetus/Ctenochaetus_tominiensis/021_gbif_5889425444.png,data/extracted_fish/Ctenochaetus/Ctenochaetus_tominiensis/021_gbif_5889425444_mask.png
Ctenochaetus/Ctenochaetus_tominiensis/022_gbif_5897759177.jpg,accepted,ok,0.8698492646217346,0.057764275479529996,data/extracted_fish/Ctenochaetus/Ctenochaetus_tominiensis/022_gbif_5897759177.png,data/extracted_fish/Ctenochaetus/Ctenochaetus_tominiensis/022_gbif_5897759177_mask.png
Ctenochaetus/Ctenochaetus_tominiensis/023_gbif_6147538265.jpg,flagged,multiple_fish,,,,
Ctenochaetus/Ctenochaetus_tominiensis/024_gbif_5932554554.jpg,accepted,ok,0.8996701240539551,0.1338576513569146,data/extracted_fish/Ctenochaetus/Ctenochaetus_tominiensis/024_gbif_5932554554.png,data/extracted_fish/Ctenochaetus/Ctenochaetus_tominiensis/024_gbif_5932554554_mask.png
Ctenochaetus/Ctenochaetus_truncatus/000_reference.webp,accepted,ok,0.8963688611984253,0.027533568235075884,data/extracted_fish/Ctenochaetus/Ctenochaetus_truncatus/000_reference.png,data/extracted_fish/Ctenochaetus/Ctenochaetus_truncatus/000_reference_mask.png
Ctenochaetus/Ctenochaetus_truncatus/001_gbif_6130250059.jpg,flagged,multiple_fish,,,,
Ctenochaetus/Ctenochaetus_truncatus/002_gbif_6171040216.jpg,accepted,ok,0.8780246376991272,0.04527302298287919,data/extracted_fish/Ctenochaetus/Ctenochaetus_truncatus/002_gbif_6171040216.png,data/extracted_fish/Ctenochaetus/Ctenochaetus_truncatus/002_gbif_6171040216_mask.png
Ctenochaetus/Ctenochaetus_truncatus/003_gbif_6178349763.jpg,flagged,no_detection,,,,
Ctenochaetus/Ctenochaetus_truncatus/004_gbif_6179147706.jpg,flagged,multiple_fish,,,,
Ctenochaetus/Ctenochaetus_truncatus/005_gbif_6187902766.jpg,accepted,ok,0.9004444479942322,0.26840863097759693,data/extracted_fish/Ctenochaetus/Ctenochaetus_truncatus/005_gbif_6187902766.png,data/extracted_fish/Ctenochaetus/Ctenochaetus_truncatus/005_gbif_6187902766_mask.png
Ctenochaetus/Ctenochaetus_truncatus/006_gbif_6184835971.jpg,flagged,box_too_small,0.8473856449127197,0.06652028468790812,,
Ctenochaetus/Ctenochaetus_truncatus/007_gbif_6185767486.jpg,accepted,ok,0.9150782227516174,0.10073364262628741,data/extracted_fish/Ctenochaetus/Ctenochaetus_truncatus/007_gbif_6185767486.png,data/extracted_fish/Ctenochaetus/Ctenochaetus_truncatus/007_gbif_6185767486_mask.png
Ctenochaetus/Ctenochaetus_truncatus/008_gbif_6185772136.jpg,accepted,ok,0.5985399484634399,0.12904922626788182,data/extracted_fish/Ctenochaetus/Ctenochaetus_truncatus/008_gbif_6185772136.png,data/extracted_fish/Ctenochaetus/Ctenochaetus_truncatus/008_gbif_6185772136_mask.png
Ctenochaetus/Ctenochaetus_truncatus/009_gbif_6185944852.jpg,accepted,ok,0.8958650231361389,0.12299580397952989,data/extracted_fish/Ctenochaetus/Ctenochaetus_truncatus/009_gbif_6185944852.png,data/extracted_fish/Ctenochaetus/Ctenochaetus_truncatus/009_gbif_6185944852_mask.png
Ctenochaetus/Ctenochaetus_truncatus/010_gbif_6430837569.jpg,flagged,multiple_fish,,,,
Ctenochaetus/Ctenochaetus_truncatus/011_gbif_6431940406.jpg,flagged,multiple_fish,,,,
Ctenochaetus/Ctenochaetus_truncatus/012_gbif_6195546715.jpg,flagged,box_too_small,0.8956068158149719,0.12532054853614075,,
Ctenochaetus/Ctenochaetus_truncatus/013_gbif_6235632287.jpg,accepted,ok,0.8743011355400085,0.03675528877823574,data/extracted_fish/Ctenochaetus/Ctenochaetus_truncatus/013_gbif_6235632287.png,data/extracted_fish/Ctenochaetus/Ctenochaetus_truncatus/013_gbif_6235632287_mask.png
Ctenochaetus/Ctenochaetus_truncatus/014_gbif_6252902010.jpg,accepted,ok,0.8860232830047607,0.119923306389357,data/extracted_fish/Ctenochaetus/Ctenochaetus_truncatus/014_gbif_6252902010.png,data/extracted_fish/Ctenochaetus/Ctenochaetus_truncatus/014_gbif_6252902010_mask.png
Ctenochaetus/Ctenochaetus_truncatus/015_gbif_6252239033.jpg,accepted,ok,0.7786146998405457,0.1956191200942135,data/extracted_fish/Ctenochaetus/Ctenochaetus_truncatus/015_gbif_6252239033.png,data/extracted_fish/Ctenochaetus/Ctenochaetus_truncatus/015_gbif_6252239033_mask.png
Ctenochaetus/Ctenochaetus_truncatus/016_gbif_6252371479.jpg,flagged,multiple_fish,,,,
Ctenochaetus/Ctenochaetus_truncatus/017_gbif_6252400085.jpg,flagged,box_too_small,0.7622756361961365,0.08178996050045569,,
Ctenochaetus/Ctenochaetus_truncatus/018_gbif_6252521428.jpg,flagged,multiple_fish,,,,
Ctenochaetus/Ctenochaetus_truncatus/019_gbif_6253246187.jpg,flagged,multiple_fish,,,,
Ctenochaetus/Ctenochaetus_truncatus/020_gbif_6273712369.jpg,flagged,multiple_fish,,,,
Ctenochaetus/Ctenochaetus_truncatus/021_gbif_6273738847.jpg,accepted,ok,0.8452273011207581,0.0899769363353193,data/extracted_fish/Ctenochaetus/Ctenochaetus_truncatus/021_gbif_6273738847.png,data/extracted_fish/Ctenochaetus/Ctenochaetus_truncatus/021_gbif_6273738847_mask.png
Ctenochaetus/Ctenochaetus_truncatus/022_gbif_6273774494.jpg,accepted,ok,0.8978341221809387,0.15213926381259932,data/extracted_fish/Ctenochaetus/Ctenochaetus_truncatus/022_gbif_6273774494.png,data/extracted_fish/Ctenochaetus/Ctenochaetus_truncatus/022_gbif_6273774494_mask.png
Ctenochaetus/Ctenochaetus_truncatus/023_gbif_6273918896.jpg,flagged,box_too_small,0.8203052282333374,0.08451889421203079,,
Ctenochaetus/Ctenochaetus_truncatus/024_gbif_6274167556.jpg,flagged,multiple_fish,,,,
Naso/Naso_annulatus/000_reference.jpeg,accepted,ok,0.5252377986907959,0.03625085171461785,data/extracted_fish/Naso/Naso_annulatus/000_reference.png,data/extracted_fish/Naso/Naso_annulatus/000_reference_mask.png
Naso/Naso_annulatus/001_gbif_6130011069.jpg,flagged,multiple_fish,,,,
Naso/Naso_annulatus/002_gbif_6130757871.jpg,accepted,ok,0.9106898903846741,0.0425906640094437,data/extracted_fish/Naso/Naso_annulatus/002_gbif_6130757871.png,data/extracted_fish/Naso/Naso_annulatus/002_gbif_6130757871_mask.png
Naso/Naso_annulatus/003_gbif_6147215748.jpg,flagged,box_too_small,0.36062148213386536,0.369810452883529,,
Naso/Naso_annulatus/004_gbif_6147509046.jpg,accepted,ok,0.7800849676132202,0.014618725698079706,data/extracted_fish/Naso/Naso_annulatus/004_gbif_6147509046.png,data/extracted_fish/Naso/Naso_annulatus/004_gbif_6147509046_mask.png
Naso/Naso_annulatus/005_gbif_6147661260.jpg,accepted,ok,0.5322646498680115,0.005999538183636469,data/extracted_fish/Naso/Naso_annulatus/005_gbif_6147661260.png,data/extracted_fish/Naso/Naso_annulatus/005_gbif_6147661260_mask.png
Naso/Naso_annulatus/006_gbif_6159533545.jpg,accepted,ok,0.8051450252532959,0.0577355429950606,data/extracted_fish/Naso/Naso_annulatus/006_gbif_6159533545.png,data/extracted_fish/Naso/Naso_annulatus/006_gbif_6159533545_mask.png
Naso/Naso_annulatus/007_gbif_6159162153.jpg,flagged,multiple_fish,,,,
Naso/Naso_annulatus/008_gbif_6159225764.jpg,flagged,multiple_fish,,,,
Naso/Naso_annulatus/009_gbif_6159342798.jpg,flagged,multiple_fish,,,,
Naso/Naso_annulatus/010_gbif_6159358527.jpg,flagged,off_center,0.8361846208572388,0.5907717324098545,,
Naso/Naso_annulatus/011_gbif_6159477258.jpg,flagged,multiple_fish,,,,
Naso/Naso_annulatus/012_gbif_6162929196.jpg,accepted,ok,0.9187870025634766,0.08924311566472305,data/extracted_fish/Naso/Naso_annulatus/012_gbif_6162929196.png,data/extracted_fish/Naso/Naso_annulatus/012_gbif_6162929196_mask.png
Naso/Naso_annulatus/013_gbif_6163114804.jpg,flagged,box_too_small,0.7607809901237488,0.06426285242518158,,
Naso/Naso_annulatus/014_gbif_6171250927.jpg,accepted,ok,0.882605254650116,0.02041270974632755,data/extracted_fish/Naso/Naso_annulatus/014_gbif_6171250927.png,data/extracted_fish/Naso/Naso_annulatus/014_gbif_6171250927_mask.png
Naso/Naso_annulatus/015_gbif_6178885920.jpg,flagged,multiple_fish,,,,
Naso/Naso_annulatus/016_gbif_6179185927.jpg,flagged,multiple_fish,,,,
Naso/Naso_annulatus/017_gbif_6333995062.jpg,flagged,multiple_fish,,,,
Naso/Naso_annulatus/018_gbif_6178379183.jpg,accepted,ok,0.9011399149894714,0.06884139531312658,data/extracted_fish/Naso/Naso_annulatus/018_gbif_6178379183.png,data/extracted_fish/Naso/Naso_annulatus/018_gbif_6178379183_mask.png
Naso/Naso_annulatus/019_gbif_6178919771.jpg,flagged,multiple_fish,,,,
Naso/Naso_annulatus/020_gbif_6185206723.jpg,flagged,multiple_fish,,,,
Naso/Naso_annulatus/021_gbif_6185268177.jpg,accepted,ok,0.8937694430351257,0.15304696849995827,data/extracted_fish/Naso/Naso_annulatus/021_gbif_6185268177.png,data/extracted_fish/Naso/Naso_annulatus/021_gbif_6185268177_mask.png
Naso/Naso_annulatus/022_gbif_6185301615.jpg,flagged,box_too_small,0.8723887801170349,0.10731240111978649,,
Naso/Naso_annulatus/023_gbif_6185419056.jpg,accepted,ok,0.8922756314277649,0.06279018356749254,data/extracted_fish/Naso/Naso_annulatus/023_gbif_6185419056.png,data/extracted_fish/Naso/Naso_annulatus/023_gbif_6185419056_mask.png
Naso/Naso_annulatus/024_gbif_6186067786.jpg,accepted,ok,0.6771181225776672,0.04465770113223048,data/extracted_fish/Naso/Naso_annulatus/024_gbif_6186067786.png,data/extracted_fish/Naso/Naso_annulatus/024_gbif_6186067786_mask.png
Naso/Naso_brachycentron/000_reference.jpeg,flagged,multiple_fish,,,,
Naso/Naso_brachycentron/001_gbif_6131342110.jpg,flagged,multiple_fish,,,,
Naso/Naso_brachycentron/002_gbif_6178488835.jpg,flagged,multiple_fish,,,,
Naso/Naso_brachycentron/003_gbif_6179127606.jpg,flagged,multiple_fish,,,,
Naso/Naso_brachycentron/004_gbif_6163050858.jpg,flagged,multiple_fish,,,,
Naso/Naso_brachycentron/005_gbif_6163284139.jpg,flagged,multiple_fish,,,,
Naso/Naso_brachycentron/006_gbif_6163374735.jpg,flagged,multiple_fish,,,,
Naso/Naso_brachycentron/007_gbif_6185004224.jpg,accepted,ok,0.7860485315322876,0.17432483952728453,data/extracted_fish/Naso/Naso_brachycentron/007_gbif_6185004224.png,data/extracted_fish/Naso/Naso_brachycentron/007_gbif_6185004224_mask.png
Naso/Naso_brachycentron/008_gbif_6170853569.jpg,accepted,ok,0.8653356432914734,0.06555783664436757,data/extracted_fish/Naso/Naso_brachycentron/008_gbif_6170853569.png,data/extracted_fish/Naso/Naso_brachycentron/008_gbif_6170853569_mask.png
Naso/Naso_brachycentron/009_gbif_6171010277.jpg,flagged,multiple_fish,,,,
Naso/Naso_brachycentron/010_gbif_6178986390.jpg,accepted,ok,0.769431471824646,0.07491192892095888,data/extracted_fish/Naso/Naso_brachycentron/010_gbif_6178986390.png,data/extracted_fish/Naso/Naso_brachycentron/010_gbif_6178986390_mask.png
Naso/Naso_brachycentron/011_gbif_6185434491.jpg,flagged,multiple_fish,,,,
Naso/Naso_brachycentron/012_gbif_6185935172.jpg,flagged,multiple_fish,,,,
Naso/Naso_brachycentron/013_gbif_6274047491.jpg,accepted,ok,0.7531061172485352,0.17379138026129728,data/extracted_fish/Naso/Naso_brachycentron/013_gbif_6274047491.png,data/extracted_fish/Naso/Naso_brachycentron/013_gbif_6274047491_mask.png
Naso/Naso_brachycentron/014_gbif_6441846890.jpg,accepted,ok,0.6373581886291504,0.26267225163258845,data/extracted_fish/Naso/Naso_brachycentron/014_gbif_6441846890.png,data/extracted_fish/Naso/Naso_brachycentron/014_gbif_6441846890_mask.png
Naso/Naso_brachycentron/015_gbif_6251444693.jpg,flagged,multiple_fish,,,,
Naso/Naso_brachycentron/016_gbif_6252203471.jpg,flagged,multiple_fish,,,,
Naso/Naso_brachycentron/017_gbif_6253235255.jpg,accepted,ok,0.709415078163147,0.15000459573623917,data/extracted_fish/Naso/Naso_brachycentron/017_gbif_6253235255.png,data/extracted_fish/Naso/Naso_brachycentron/017_gbif_6253235255_mask.png
Naso/Naso_brachycentron/018_gbif_6273205663.jpg,flagged,multiple_fish,,,,
Naso/Naso_brachycentron/019_gbif_6273785026.jpg,accepted,ok,0.7977104187011719,0.0547305226778816,data/extracted_fish/Naso/Naso_brachycentron/019_gbif_6273785026.png,data/extracted_fish/Naso/Naso_brachycentron/019_gbif_6273785026_mask.png
Naso/Naso_brachycentron/020_gbif_6273912421.jpg,flagged,multiple_fish,,,,
Naso/Naso_brachycentron/021_gbif_6274166600.jpg,flagged,multiple_fish,,,,
Naso/Naso_brachycentron/022_gbif_6320588501.jpg,flagged,multiple_fish,,,,
Naso/Naso_brachycentron/023_gbif_6334171370.jpg,accepted,ok,0.7223935127258301,0.03936130368891834,data/extracted_fish/Naso/Naso_brachycentron/023_gbif_6334171370.png,data/extracted_fish/Naso/Naso_brachycentron/023_gbif_6334171370_mask.png
Naso/Naso_brachycentron/024_gbif_6353197573.jpg,flagged,multiple_fish,,,,
Naso/Naso_brevirostris/000_reference.jpeg,accepted,ok,0.8491182327270508,0.041452925740592096,data/extracted_fish/Naso/Naso_brevirostris/000_reference.png,data/extracted_fish/Naso/Naso_brevirostris/000_reference_mask.png
Naso/Naso_brevirostris/001_gbif_6129976804.jpg,accepted,ok,0.9022926688194275,0.0814859631551706,data/extracted_fish/Naso/Naso_brevirostris/001_gbif_6129976804.png,data/extracted_fish/Naso/Naso_brevirostris/001_gbif_6129976804_mask.png
Naso/Naso_brevirostris/002_gbif_6130517893.jpg,accepted,ok,0.8598634600639343,0.0847182281864365,data/extracted_fish/Naso/Naso_brevirostris/002_gbif_6130517893.png,data/extracted_fish/Naso/Naso_brevirostris/002_gbif_6130517893_mask.png
Naso/Naso_brevirostris/003_gbif_6131573335.jpg,accepted,ok,0.9000905156135559,0.14764228652456168,data/extracted_fish/Naso/Naso_brevirostris/003_gbif_6131573335.png,data/extracted_fish/Naso/Naso_brevirostris/003_gbif_6131573335_mask.png
Naso/Naso_brevirostris/004_gbif_6178421315.jpg,accepted,ok,0.8465307950973511,0.03362652092884496,data/extracted_fish/Naso/Naso_brevirostris/004_gbif_6178421315.png,data/extracted_fish/Naso/Naso_brevirostris/004_gbif_6178421315_mask.png
Naso/Naso_brevirostris/005_gbif_6178750215.jpg,flagged,multiple_fish,,,,
Naso/Naso_brevirostris/006_gbif_6185038957.jpg,flagged,multiple_fish,,,,
Naso/Naso_brevirostris/007_gbif_6159141137.jpg,accepted,ok,0.5434454083442688,0.10258663192121623,data/extracted_fish/Naso/Naso_brevirostris/007_gbif_6159141137.png,data/extracted_fish/Naso/Naso_brevirostris/007_gbif_6159141137_mask.png
Naso/Naso_brevirostris/008_gbif_6185143970.jpg,accepted,ok,0.891411542892456,0.04559502400398302,data/extracted_fish/Naso/Naso_brevirostris/008_gbif_6185143970.png,data/extracted_fish/Naso/Naso_brevirostris/008_gbif_6185143970_mask.png
Naso/Naso_brevirostris/009_gbif_6185907314.jpg,accepted,ok,0.7400200963020325,0.008714542388219377,data/extracted_fish/Naso/Naso_brevirostris/009_gbif_6185907314.png,data/extracted_fish/Naso/Naso_brevirostris/009_gbif_6185907314_mask.png
Naso/Naso_brevirostris/010_gbif_6188299851.jpg,accepted,ok,0.8920140266418457,0.23262350045712235,data/extracted_fish/Naso/Naso_brevirostris/010_gbif_6188299851.png,data/extracted_fish/Naso/Naso_brevirostris/010_gbif_6188299851_mask.png
Naso/Naso_brevirostris/011_gbif_6170972478.jpg,flagged,multiple_fish,,,,
Naso/Naso_brevirostris/012_gbif_6188632787.jpg,flagged,multiple_fish,,,,
Naso/Naso_brevirostris/013_gbif_6178837182.jpg,accepted,ok,0.8507096767425537,0.030091412842135186,data/extracted_fish/Naso/Naso_brevirostris/013_gbif_6178837182.png,data/extracted_fish/Naso/Naso_brevirostris/013_gbif_6178837182_mask.png
Naso/Naso_brevirostris/014_gbif_6234677619.jpg,flagged,multiple_fish,,,,
Naso/Naso_brevirostris/015_gbif_6236339910.jpg,flagged,multiple_fish,,,,
Naso/Naso_brevirostris/016_gbif_6187999624.jpg,accepted,ok,0.8980943560600281,0.02683281308448844,data/extracted_fish/Naso/Naso_brevirostris/016_gbif_6187999624.png,data/extracted_fish/Naso/Naso_brevirostris/016_gbif_6187999624_mask.png
Naso/Naso_brevirostris/017_gbif_6414101554.jpg,accepted,ok,0.7948351502418518,0.11670402231723906,data/extracted_fish/Naso/Naso_brevirostris/017_gbif_6414101554.png,data/extracted_fish/Naso/Naso_brevirostris/017_gbif_6414101554_mask.png
Naso/Naso_brevirostris/018_gbif_6171162878.jpg,flagged,multiple_fish,,,,
Naso/Naso_brevirostris/019_gbif_6188679526.jpg,accepted,ok,0.8473853468894958,0.03424635696961749,data/extracted_fish/Naso/Naso_brevirostris/019_gbif_6188679526.png,data/extracted_fish/Naso/Naso_brevirostris/019_gbif_6188679526_mask.png
Naso/Naso_brevirostris/020_gbif_6195668375.jpg,flagged,multiple_fish,,,,
Naso/Naso_brevirostris/021_gbif_6234651888.jpg,accepted,ok,0.8125119209289551,0.15234869121047473,data/extracted_fish/Naso/Naso_brevirostris/021_gbif_6234651888.png,data/extracted_fish/Naso/Naso_brevirostris/021_gbif_6234651888_mask.png
Naso/Naso_brevirostris/022_gbif_6178711679.jpg,accepted,ok,0.889591634273529,0.05353538682812652,data/extracted_fish/Naso/Naso_brevirostris/022_gbif_6178711679.png,data/extracted_fish/Naso/Naso_brevirostris/022_gbif_6178711679_mask.png
Naso/Naso_brevirostris/023_gbif_6195568951.jpg,accepted,ok,0.872514009475708,0.017348555551546692,data/extracted_fish/Naso/Naso_brevirostris/023_gbif_6195568951.png,data/extracted_fish/Naso/Naso_brevirostris/023_gbif_6195568951_mask.png
Naso/Naso_brevirostris/024_gbif_6235743606.jpg,flagged,multiple_fish,,,,
Naso/Naso_caesius/000_reference.jpeg,accepted,ok,0.878433883190155,0.14991915622744345,data/extracted_fish/Naso/Naso_caesius/000_reference.png,data/extracted_fish/Naso/Naso_caesius/000_reference_mask.png
Naso/Naso_caesius/001_gbif_6159292376.jpg,accepted,ok,0.8375869989395142,0.06514862146435832,data/extracted_fish/Naso/Naso_caesius/001_gbif_6159292376.png,data/extracted_fish/Naso/Naso_caesius/001_gbif_6159292376_mask.png
Naso/Naso_caesius/002_gbif_6163118245.jpg,flagged,multiple_fish,,,,
Naso/Naso_caesius/003_gbif_5198884524.jpg,flagged,multiple_fish,,,,
Naso/Naso_caesius/004_gbif_5292723157.jpg,flagged,multiple_fish,,,,
Naso/Naso_caesius/005_gbif_5868133131.jpg,flagged,multiple_fish,,,,
Naso/Naso_caesius/006_gbif_5839950943.jpg,accepted,ok,0.854236364364624,0.07263458354596236,data/extracted_fish/Naso/Naso_caesius/006_gbif_5839950943.png,data/extracted_fish/Naso/Naso_caesius/006_gbif_5839950943_mask.png
Naso/Naso_caesius/007_gbif_5932198216.jpg,accepted,ok,0.8669307231903076,0.08976177662708265,data/extracted_fish/Naso/Naso_caesius/007_gbif_5932198216.png,data/extracted_fish/Naso/Naso_caesius/007_gbif_5932198216_mask.png
Naso/Naso_caesius/008_gbif_4438770327.jpg,accepted,ok,0.8912672400474548,0.10117357099778425,data/extracted_fish/Naso/Naso_caesius/008_gbif_4438770327.png,data/extracted_fish/Naso/Naso_caesius/008_gbif_4438770327_mask.png
Naso/Naso_caesius/009_gbif_5838388434.jpg,accepted,ok,0.7787739038467407,0.10712228913068128,data/extracted_fish/Naso/Naso_caesius/009_gbif_5838388434.png,data/extracted_fish/Naso/Naso_caesius/009_gbif_5838388434_mask.png
Naso/Naso_caesius/010_gbif_5932311403.jpg,flagged,multiple_fish,,,,
Naso/Naso_caesius/011_gbif_1933548958.jpg,accepted,ok,0.9222275018692017,0.2713720009929722,data/extracted_fish/Naso/Naso_caesius/011_gbif_1933548958.png,data/extracted_fish/Naso/Naso_caesius/011_gbif_1933548958_mask.png
Naso/Naso_caesius/012_gbif_5932756638.jpg,flagged,multiple_fish,,,,
Naso/Naso_caesius/013_gbif_1944402576.jpg,flagged,multiple_fish,,,,
Naso/Naso_caesius/014_gbif_3988511792.jpeg,accepted,ok,0.8277057409286499,0.052783886402575655,data/extracted_fish/Naso/Naso_caesius/014_gbif_3988511792.png,data/extracted_fish/Naso/Naso_caesius/014_gbif_3988511792_mask.png
Naso/Naso_caesius/015_gbif_5154932733.jpg,flagged,multiple_fish,,,,
Naso/Naso_caesius/016_gbif_3988536256.jpeg,accepted,ok,0.8421036005020142,0.12899229386421907,data/extracted_fish/Naso/Naso_caesius/016_gbif_3988536256.png,data/extracted_fish/Naso/Naso_caesius/016_gbif_3988536256_mask.png
Naso/Naso_caesius/017_gbif_5838063892.jpg,flagged,multiple_fish,,,,
Naso/Naso_caesius/018_gbif_4919686517.jpg,flagged,multiple_fish,,,,
Naso/Naso_caesius/019_gbif_5133340427.jpg,flagged,multiple_fish,,,,
Naso/Naso_caesius/020_gbif_2981006625.jpeg,accepted,ok,0.9131487607955933,0.10890895793172407,data/extracted_fish/Naso/Naso_caesius/020_gbif_2981006625.png,data/extracted_fish/Naso/Naso_caesius/020_gbif_2981006625_mask.png
Naso/Naso_caesius/021_gbif_4028856579.jpg,accepted,ok,0.8957321047782898,0.028232043835930157,data/extracted_fish/Naso/Naso_caesius/021_gbif_4028856579.png,data/extracted_fish/Naso/Naso_caesius/021_gbif_4028856579_mask.png
Naso/Naso_caesius/022_gbif_5838186385.jpg,accepted,ok,0.8408237099647522,0.0176467060874116,data/extracted_fish/Naso/Naso_caesius/022_gbif_5838186385.png,data/extracted_fish/Naso/Naso_caesius/022_gbif_5838186385_mask.png
Naso/Naso_caesius/023_gbif_4936390226.jpg,accepted,ok,0.8461155891418457,0.04959436304408629,data/extracted_fish/Naso/Naso_caesius/023_gbif_4936390226.png,data/extracted_fish/Naso/Naso_caesius/023_gbif_4936390226_mask.png
Naso/Naso_caesius/024_gbif_3399477330.jpeg,flagged,multiple_fish,,,,
Naso/Naso_fageni/000_reference.jpeg,accepted,ok,0.7803447842597961,0.08728332078393947,data/extracted_fish/Naso/Naso_fageni/000_reference.png,data/extracted_fish/Naso/Naso_fageni/000_reference_mask.png
Naso/Naso_fageni/001_gbif_5153201399.jpg,flagged,multiple_fish,,,,
Naso/Naso_fageni/002_gbif_5168193911.jpg,flagged,multiple_fish,,,,
Naso/Naso_fageni/003_gbif_5205878957.jpg,accepted,ok,0.9208387732505798,0.07759673176652022,data/extracted_fish/Naso/Naso_fageni/003_gbif_5205878957.png,data/extracted_fish/Naso/Naso_fageni/003_gbif_5205878957_mask.png
Naso/Naso_fageni/004_gbif_5205963995.jpg,flagged,multiple_fish,,,,
Naso/Naso_fageni/005_gbif_6178945778.jpg,flagged,multiple_fish,,,,
Naso/Naso_fageni/006_gbif_4952930199.jpg,flagged,multiple_fish,,,,
Naso/Naso_fageni/007_gbif_4075919732.jpg,accepted,ok,0.7583330273628235,0.05775444502109972,data/extracted_fish/Naso/Naso_fageni/007_gbif_4075919732.png,data/extracted_fish/Naso/Naso_fageni/007_gbif_4075919732_mask.png
Naso/Naso_fageni/008_gbif_5139965744.jpeg,flagged,multiple_fish,,,,
Naso/Naso_fageni/009_gbif_2826471337.jpg,accepted,ok,0.9186649322509766,0.0977091297057353,data/extracted_fish/Naso/Naso_fageni/009_gbif_2826471337.png,data/extracted_fish/Naso/Naso_fageni/009_gbif_2826471337_mask.png
Naso/Naso_fageni/010_gbif_2283073087.jpg,flagged,multiple_fish,,,,
Naso/Naso_fageni/011_gbif_2294450582.jpg,accepted,ok,0.7519211173057556,0.04288496582756552,data/extracted_fish/Naso/Naso_fageni/011_gbif_2294450582.png,data/extracted_fish/Naso/Naso_fageni/011_gbif_2294450582_mask.png
Naso/Naso_fageni/012_gbif_2460112928.jpg,flagged,multiple_fish,,,,
Naso/Naso_fageni/013_gbif_2236868896.jpg,flagged,multiple_fish,,,,
Naso/Naso_fageni/014_gbif_2294409139.jpg,flagged,multiple_fish,,,,
Naso/Naso_fageni/015_gbif_4111979020.jpeg,flagged,multiple_fish,,,,
Naso/Naso_fageni/016_gbif_2294450465.jpg,accepted,ok,0.8790954351425171,0.043504404905104065,data/extracted_fish/Naso/Naso_fageni/016_gbif_2294450465.png,data/extracted_fish/Naso/Naso_fageni/016_gbif_2294450465_mask.png
Naso/Naso_fageni/017_gbif_2235476424.jpg,flagged,multiple_fish,,,,
Naso/Naso_fageni/018_gbif_2864587507.jpg,accepted,ok,0.824517011642456,0.07173748997926008,data/extracted_fish/Naso/Naso_fageni/018_gbif_2864587507.png,data/extracted_fish/Naso/Naso_fageni/018_gbif_2864587507_mask.png
Naso/Naso_fageni/019_gbif_3383835240.jpeg,accepted,ok,0.8589807152748108,0.03731224554890768,data/extracted_fish/Naso/Naso_fageni/019_gbif_3383835240.png,data/extracted_fish/Naso/Naso_fageni/019_gbif_3383835240_mask.png
Naso/Naso_fageni/020_gbif_1230334288.jpg,accepted,ok,0.7515692710876465,0.03620264735449215,data/extracted_fish/Naso/Naso_fageni/020_gbif_1230334288.png,data/extracted_fish/Naso/Naso_fageni/020_gbif_1230334288_mask.png
Naso/Naso_fageni/021_gbif_1230333888.jpg,flagged,multiple_fish,,,,
Naso/Naso_hexacanthus/000_reference.jpeg,flagged,multiple_fish,,,,
Naso/Naso_hexacanthus/001_gbif_6162976380.jpg,accepted,ok,0.8565225601196289,0.027960543486523593,data/extracted_fish/Naso/Naso_hexacanthus/001_gbif_6162976380.png,data/extracted_fish/Naso/Naso_hexacanthus/001_gbif_6162976380_mask.png
Naso/Naso_hexacanthus/002_gbif_6162988534.jpg,flagged,multiple_fish,,,,
Naso/Naso_hexacanthus/003_gbif_6171309522.jpg,accepted,ok,0.8333101272583008,0.1650306883963704,data/extracted_fish/Naso/Naso_hexacanthus/003_gbif_6171309522.png,data/extracted_fish/Naso/Naso_hexacanthus/003_gbif_6171309522_mask.png
Naso/Naso_hexacanthus/004_gbif_6178688040.jpg,flagged,multiple_fish,,,,
Naso/Naso_hexacanthus/005_gbif_6179163369.jpg,flagged,multiple_fish,,,,
Naso/Naso_hexacanthus/006_gbif_6179259832.jpg,flagged,multiple_fish,,,,
Naso/Naso_hexacanthus/007_gbif_6184764481.jpg,flagged,multiple_fish,,,,
Naso/Naso_hexacanthus/008_gbif_6171354158.jpg,flagged,multiple_fish,,,,
Naso/Naso_hexacanthus/009_gbif_6185631089.jpg,flagged,multiple_fish,,,,
Naso/Naso_hexacanthus/010_gbif_6195246521.jpg,flagged,multiple_fish,,,,
Naso/Naso_hexacanthus/011_gbif_6195525576.jpg,flagged,multiple_fish,,,,
Naso/Naso_hexacanthus/012_gbif_6188488286.jpg,flagged,multiple_fish,,,,
Naso/Naso_hexacanthus/013_gbif_6234714808.jpg,accepted,ok,0.9220857620239258,0.261059470777122,data/extracted_fish/Naso/Naso_hexacanthus/013_gbif_6234714808.png,data/extracted_fish/Naso/Naso_hexacanthus/013_gbif_6234714808_mask.png
Naso/Naso_hexacanthus/014_gbif_6252112391.jpg,flagged,multiple_fish,,,,
Naso/Naso_hexacanthus/015_gbif_6252319358.jpg,accepted,ok,0.8976229429244995,0.10163660633069224,data/extracted_fish/Naso/Naso_hexacanthus/015_gbif_6252319358.png,data/extracted_fish/Naso/Naso_hexacanthus/015_gbif_6252319358_mask.png
Naso/Naso_hexacanthus/016_gbif_6252989310.jpg,flagged,multiple_fish,,,,
Naso/Naso_hexacanthus/017_gbif_6253068048.jpg,accepted,ok,0.8065351843833923,0.2301381355303033,data/extracted_fish/Naso/Naso_hexacanthus/017_gbif_6253068048.png,data/extracted_fish/Naso/Naso_hexacanthus/017_gbif_6253068048_mask.png
Naso/Naso_hexacanthus/018_gbif_6253198721.jpg,flagged,multiple_fish,,,,
Naso/Naso_hexacanthus/019_gbif_6273786745.jpg,flagged,multiple_fish,,,,
Naso/Naso_hexacanthus/020_gbif_6273876140.jpg,flagged,multiple_fish,,,,
Naso/Naso_hexacanthus/021_gbif_6321095346.jpg,accepted,ok,0.5152282118797302,0.15166304065782302,data/extracted_fish/Naso/Naso_hexacanthus/021_gbif_6321095346.png,data/extracted_fish/Naso/Naso_hexacanthus/021_gbif_6321095346_mask.png
Naso/Naso_hexacanthus/022_gbif_6334240044.jpg,accepted,ok,0.8900628089904785,0.022642962888672746,data/extracted_fish/Naso/Naso_hexacanthus/022_gbif_6334240044.png,data/extracted_fish/Naso/Naso_hexacanthus/022_gbif_6334240044_mask.png
Naso/Naso_hexacanthus/023_gbif_6334849387.jpg,flagged,multiple_fish,,,,
Naso/Naso_hexacanthus/024_gbif_6352984963.jpg,accepted,ok,0.7857463955879211,0.07918698024750305,data/extracted_fish/Naso/Naso_hexacanthus/024_gbif_6352984963.png,data/extracted_fish/Naso/Naso_hexacanthus/024_gbif_6352984963_mask.png
Naso/Naso_lituratus/000_reference.jpeg,accepted,ok,0.6343848705291748,0.05909631777548233,data/extracted_fish/Naso/Naso_lituratus/000_reference.png,data/extracted_fish/Naso/Naso_lituratus/000_reference_mask.png
Naso/Naso_lituratus/001_gbif_5938715719.jpg,accepted,ok,0.7150416374206543,0.04168790053974973,data/extracted_fish/Naso/Naso_lituratus/001_gbif_5938715719.png,data/extracted_fish/Naso/Naso_lituratus/001_gbif_5938715719_mask.png
Naso/Naso_lituratus/002_gbif_6129882913.jpg,accepted,ok,0.8869839310646057,0.13030650065602467,data/extracted_fish/Naso/Naso_lituratus/002_gbif_6129882913.png,data/extracted_fish/Naso/Naso_lituratus/002_gbif_6129882913_mask.png
Naso/Naso_lituratus/003_gbif_6130234557.jpg,accepted,ok,0.812358021736145,0.15779085900902975,data/extracted_fish/Naso/Naso_lituratus/003_gbif_6130234557.png,data/extracted_fish/Naso/Naso_lituratus/003_gbif_6130234557_mask.png
Naso/Naso_lituratus/004_gbif_6130303146.jpg,flagged,box_too_small,0.7766321897506714,0.17294385231278703,,
Naso/Naso_lituratus/005_gbif_6130523838.jpg,accepted,ok,0.8458804488182068,0.11189103116658584,data/extracted_fish/Naso/Naso_lituratus/005_gbif_6130523838.png,data/extracted_fish/Naso/Naso_lituratus/005_gbif_6130523838_mask.png
Naso/Naso_lituratus/006_gbif_6130643997.jpg,accepted,ok,0.8017169833183289,0.29662507794850523,data/extracted_fish/Naso/Naso_lituratus/006_gbif_6130643997.png,data/extracted_fish/Naso/Naso_lituratus/006_gbif_6130643997_mask.png
Naso/Naso_lituratus/007_gbif_6130801380.jpg,accepted,ok,0.8820897340774536,0.12358542213396873,data/extracted_fish/Naso/Naso_lituratus/007_gbif_6130801380.png,data/extracted_fish/Naso/Naso_lituratus/007_gbif_6130801380_mask.png
Naso/Naso_lituratus/008_gbif_6131089846.jpg,flagged,multiple_fish,,,,
Naso/Naso_lituratus/009_gbif_6131187808.jpg,accepted,ok,0.8571639657020569,0.056701650430414564,data/extracted_fish/Naso/Naso_lituratus/009_gbif_6131187808.png,data/extracted_fish/Naso/Naso_lituratus/009_gbif_6131187808_mask.png
Naso/Naso_lituratus/010_gbif_6131658681.jpg,flagged,multiple_fish,,,,
Naso/Naso_lituratus/011_gbif_6131264940.jpg,accepted,ok,0.8407960534095764,0.11628039780450952,data/extracted_fish/Naso/Naso_lituratus/011_gbif_6131264940.png,data/extracted_fish/Naso/Naso_lituratus/011_gbif_6131264940_mask.png
Naso/Naso_lituratus/012_gbif_6133152092.jpg,accepted,ok,0.9054358601570129,0.037914532560050576,data/extracted_fish/Naso/Naso_lituratus/012_gbif_6133152092.png,data/extracted_fish/Naso/Naso_lituratus/012_gbif_6133152092_mask.png
Naso/Naso_lituratus/013_gbif_6131399726.jpg,accepted,ok,0.8495267629623413,0.09635174104246867,data/extracted_fish/Naso/Naso_lituratus/013_gbif_6131399726.png,data/extracted_fish/Naso/Naso_lituratus/013_gbif_6131399726_mask.png
Naso/Naso_lituratus/014_gbif_6131406070.jpg,flagged,multiple_fish,,,,
Naso/Naso_lituratus/015_gbif_6133477176.jpg,flagged,multiple_fish,,,,
Naso/Naso_lituratus/016_gbif_6131416337.jpg,flagged,multiple_fish,,,,
Naso/Naso_lituratus/017_gbif_6162863338.jpg,accepted,ok,0.6666908264160156,0.2171405950739042,data/extracted_fish/Naso/Naso_lituratus/017_gbif_6162863338.png,data/extracted_fish/Naso/Naso_lituratus/017_gbif_6162863338_mask.png
Naso/Naso_lituratus/018_gbif_6131432681.jpg,accepted,ok,0.8010140657424927,0.10927353574539897,data/extracted_fish/Naso/Naso_lituratus/018_gbif_6131432681.png,data/extracted_fish/Naso/Naso_lituratus/018_gbif_6131432681_mask.png
Naso/Naso_lituratus/019_gbif_6162920236.jpg,flagged,multiple_fish,,,,
Naso/Naso_lituratus/020_gbif_6131458782.jpg,accepted,ok,0.557826578617096,0.059783900348466854,data/extracted_fish/Naso/Naso_lituratus/020_gbif_6131458782.png,data/extracted_fish/Naso/Naso_lituratus/020_gbif_6131458782_mask.png
Naso/Naso_lituratus/021_gbif_6147614403.jpg,flagged,multiple_fish,,,,
Naso/Naso_lituratus/022_gbif_6412966053.jpg,accepted,ok,0.502685546875,0.09317051580391719,data/extracted_fish/Naso/Naso_lituratus/022_gbif_6412966053.png,data/extracted_fish/Naso/Naso_lituratus/022_gbif_6412966053_mask.png
Naso/Naso_lituratus/023_gbif_6162787669.jpg,accepted,ok,0.8545409440994263,0.2886739606525714,data/extracted_fish/Naso/Naso_lituratus/023_gbif_6162787669.png,data/extracted_fish/Naso/Naso_lituratus/023_gbif_6162787669_mask.png
Naso/Naso_lituratus/024_gbif_6413087388.jpg,flagged,multiple_fish,,,,
Naso/Naso_maculatus/000_reference.jpeg,flagged,multiple_fish,,,,
Naso/Naso_minor/000_reference.jpeg,accepted,ok,0.8397179245948792,0.0453462553295886,data/extracted_fish/Naso/Naso_minor/000_reference.png,data/extracted_fish/Naso/Naso_minor/000_reference_mask.png
Naso/Naso_minor/001_gbif_6179405273.jpg,flagged,multiple_fish,,,,
Naso/Naso_minor/002_gbif_6234235158.jpg,flagged,multiple_fish,,,,
Naso/Naso_minor/003_gbif_6234692741.jpg,flagged,multiple_fish,,,,
Naso/Naso_minor/004_gbif_6235667415.jpg,flagged,multiple_fish,,,,
Naso/Naso_minor/005_gbif_6251959012.jpg,flagged,multiple_fish,,,,
Naso/Naso_minor/006_gbif_6252355313.jpg,flagged,multiple_fish,,,,
Naso/Naso_minor/007_gbif_6273624965.jpg,accepted,ok,0.8096393942832947,0.0021924000929718886,data/extracted_fish/Naso/Naso_minor/007_gbif_6273624965.png,data/extracted_fish/Naso/Naso_minor/007_gbif_6273624965_mask.png
Naso/Naso_minor/008_gbif_6273733735.jpg,accepted,ok,0.8865256309509277,0.04947898208146718,data/extracted_fish/Naso/Naso_minor/008_gbif_6273733735.png,data/extracted_fish/Naso/Naso_minor/008_gbif_6273733735_mask.png
Naso/Naso_minor/009_gbif_6399033315.jpg,flagged,multiple_fish,,,,
Naso/Naso_minor/010_gbif_6413244988.jpg,flagged,multiple_fish,,,,
Naso/Naso_minor/011_gbif_6441592535.jpg,flagged,multiple_fish,,,,
Naso/Naso_minor/012_gbif_6451901512.jpg,flagged,multiple_fish,,,,
Naso/Naso_minor/013_gbif_6469797380.jpg,flagged,multiple_fish,,,,
Naso/Naso_minor/014_gbif_5153782356.jpg,flagged,multiple_fish,,,,
Naso/Naso_minor/015_gbif_5176949590.jpg,accepted,ok,0.9154783487319946,0.1366437942664813,data/extracted_fish/Naso/Naso_minor/015_gbif_5176949590.png,data/extracted_fish/Naso/Naso_minor/015_gbif_5176949590_mask.png
Naso/Naso_minor/016_gbif_5920095224.jpg,accepted,ok,0.8888924717903137,0.02238392089431339,data/extracted_fish/Naso/Naso_minor/016_gbif_5920095224.png,data/extracted_fish/Naso/Naso_minor/016_gbif_5920095224_mask.png
Naso/Naso_minor/017_gbif_5932454434.jpg,flagged,multiple_fish,,,,
Naso/Naso_minor/018_gbif_5292165305.jpg,flagged,multiple_fish,,,,
Naso/Naso_minor/019_gbif_5292276070.jpg,accepted,ok,0.7965094447135925,0.052128682993799205,data/extracted_fish/Naso/Naso_minor/019_gbif_5292276070.png,data/extracted_fish/Naso/Naso_minor/019_gbif_5292276070_mask.png
Naso/Naso_minor/020_gbif_5293164447.jpg,flagged,multiple_fish,,,,
Naso/Naso_minor/021_gbif_5936076025.jpg,flagged,multiple_fish,,,,
Naso/Naso_minor/022_gbif_5936372661.jpg,flagged,multiple_fish,,,,
Naso/Naso_minor/023_gbif_5938098478.jpg,flagged,multiple_fish,,,,
Naso/Naso_minor/024_gbif_5063683678.jpeg,flagged,multiple_fish,,,,
Naso/Naso_tergus/000_reference.jpeg,accepted,ok,0.8786696195602417,0.014080289677635863,data/extracted_fish/Naso/Naso_tergus/000_reference.png,data/extracted_fish/Naso/Naso_tergus/000_reference_mask.png
Naso/Naso_tonganus/000_reference.webp,flagged,multiple_fish,,,,
Naso/Naso_tonganus/001_gbif_6129839224.jpg,flagged,multiple_fish,,,,
Naso/Naso_tonganus/002_gbif_6131181889.jpg,flagged,multiple_fish,,,,
Naso/Naso_tonganus/003_gbif_6171206744.jpg,flagged,multiple_fish,,,,
Naso/Naso_tonganus/004_gbif_6178938336.jpg,accepted,ok,0.8720290064811707,0.0829970269252597,data/extracted_fish/Naso/Naso_tonganus/004_gbif_6178938336.png,data/extracted_fish/Naso/Naso_tonganus/004_gbif_6178938336_mask.png
Naso/Naso_tonganus/005_gbif_6184799203.jpg,accepted,ok,0.7666513919830322,0.10824391957820305,data/extracted_fish/Naso/Naso_tonganus/005_gbif_6184799203.png,data/extracted_fish/Naso/Naso_tonganus/005_gbif_6184799203_mask.png
Naso/Naso_tonganus/006_gbif_6251465565.jpg,accepted,ok,0.8761076331138611,0.08320812374251377,data/extracted_fish/Naso/Naso_tonganus/006_gbif_6251465565.png,data/extracted_fish/Naso/Naso_tonganus/006_gbif_6251465565_mask.png
Naso/Naso_tonganus/007_gbif_6273198750.jpg,accepted,ok,0.8981594443321228,0.028082818231607937,data/extracted_fish/Naso/Naso_tonganus/007_gbif_6273198750.png,data/extracted_fish/Naso/Naso_tonganus/007_gbif_6273198750_mask.png
Naso/Naso_tonganus/008_gbif_6273415791.jpg,accepted,ok,0.8904873132705688,0.1417866278763266,data/extracted_fish/Naso/Naso_tonganus/008_gbif_6273415791.png,data/extracted_fish/Naso/Naso_tonganus/008_gbif_6273415791_mask.png
Naso/Naso_tonganus/009_gbif_6334057517.jpg,accepted,ok,0.9005423784255981,0.07857300654275766,data/extracted_fish/Naso/Naso_tonganus/009_gbif_6334057517.png,data/extracted_fish/Naso/Naso_tonganus/009_gbif_6334057517_mask.png
Naso/Naso_tonganus/010_gbif_6334200378.jpg,accepted,ok,0.8921481966972351,0.05529799207564097,data/extracted_fish/Naso/Naso_tonganus/010_gbif_6334200378.png,data/extracted_fish/Naso/Naso_tonganus/010_gbif_6334200378_mask.png
Naso/Naso_tonganus/011_gbif_6353194304.jpg,accepted,ok,0.8905030488967896,0.19019214612004864,data/extracted_fish/Naso/Naso_tonganus/011_gbif_6353194304.png,data/extracted_fish/Naso/Naso_tonganus/011_gbif_6353194304_mask.png
Naso/Naso_tonganus/012_gbif_6353368911.jpg,flagged,multiple_fish,,,,
Naso/Naso_tonganus/013_gbif_6398866893.jpg,flagged,box_too_small,0.834007978439331,0.31816812093304936,,
Naso/Naso_tonganus/014_gbif_6413298699.jpg,flagged,multiple_fish,,,,
Naso/Naso_tonganus/015_gbif_6441972617.jpg,flagged,multiple_fish,,,,
Naso/Naso_tonganus/016_gbif_6441585890.jpg,flagged,multiple_fish,,,,
Naso/Naso_tonganus/017_gbif_6470347878.jpg,accepted,ok,0.8162097334861755,0.13808219225642007,data/extracted_fish/Naso/Naso_tonganus/017_gbif_6470347878.png,data/extracted_fish/Naso/Naso_tonganus/017_gbif_6470347878_mask.png
Naso/Naso_tonganus/018_gbif_5087758256.jpeg,flagged,multiple_fish,,,,
Naso/Naso_tonganus/019_gbif_5932621609.jpg,flagged,multiple_fish,,,,
Naso/Naso_tonganus/020_gbif_5230443223.jpg,flagged,multiple_fish,,,,
Naso/Naso_tonganus/021_gbif_5889243409.jpg,flagged,multiple_fish,,,,
Naso/Naso_tonganus/022_gbif_5292370148.jpg,accepted,ok,0.8579121232032776,0.07044059521528939,data/extracted_fish/Naso/Naso_tonganus/022_gbif_5292370148.png,data/extracted_fish/Naso/Naso_tonganus/022_gbif_5292370148_mask.png
Naso/Naso_tonganus/023_gbif_6399024343.jpg,flagged,multiple_fish,,,,
Naso/Naso_tonganus/024_gbif_6131367145.jpg,accepted,ok,0.8356492519378662,0.0759831538741735,data/extracted_fish/Naso/Naso_tonganus/024_gbif_6131367145.png,data/extracted_fish/Naso/Naso_tonganus/024_gbif_6131367145_mask.png
Naso/Naso_tuberosus/000_reference.jpeg,accepted,ok,0.8637797236442566,0.12384395914531432,data/extracted_fish/Naso/Naso_tuberosus/000_reference.png,data/extracted_fish/Naso/Naso_tuberosus/000_reference_mask.png
Naso/Naso_tuberosus/001_gbif_4868057561.jpg,flagged,multiple_fish,,,,
Naso/Naso_tuberosus/002_gbif_1230401578.jpg,accepted,ok,0.852052628993988,0.009430768402437159,data/extracted_fish/Naso/Naso_tuberosus/002_gbif_1230401578.png,data/extracted_fish/Naso/Naso_tuberosus/002_gbif_1230401578_mask.png
Naso/Naso_tuberosus/003_gbif_1056879413.jpg,flagged,no_detection,,,,
Naso/Naso_tuberosus/004_gbif_1055538031.jpg,flagged,no_detection,,,,
Naso/Naso_tuberosus/005_gbif_1055678970.jpg,flagged,no_detection,,,,
Naso/Naso_tuberosus/006_gbif_1055899677.jpg,flagged,no_detection,,,,
Naso/Naso_tuberosus/007_gbif_1055916377.jpg,flagged,no_detection,,,,
Naso/Naso_tuberosus/008_gbif_1056110241.jpg,flagged,no_detection,,,,
Naso/Naso_tuberosus/009_gbif_1056146540.jpg,flagged,no_detection,,,,
Naso/Naso_tuberosus/010_gbif_1317484026.jpg,flagged,multiple_fish,,,,
Naso/Naso_tuberosus/011_gbif_1317623280.jpg,flagged,multiple_fish,,,,
Naso/Naso_tuberosus/012_gbif_1319125384.jpg,accepted,ok,0.77812260389328,0.13835074306476522,data/extracted_fish/Naso/Naso_tuberosus/012_gbif_1319125384.png,data/extracted_fish/Naso/Naso_tuberosus/012_gbif_1319125384_mask.png
Naso/Naso_unicornis/000_reference.jpeg,accepted,ok,0.8682124614715576,0.029146548773272198,data/extracted_fish/Naso/Naso_unicornis/000_reference.png,data/extracted_fish/Naso/Naso_unicornis/000_reference_mask.png
Naso/Naso_unicornis/001_gbif_5938241825.jpg,accepted,ok,0.40433764457702637,0.28874464420047513,data/extracted_fish/Naso/Naso_unicornis/001_gbif_5938241825.png,data/extracted_fish/Naso/Naso_unicornis/001_gbif_5938241825_mask.png
Naso/Naso_unicornis/002_gbif_5938465121.jpg,flagged,multiple_fish,,,,
Naso/Naso_unicornis/003_gbif_5938513845.jpg,accepted,ok,0.8592976331710815,0.07973150819293948,data/extracted_fish/Naso/Naso_unicornis/003_gbif_5938513845.png,data/extracted_fish/Naso/Naso_unicornis/003_gbif_5938513845_mask.png
Naso/Naso_unicornis/004_gbif_6129894027.jpg,flagged,multiple_fish,,,,
Naso/Naso_unicornis/005_gbif_6130012245.jpg,accepted,ok,0.8075059056282043,0.21599783333462533,data/extracted_fish/Naso/Naso_unicornis/005_gbif_6130012245.png,data/extracted_fish/Naso/Naso_unicornis/005_gbif_6130012245_mask.png
Naso/Naso_unicornis/006_gbif_6130027914.jpg,accepted,ok,0.6095473766326904,0.09313002611469597,data/extracted_fish/Naso/Naso_unicornis/006_gbif_6130027914.png,data/extracted_fish/Naso/Naso_unicornis/006_gbif_6130027914_mask.png
Naso/Naso_unicornis/007_gbif_6130047890.jpg,flagged,box_too_small,0.8188663721084595,0.12815027395084902,,
Naso/Naso_unicornis/008_gbif_6130178685.jpg,accepted,ok,0.6948773264884949,0.2635323516161749,data/extracted_fish/Naso/Naso_unicornis/008_gbif_6130178685.png,data/extracted_fish/Naso/Naso_unicornis/008_gbif_6130178685_mask.png
Naso/Naso_unicornis/009_gbif_6130293804.jpg,accepted,ok,0.819233775138855,0.15201423926194133,data/extracted_fish/Naso/Naso_unicornis/009_gbif_6130293804.png,data/extracted_fish/Naso/Naso_unicornis/009_gbif_6130293804_mask.png
Naso/Naso_unicornis/010_gbif_6130321837.jpg,accepted,ok,0.8513284921646118,0.13781580664873685,data/extracted_fish/Naso/Naso_unicornis/010_gbif_6130321837.png,data/extracted_fish/Naso/Naso_unicornis/010_gbif_6130321837_mask.png
Naso/Naso_unicornis/011_gbif_6130456922.jpg,accepted,ok,0.8714914321899414,0.28873087305561523,data/extracted_fish/Naso/Naso_unicornis/011_gbif_6130456922.png,data/extracted_fish/Naso/Naso_unicornis/011_gbif_6130456922_mask.png
Naso/Naso_unicornis/012_gbif_6130504301.jpg,flagged,multiple_fish,,,,
Naso/Naso_unicornis/013_gbif_6130516569.jpg,accepted,ok,0.8769182562828064,0.11563810467864322,data/extracted_fish/Naso/Naso_unicornis/013_gbif_6130516569.png,data/extracted_fish/Naso/Naso_unicornis/013_gbif_6130516569_mask.png
Naso/Naso_unicornis/014_gbif_6130525628.jpg,accepted,ok,0.919562041759491,0.054126057497303474,data/extracted_fish/Naso/Naso_unicornis/014_gbif_6130525628.png,data/extracted_fish/Naso/Naso_unicornis/014_gbif_6130525628_mask.png
Naso/Naso_unicornis/015_gbif_6130540063.jpg,flagged,multiple_fish,,,,
Naso/Naso_unicornis/016_gbif_6130564132.jpg,accepted,ok,0.8727200031280518,0.03368584853309367,data/extracted_fish/Naso/Naso_unicornis/016_gbif_6130564132.png,data/extracted_fish/Naso/Naso_unicornis/016_gbif_6130564132_mask.png
Naso/Naso_unicornis/017_gbif_6130693934.jpg,flagged,multiple_fish,,,,
Naso/Naso_unicornis/018_gbif_6130784521.jpg,accepted,ok,0.9075830578804016,0.05377703380037337,data/extracted_fish/Naso/Naso_unicornis/018_gbif_6130784521.png,data/extracted_fish/Naso/Naso_unicornis/018_gbif_6130784521_mask.png
Naso/Naso_unicornis/019_gbif_6130817792.jpg,accepted,ok,0.8500293493270874,0.1977906343106768,data/extracted_fish/Naso/Naso_unicornis/019_gbif_6130817792.png,data/extracted_fish/Naso/Naso_unicornis/019_gbif_6130817792_mask.png
Naso/Naso_unicornis/020_gbif_6130817865.jpg,flagged,multiple_fish,,,,
Naso/Naso_unicornis/021_gbif_6130832732.jpg,flagged,multiple_fish,,,,
Naso/Naso_unicornis/022_gbif_6130849316.jpg,accepted,ok,0.9293235540390015,0.047634144324625934,data/extracted_fish/Naso/Naso_unicornis/022_gbif_6130849316.png,data/extracted_fish/Naso/Naso_unicornis/022_gbif_6130849316_mask.png
Naso/Naso_unicornis/023_gbif_6131349544.jpg,flagged,multiple_fish,,,,
Naso/Naso_unicornis/024_gbif_6131421565.jpg,accepted,ok,0.8329851627349854,0.17545822367308775,data/extracted_fish/Naso/Naso_unicornis/024_gbif_6131421565.png,data/extracted_fish/Naso/Naso_unicornis/024_gbif_6131421565_mask.png
Naso/Naso_vlamingii/000_reference.webp,accepted,ok,0.5865299701690674,0.08417533973336651,data/extracted_fish/Naso/Naso_vlamingii/000_reference.png,data/extracted_fish/Naso/Naso_vlamingii/000_reference_mask.png
Naso/Naso_vlamingii/001_gbif_6147390087.jpg,accepted,ok,0.8525567054748535,0.2220399412860684,data/extracted_fish/Naso/Naso_vlamingii/001_gbif_6147390087.png,data/extracted_fish/Naso/Naso_vlamingii/001_gbif_6147390087_mask.png
Naso/Naso_vlamingii/002_gbif_6178727729.jpg,flagged,multiple_fish,,,,
Naso/Naso_vlamingii/003_gbif_6159384686.jpg,accepted,ok,0.8890648484230042,0.07198990744348611,data/extracted_fish/Naso/Naso_vlamingii/003_gbif_6159384686.png,data/extracted_fish/Naso/Naso_vlamingii/003_gbif_6159384686_mask.png
Naso/Naso_vlamingii/004_gbif_6163080294.jpg,accepted,ok,0.8425704836845398,0.2767915481997385,data/extracted_fish/Naso/Naso_vlamingii/004_gbif_6163080294.png,data/extracted_fish/Naso/Naso_vlamingii/004_gbif_6163080294_mask.png
Naso/Naso_vlamingii/005_gbif_6163414408.jpg,accepted,ok,0.8826799392700195,0.11582830752349269,data/extracted_fish/Naso/Naso_vlamingii/005_gbif_6163414408.png,data/extracted_fish/Naso/Naso_vlamingii/005_gbif_6163414408_mask.png
Naso/Naso_vlamingii/006_gbif_6178369079.jpg,flagged,multiple_fish,,,,
Naso/Naso_vlamingii/007_gbif_6178469238.jpg,accepted,ok,0.7540515661239624,0.12634293421004014,data/extracted_fish/Naso/Naso_vlamingii/007_gbif_6178469238.png,data/extracted_fish/Naso/Naso_vlamingii/007_gbif_6178469238_mask.png
Naso/Naso_vlamingii/008_gbif_6187898983.jpg,accepted,ok,0.7753987312316895,0.07356612157412161,data/extracted_fish/Naso/Naso_vlamingii/008_gbif_6187898983.png,data/extracted_fish/Naso/Naso_vlamingii/008_gbif_6187898983_mask.png
Naso/Naso_vlamingii/009_gbif_6185609581.jpg,accepted,ok,0.5833859443664551,0.0362978274250531,data/extracted_fish/Naso/Naso_vlamingii/009_gbif_6185609581.png,data/extracted_fish/Naso/Naso_vlamingii/009_gbif_6185609581_mask.png
Naso/Naso_vlamingii/010_gbif_6188083509.jpg,flagged,multiple_fish,,,,
Naso/Naso_vlamingii/011_gbif_6188161732.jpg,accepted,ok,0.8953829407691956,0.06731628724036992,data/extracted_fish/Naso/Naso_vlamingii/011_gbif_6188161732.png,data/extracted_fish/Naso/Naso_vlamingii/011_gbif_6188161732_mask.png
Naso/Naso_vlamingii/012_gbif_6195470920.jpg,accepted,ok,0.8329827785491943,0.23154253466133945,data/extracted_fish/Naso/Naso_vlamingii/012_gbif_6195470920.png,data/extracted_fish/Naso/Naso_vlamingii/012_gbif_6195470920_mask.png
Naso/Naso_vlamingii/013_gbif_6195639181.jpg,accepted,ok,0.8167621493339539,0.045394903357497116,data/extracted_fish/Naso/Naso_vlamingii/013_gbif_6195639181.png,data/extracted_fish/Naso/Naso_vlamingii/013_gbif_6195639181_mask.png
Naso/Naso_vlamingii/014_gbif_6195749322.jpg,flagged,multiple_fish,,,,
Naso/Naso_vlamingii/015_gbif_6195867629.jpg,accepted,ok,0.4671710729598999,0.18019293432582145,data/extracted_fish/Naso/Naso_vlamingii/015_gbif_6195867629.png,data/extracted_fish/Naso/Naso_vlamingii/015_gbif_6195867629_mask.png
Naso/Naso_vlamingii/016_gbif_6234831200.jpg,flagged,multiple_fish,,,,
Naso/Naso_vlamingii/017_gbif_6196033491.jpg,accepted,ok,0.8635299801826477,0.2692277366135081,data/extracted_fish/Naso/Naso_vlamingii/017_gbif_6196033491.png,data/extracted_fish/Naso/Naso_vlamingii/017_gbif_6196033491_mask.png
Naso/Naso_vlamingii/018_gbif_6235918031.jpg,accepted,ok,0.8500310778617859,0.15279817841116666,data/extracted_fish/Naso/Naso_vlamingii/018_gbif_6235918031.png,data/extracted_fish/Naso/Naso_vlamingii/018_gbif_6235918031_mask.png
Naso/Naso_vlamingii/019_gbif_6253292632.jpg,flagged,multiple_fish,,,,
Naso/Naso_vlamingii/020_gbif_6234269555.jpg,accepted,ok,0.802037239074707,0.03763415154944768,data/extracted_fish/Naso/Naso_vlamingii/020_gbif_6234269555.png,data/extracted_fish/Naso/Naso_vlamingii/020_gbif_6234269555_mask.png
Naso/Naso_vlamingii/021_gbif_6252744742.jpg,flagged,multiple_fish,,,,
Naso/Naso_vlamingii/022_gbif_6251577583.jpg,accepted,ok,0.76519376039505,0.08719681383157188,data/extracted_fish/Naso/Naso_vlamingii/022_gbif_6251577583.png,data/extracted_fish/Naso/Naso_vlamingii/022_gbif_6251577583_mask.png
Naso/Naso_vlamingii/023_gbif_6252589435.jpg,flagged,multiple_fish,,,,
Naso/Naso_vlamingii/024_gbif_6273185084.jpg,flagged,multiple_fish,,,,
Prionurus/Prionurus_chrysurus/000_reference.jpeg,flagged,multiple_fish,,,,
Prionurus/Prionurus_chrysurus/001_gbif_3113403542.jpg,flagged,multiple_fish,,,,
Prionurus/Prionurus_chrysurus/002_gbif_1453057701.jpg,flagged,multiple_fish,,,,
Prionurus/Prionurus_laticlavius/000_reference.jpeg,flagged,multiple_fish,,,,
Prionurus/Prionurus_laticlavius/001_gbif_6130086454.jpg,flagged,multiple_fish,,,,
Prionurus/Prionurus_laticlavius/002_gbif_6130412733.jpg,accepted,ok,0.8893287181854248,0.2225353184442448,data/extracted_fish/Prionurus/Prionurus_laticlavius/002_gbif_6130412733.png,data/extracted_fish/Prionurus/Prionurus_laticlavius/002_gbif_6130412733_mask.png
Prionurus/Prionurus_laticlavius/003_gbif_6163343203.jpg,flagged,multiple_fish,,,,
Prionurus/Prionurus_laticlavius/004_gbif_6130627769.jpg,flagged,multiple_fish,,,,
Prionurus/Prionurus_laticlavius/005_gbif_6195501206.jpg,accepted,ok,0.7070821523666382,0.02321662872212708,data/extracted_fish/Prionurus/Prionurus_laticlavius/005_gbif_6195501206.png,data/extracted_fish/Prionurus/Prionurus_laticlavius/005_gbif_6195501206_mask.png
Prionurus/Prionurus_laticlavius/006_gbif_6130981958.jpg,accepted,ok,0.8180285692214966,0.1822966606751689,data/extracted_fish/Prionurus/Prionurus_laticlavius/006_gbif_6130981958.png,data/extracted_fish/Prionurus/Prionurus_laticlavius/006_gbif_6130981958_mask.png
Prionurus/Prionurus_laticlavius/007_gbif_6353280817.jpg,accepted,ok,0.8255743384361267,0.31574617769615065,data/extracted_fish/Prionurus/Prionurus_laticlavius/007_gbif_6353280817.png,data/extracted_fish/Prionurus/Prionurus_laticlavius/007_gbif_6353280817_mask.png
Prionurus/Prionurus_laticlavius/008_gbif_6163167909.jpg,accepted,ok,0.8698949813842773,0.06653508745006036,data/extracted_fish/Prionurus/Prionurus_laticlavius/008_gbif_6163167909.png,data/extracted_fish/Prionurus/Prionurus_laticlavius/008_gbif_6163167909_mask.png
Prionurus/Prionurus_laticlavius/009_gbif_6163416874.jpg,flagged,multiple_fish,,,,
Prionurus/Prionurus_laticlavius/010_gbif_6171047724.jpg,accepted,ok,0.8206526637077332,0.03817573349329915,data/extracted_fish/Prionurus/Prionurus_laticlavius/010_gbif_6171047724.png,data/extracted_fish/Prionurus/Prionurus_laticlavius/010_gbif_6171047724_mask.png
Prionurus/Prionurus_laticlavius/011_gbif_6422714924.jpg,accepted,ok,0.7053542733192444,0.013958823352935822,data/extracted_fish/Prionurus/Prionurus_laticlavius/011_gbif_6422714924.png,data/extracted_fish/Prionurus/Prionurus_laticlavius/011_gbif_6422714924_mask.png
Prionurus/Prionurus_laticlavius/012_gbif_6131345848.jpg,accepted,ok,0.8343866467475891,0.19228496170128093,data/extracted_fish/Prionurus/Prionurus_laticlavius/012_gbif_6131345848.png,data/extracted_fish/Prionurus/Prionurus_laticlavius/012_gbif_6131345848_mask.png
Prionurus/Prionurus_laticlavius/013_gbif_6159422084.jpg,accepted,ok,0.8936602473258972,0.1411923771825121,data/extracted_fish/Prionurus/Prionurus_laticlavius/013_gbif_6159422084.png,data/extracted_fish/Prionurus/Prionurus_laticlavius/013_gbif_6159422084_mask.png
Prionurus/Prionurus_laticlavius/014_gbif_6159467788.jpg,flagged,multiple_fish,,,,
Prionurus/Prionurus_laticlavius/015_gbif_6159527171.jpg,flagged,multiple_fish,,,,
Prionurus/Prionurus_laticlavius/016_gbif_6163029630.jpg,flagged,multiple_fish,,,,
Prionurus/Prionurus_laticlavius/017_gbif_6159609432.jpg,flagged,multiple_fish,,,,
Prionurus/Prionurus_laticlavius/018_gbif_6171366015.jpg,accepted,ok,0.8780570030212402,0.2724842183053915,data/extracted_fish/Prionurus/Prionurus_laticlavius/018_gbif_6171366015.png,data/extracted_fish/Prionurus/Prionurus_laticlavius/018_gbif_6171366015_mask.png
Prionurus/Prionurus_laticlavius/019_gbif_6178728431.jpg,accepted,ok,0.591903567314148,0.06462250741903579,data/extracted_fish/Prionurus/Prionurus_laticlavius/019_gbif_6178728431.png,data/extracted_fish/Prionurus/Prionurus_laticlavius/019_gbif_6178728431_mask.png
Prionurus/Prionurus_laticlavius/020_gbif_6178894008.jpg,accepted,ok,0.7882018089294434,0.20740958268255985,data/extracted_fish/Prionurus/Prionurus_laticlavius/020_gbif_6178894008.png,data/extracted_fish/Prionurus/Prionurus_laticlavius/020_gbif_6178894008_mask.png
Prionurus/Prionurus_laticlavius/021_gbif_6179025529.jpg,flagged,multiple_fish,,,,
Prionurus/Prionurus_laticlavius/022_gbif_6179039400.jpg,accepted,ok,0.6058896780014038,0.0701006926838239,data/extracted_fish/Prionurus/Prionurus_laticlavius/022_gbif_6179039400.png,data/extracted_fish/Prionurus/Prionurus_laticlavius/022_gbif_6179039400_mask.png
Prionurus/Prionurus_laticlavius/023_gbif_6179180338.jpg,flagged,multiple_fish,,,,
Prionurus/Prionurus_laticlavius/024_gbif_6179220373.jpg,accepted,ok,0.7015710473060608,0.1360620420266967,data/extracted_fish/Prionurus/Prionurus_laticlavius/024_gbif_6179220373.png,data/extracted_fish/Prionurus/Prionurus_laticlavius/024_gbif_6179220373_mask.png
Prionurus/Prionurus_microlepidotus/000_reference.jpeg,accepted,ok,0.886347234249115,0.042763801934590694,data/extracted_fish/Prionurus/Prionurus_microlepidotus/000_reference.png,data/extracted_fish/Prionurus/Prionurus_microlepidotus/000_reference_mask.png
Prionurus/Prionurus_microlepidotus/001_gbif_6131589494.jpg,accepted,ok,0.8240891695022583,0.08845730465541089,data/extracted_fish/Prionurus/Prionurus_microlepidotus/001_gbif_6131589494.png,data/extracted_fish/Prionurus/Prionurus_microlepidotus/001_gbif_6131589494_mask.png
Prionurus/Prionurus_microlepidotus/002_gbif_6131609219.jpg,accepted,ok,0.7529199719429016,0.03961709304080089,data/extracted_fish/Prionurus/Prionurus_microlepidotus/002_gbif_6131609219.png,data/extracted_fish/Prionurus/Prionurus_microlepidotus/002_gbif_6131609219_mask.png
Prionurus/Prionurus_microlepidotus/003_gbif_6133194432.jpg,flagged,box_too_small,0.672396719455719,0.07845327147916113,,
Prionurus/Prionurus_microlepidotus/004_gbif_6133307250.jpg,flagged,off_center,0.8644810914993286,0.3708114393374354,,
Prionurus/Prionurus_microlepidotus/005_gbif_6147698743.jpg,accepted,ok,0.8011144995689392,0.16949001076141065,data/extracted_fish/Prionurus/Prionurus_microlepidotus/005_gbif_6147698743.png,data/extracted_fish/Prionurus/Prionurus_microlepidotus/005_gbif_6147698743_mask.png
Prionurus/Prionurus_microlepidotus/006_gbif_6159460869.jpg,flagged,multiple_fish,,,,
Prionurus/Prionurus_microlepidotus/007_gbif_6171231321.jpg,accepted,ok,0.7267585396766663,0.07913029910420344,data/extracted_fish/Prionurus/Prionurus_microlepidotus/007_gbif_6171231321.png,data/extracted_fish/Prionurus/Prionurus_microlepidotus/007_gbif_6171231321_mask.png
Prionurus/Prionurus_microlepidotus/008_gbif_6179188678.jpg,flagged,no_detection,,,,
Prionurus/Prionurus_microlepidotus/009_gbif_6187899235.jpg,accepted,ok,0.8651401400566101,0.045564977673284206,data/extracted_fish/Prionurus/Prionurus_microlepidotus/009_gbif_6187899235.png,data/extracted_fish/Prionurus/Prionurus_microlepidotus/009_gbif_6187899235_mask.png
Prionurus/Prionurus_microlepidotus/010_gbif_6236129128.jpg,accepted,ok,0.8196625709533691,0.10947025632879234,data/extracted_fish/Prionurus/Prionurus_microlepidotus/010_gbif_6236129128.png,data/extracted_fish/Prionurus/Prionurus_microlepidotus/010_gbif_6236129128_mask.png
Prionurus/Prionurus_microlepidotus/011_gbif_6334100435.jpg,flagged,box_too_small,0.8864428400993347,0.20293184738657816,,
Prionurus/Prionurus_microlepidotus/012_gbif_6178768420.jpg,accepted,ok,0.8772031664848328,0.09151282342676102,data/extracted_fish/Prionurus/Prionurus_microlepidotus/012_gbif_6178768420.png,data/extracted_fish/Prionurus/Prionurus_microlepidotus/012_gbif_6178768420_mask.png
Prionurus/Prionurus_microlepidotus/013_gbif_6179466304.jpg,accepted,ok,0.8652219772338867,0.034740945988330836,data/extracted_fish/Prionurus/Prionurus_microlepidotus/013_gbif_6179466304.png,data/extracted_fish/Prionurus/Prionurus_microlepidotus/013_gbif_6179466304_mask.png
Prionurus/Prionurus_microlepidotus/014_gbif_6179535354.jpg,accepted,ok,0.7495890855789185,0.05266984469397646,data/extracted_fish/Prionurus/Prionurus_microlepidotus/014_gbif_6179535354.png,data/extracted_fish/Prionurus/Prionurus_microlepidotus/014_gbif_6179535354_mask.png
Prionurus/Prionurus_microlepidotus/015_gbif_6185444789.jpg,flagged,multiple_fish,,,,
Prionurus/Prionurus_microlepidotus/016_gbif_6186134591.jpg,accepted,ok,0.7595979571342468,0.14966875709978109,data/extracted_fish/Prionurus/Prionurus_microlepidotus/016_gbif_6186134591.png,data/extracted_fish/Prionurus/Prionurus_microlepidotus/016_gbif_6186134591_mask.png
Prionurus/Prionurus_microlepidotus/017_gbif_6188025092.jpg,flagged,multiple_fish,,,,
Prionurus/Prionurus_microlepidotus/018_gbif_6195839040.jpg,flagged,multiple_fish,,,,
Prionurus/Prionurus_microlepidotus/019_gbif_6188354036.jpg,accepted,ok,0.8620138168334961,0.05654085740535801,data/extracted_fish/Prionurus/Prionurus_microlepidotus/019_gbif_6188354036.png,data/extracted_fish/Prionurus/Prionurus_microlepidotus/019_gbif_6188354036_mask.png
Prionurus/Prionurus_microlepidotus/020_gbif_6234222497.jpg,accepted,ok,0.7539088726043701,0.2849903962428325,data/extracted_fish/Prionurus/Prionurus_microlepidotus/020_gbif_6234222497.png,data/extracted_fish/Prionurus/Prionurus_microlepidotus/020_gbif_6234222497_mask.png
Prionurus/Prionurus_microlepidotus/021_gbif_6188322232.jpg,accepted,ok,0.8169333338737488,0.0806616634944026,data/extracted_fish/Prionurus/Prionurus_microlepidotus/021_gbif_6188322232.png,data/extracted_fish/Prionurus/Prionurus_microlepidotus/021_gbif_6188322232_mask.png
Prionurus/Prionurus_microlepidotus/022_gbif_6235139095.jpg,accepted,ok,0.903547465801239,0.022861589753180308,data/extracted_fish/Prionurus/Prionurus_microlepidotus/022_gbif_6235139095.png,data/extracted_fish/Prionurus/Prionurus_microlepidotus/022_gbif_6235139095_mask.png
Prionurus/Prionurus_microlepidotus/023_gbif_6188392522.jpg,accepted,ok,0.6119065284729004,0.17746568329166895,data/extracted_fish/Prionurus/Prionurus_microlepidotus/023_gbif_6188392522.png,data/extracted_fish/Prionurus/Prionurus_microlepidotus/023_gbif_6188392522_mask.png
Prionurus/Prionurus_microlepidotus/024_gbif_6235201987.jpg,accepted,ok,0.8009254336357117,0.10586074261548468,data/extracted_fish/Prionurus/Prionurus_microlepidotus/024_gbif_6235201987.png,data/extracted_fish/Prionurus/Prionurus_microlepidotus/024_gbif_6235201987_mask.png
Zebrasoma/Zebrasoma_desjardinii/000_reference.jpeg,accepted,ok,0.8569314479827881,0.042146542676489325,data/extracted_fish/Zebrasoma/Zebrasoma_desjardinii/000_reference.png,data/extracted_fish/Zebrasoma/Zebrasoma_desjardinii/000_reference_mask.png
Zebrasoma/Zebrasoma_desjardinii/001_gbif_5938118691.jpg,flagged,multiple_fish,,,,
Zebrasoma/Zebrasoma_desjardinii/002_gbif_5938564329.jpg,flagged,multiple_fish,,,,
Zebrasoma/Zebrasoma_desjardinii/003_gbif_6129889521.jpg,accepted,ok,0.8842946290969849,0.21581142249064778,data/extracted_fish/Zebrasoma/Zebrasoma_desjardinii/003_gbif_6129889521.png,data/extracted_fish/Zebrasoma/Zebrasoma_desjardinii/003_gbif_6129889521_mask.png
Zebrasoma/Zebrasoma_desjardinii/004_gbif_6130157274.jpg,accepted,ok,0.7875666618347168,0.10460641466486073,data/extracted_fish/Zebrasoma/Zebrasoma_desjardinii/004_gbif_6130157274.png,data/extracted_fish/Zebrasoma/Zebrasoma_desjardinii/004_gbif_6130157274_mask.png
Zebrasoma/Zebrasoma_desjardinii/005_gbif_6130193227.jpg,flagged,multiple_fish,,,,
Zebrasoma/Zebrasoma_desjardinii/006_gbif_6130306573.jpg,flagged,multiple_fish,,,,
Zebrasoma/Zebrasoma_desjardinii/007_gbif_6131234512.jpg,flagged,multiple_fish,,,,
Zebrasoma/Zebrasoma_desjardinii/008_gbif_6131317257.jpg,flagged,multiple_fish,,,,
Zebrasoma/Zebrasoma_desjardinii/009_gbif_6147577848.jpg,accepted,ok,0.8562093377113342,0.1356057891221488,data/extracted_fish/Zebrasoma/Zebrasoma_desjardinii/009_gbif_6147577848.png,data/extracted_fish/Zebrasoma/Zebrasoma_desjardinii/009_gbif_6147577848_mask.png
Zebrasoma/Zebrasoma_desjardinii/010_gbif_6131556532.jpg,flagged,multiple_fish,,,,
Zebrasoma/Zebrasoma_desjardinii/011_gbif_6147603998.jpg,accepted,ok,0.9129511713981628,0.0705363906765239,data/extracted_fish/Zebrasoma/Zebrasoma_desjardinii/011_gbif_6147603998.png,data/extracted_fish/Zebrasoma/Zebrasoma_desjardinii/011_gbif_6147603998_mask.png
Zebrasoma/Zebrasoma_desjardinii/012_gbif_6133054498.jpg,accepted,ok,0.828143298625946,0.28402912966622634,data/extracted_fish/Zebrasoma/Zebrasoma_desjardinii/012_gbif_6133054498.png,data/extracted_fish/Zebrasoma/Zebrasoma_desjardinii/012_gbif_6133054498_mask.png
Zebrasoma/Zebrasoma_desjardinii/013_gbif_6159180388.jpg,accepted,ok,0.8598987460136414,0.07058568513577201,data/extracted_fish/Zebrasoma/Zebrasoma_desjardinii/013_gbif_6159180388.png,data/extracted_fish/Zebrasoma/Zebrasoma_desjardinii/013_gbif_6159180388_mask.png
Zebrasoma/Zebrasoma_desjardinii/014_gbif_6133211413.jpg,flagged,multiple_fish,,,,
Zebrasoma/Zebrasoma_desjardinii/015_gbif_6159193477.jpg,accepted,ok,0.8433890342712402,0.13264006977684986,data/extracted_fish/Zebrasoma/Zebrasoma_desjardinii/015_gbif_6159193477.png,data/extracted_fish/Zebrasoma/Zebrasoma_desjardinii/015_gbif_6159193477_mask.png
Zebrasoma/Zebrasoma_desjardinii/016_gbif_6159512369.jpg,accepted,ok,0.5814651846885681,0.03523224226552817,data/extracted_fish/Zebrasoma/Zebrasoma_desjardinii/016_gbif_6159512369.png,data/extracted_fish/Zebrasoma/Zebrasoma_desjardinii/016_gbif_6159512369_mask.png
Zebrasoma/Zebrasoma_desjardinii/017_gbif_6133413193.jpg,flagged,multiple_fish,,,,
Zebrasoma/Zebrasoma_desjardinii/018_gbif_6159574873.jpg,accepted,ok,0.9301955699920654,0.06036915210234377,data/extracted_fish/Zebrasoma/Zebrasoma_desjardinii/018_gbif_6159574873.png,data/extracted_fish/Zebrasoma/Zebrasoma_desjardinii/018_gbif_6159574873_mask.png
Zebrasoma/Zebrasoma_desjardinii/019_gbif_6133432166.jpg,accepted,ok,0.837814450263977,0.17612065597666937,data/extracted_fish/Zebrasoma/Zebrasoma_desjardinii/019_gbif_6133432166.png,data/extracted_fish/Zebrasoma/Zebrasoma_desjardinii/019_gbif_6133432166_mask.png
Zebrasoma/Zebrasoma_desjardinii/020_gbif_6159644893.jpg,accepted,ok,0.9013180732727051,0.03469530854522087,data/extracted_fish/Zebrasoma/Zebrasoma_desjardinii/020_gbif_6159644893.png,data/extracted_fish/Zebrasoma/Zebrasoma_desjardinii/020_gbif_6159644893_mask.png
Zebrasoma/Zebrasoma_desjardinii/021_gbif_6159644917.jpg,accepted,ok,0.6032008528709412,0.12113447594511523,data/extracted_fish/Zebrasoma/Zebrasoma_desjardinii/021_gbif_6159644917.png,data/extracted_fish/Zebrasoma/Zebrasoma_desjardinii/021_gbif_6159644917_mask.png
Zebrasoma/Zebrasoma_desjardinii/022_gbif_6162934494.jpg,accepted,ok,0.9045647382736206,0.037897814413154166,data/extracted_fish/Zebrasoma/Zebrasoma_desjardinii/022_gbif_6162934494.png,data/extracted_fish/Zebrasoma/Zebrasoma_desjardinii/022_gbif_6162934494_mask.png
Zebrasoma/Zebrasoma_desjardinii/023_gbif_6147275264.jpg,accepted,ok,0.4889967441558838,0.08636248975155772,data/extracted_fish/Zebrasoma/Zebrasoma_desjardinii/023_gbif_6147275264.png,data/extracted_fish/Zebrasoma/Zebrasoma_desjardinii/023_gbif_6147275264_mask.png
Zebrasoma/Zebrasoma_desjardinii/024_gbif_6171398106.jpg,flagged,multiple_fish,,,,
Zebrasoma/Zebrasoma_flavescens/000_reference.webp,flagged,multiple_fish,,,,
Zebrasoma/Zebrasoma_flavescens/001_gbif_6129857085.jpg,flagged,multiple_fish,,,,
Zebrasoma/Zebrasoma_flavescens/002_gbif_6130509762.jpg,flagged,multiple_fish,,,,
Zebrasoma/Zebrasoma_flavescens/003_gbif_6130080893.jpg,flagged,multiple_fish,,,,
Zebrasoma/Zebrasoma_flavescens/004_gbif_6130517648.jpg,accepted,ok,0.7355044484138489,0.22946115140943407,data/extracted_fish/Zebrasoma/Zebrasoma_flavescens/004_gbif_6130517648.png,data/extracted_fish/Zebrasoma/Zebrasoma_flavescens/004_gbif_6130517648_mask.png
Zebrasoma/Zebrasoma_flavescens/005_gbif_6130596996.jpg,flagged,multiple_fish,,,,
Zebrasoma/Zebrasoma_flavescens/006_gbif_6130624775.jpg,flagged,multiple_fish,,,,
Zebrasoma/Zebrasoma_flavescens/007_gbif_6130910039.jpg,flagged,multiple_fish,,,,
Zebrasoma/Zebrasoma_flavescens/008_gbif_6130991677.jpg,flagged,multiple_fish,,,,
Zebrasoma/Zebrasoma_flavescens/009_gbif_6131470961.jpg,flagged,box_too_small,0.572678804397583,0.15504639359936886,,
Zebrasoma/Zebrasoma_flavescens/010_gbif_6133155932.jpg,flagged,multiple_fish,,,,
Zebrasoma/Zebrasoma_flavescens/011_gbif_6133307701.jpg,flagged,multiple_fish,,,,
Zebrasoma/Zebrasoma_flavescens/012_gbif_6147644218.jpg,accepted,ok,0.6941020488739014,0.2624057953311326,data/extracted_fish/Zebrasoma/Zebrasoma_flavescens/012_gbif_6147644218.png,data/extracted_fish/Zebrasoma/Zebrasoma_flavescens/012_gbif_6147644218_mask.png
Zebrasoma/Zebrasoma_flavescens/013_gbif_6147689586.jpg,accepted,ok,0.7940322756767273,0.27633251148004573,data/extracted_fish/Zebrasoma/Zebrasoma_flavescens/013_gbif_6147689586.png,data/extracted_fish/Zebrasoma/Zebrasoma_flavescens/013_gbif_6147689586_mask.png
Zebrasoma/Zebrasoma_flavescens/014_gbif_6162860287.jpg,accepted,ok,0.8979613780975342,0.04498652940325535,data/extracted_fish/Zebrasoma/Zebrasoma_flavescens/014_gbif_6162860287.png,data/extracted_fish/Zebrasoma/Zebrasoma_flavescens/014_gbif_6162860287_mask.png
Zebrasoma/Zebrasoma_flavescens/015_gbif_6452546034.jpg,flagged,multiple_fish,,,,
Zebrasoma/Zebrasoma_flavescens/016_gbif_6147322163.jpg,flagged,multiple_fish,,,,
Zebrasoma/Zebrasoma_flavescens/017_gbif_6147587535.jpg,accepted,ok,0.90409916639328,0.07655084848492656,data/extracted_fish/Zebrasoma/Zebrasoma_flavescens/017_gbif_6147587535.png,data/extracted_fish/Zebrasoma/Zebrasoma_flavescens/017_gbif_6147587535_mask.png
Zebrasoma/Zebrasoma_flavescens/018_gbif_6159205259.jpg,flagged,multiple_fish,,,,
Zebrasoma/Zebrasoma_flavescens/019_gbif_6159465219.jpg,flagged,multiple_fish,,,,
Zebrasoma/Zebrasoma_flavescens/020_gbif_6162783778.jpg,flagged,multiple_fish,,,,
Zebrasoma/Zebrasoma_flavescens/021_gbif_6163099224.jpg,flagged,multiple_fish,,,,
Zebrasoma/Zebrasoma_flavescens/022_gbif_6171077964.jpg,accepted,ok,0.7401271462440491,0.025930097741413943,data/extracted_fish/Zebrasoma/Zebrasoma_flavescens/022_gbif_6171077964.png,data/extracted_fish/Zebrasoma/Zebrasoma_flavescens/022_gbif_6171077964_mask.png
Zebrasoma/Zebrasoma_flavescens/023_gbif_6178294388.jpg,flagged,multiple_fish,,,,
Zebrasoma/Zebrasoma_flavescens/024_gbif_6178827091.jpg,flagged,multiple_fish,,,,
Zebrasoma/Zebrasoma_gemmatum/000_reference.jpeg,accepted,ok,0.8418524265289307,0.042198005304432316,data/extracted_fish/Zebrasoma/Zebrasoma_gemmatum/000_reference.png,data/extracted_fish/Zebrasoma/Zebrasoma_gemmatum/000_reference_mask.png
Zebrasoma/Zebrasoma_gemmatum/001_gbif_6133614627.jpg,accepted,ok,0.8763921856880188,0.21485375155658187,data/extracted_fish/Zebrasoma/Zebrasoma_gemmatum/001_gbif_6133614627.png,data/extracted_fish/Zebrasoma/Zebrasoma_gemmatum/001_gbif_6133614627_mask.png
Zebrasoma/Zebrasoma_gemmatum/002_gbif_6352625727.jpg,accepted,ok,0.6823459267616272,0.02803506702047558,data/extracted_fish/Zebrasoma/Zebrasoma_gemmatum/002_gbif_6352625727.png,data/extracted_fish/Zebrasoma/Zebrasoma_gemmatum/002_gbif_6352625727_mask.png
Zebrasoma/Zebrasoma_gemmatum/003_gbif_5006803200.jpg,accepted,ok,0.7658385038375854,0.1773652080902603,data/extracted_fish/Zebrasoma/Zebrasoma_gemmatum/003_gbif_5006803200.png,data/extracted_fish/Zebrasoma/Zebrasoma_gemmatum/003_gbif_5006803200_mask.png
Zebrasoma/Zebrasoma_gemmatum/004_gbif_5007772249.jpg,accepted,ok,0.8972465395927429,0.12847487148676184,data/extracted_fish/Zebrasoma/Zebrasoma_gemmatum/004_gbif_5007772249.png,data/extracted_fish/Zebrasoma/Zebrasoma_gemmatum/004_gbif_5007772249_mask.png
Zebrasoma/Zebrasoma_gemmatum/005_gbif_5008027264.jpg,flagged,multiple_fish,,,,
Zebrasoma/Zebrasoma_gemmatum/006_gbif_5036919260.jpg,accepted,ok,0.8854842782020569,0.15004915715063374,data/extracted_fish/Zebrasoma/Zebrasoma_gemmatum/006_gbif_5036919260.png,data/extracted_fish/Zebrasoma/Zebrasoma_gemmatum/006_gbif_5036919260_mask.png
Zebrasoma/Zebrasoma_gemmatum/007_gbif_5104641888.jpg,flagged,multiple_fish,,,,
Zebrasoma/Zebrasoma_gemmatum/008_gbif_5104744025.jpg,flagged,multiple_fish,,,,
Zebrasoma/Zebrasoma_gemmatum/009_gbif_5134617391.jpg,flagged,multiple_fish,,,,
Zebrasoma/Zebrasoma_gemmatum/010_gbif_5140783611.jpg,flagged,multiple_fish,,,,
Zebrasoma/Zebrasoma_gemmatum/011_gbif_5140789497.jpg,flagged,multiple_fish,,,,
Zebrasoma/Zebrasoma_gemmatum/012_gbif_5140922575.jpg,flagged,multiple_fish,,,,
Zebrasoma/Zebrasoma_gemmatum/013_gbif_5140976483.jpg,flagged,multiple_fish,,,,
Zebrasoma/Zebrasoma_gemmatum/014_gbif_5837882729.jpg,flagged,multiple_fish,,,,
Zebrasoma/Zebrasoma_gemmatum/015_gbif_5187575987.jpg,accepted,ok,0.8844817280769348,0.09868598581441552,data/extracted_fish/Zebrasoma/Zebrasoma_gemmatum/015_gbif_5187575987.png,data/extracted_fish/Zebrasoma/Zebrasoma_gemmatum/015_gbif_5187575987_mask.png
Zebrasoma/Zebrasoma_gemmatum/016_gbif_5831032914.jpg,flagged,multiple_fish,,,,
Zebrasoma/Zebrasoma_gemmatum/017_gbif_4133612616.jpg,flagged,multiple_fish,,,,
Zebrasoma/Zebrasoma_gemmatum/018_gbif_3355348115.jpg,flagged,multiple_fish,,,,
Zebrasoma/Zebrasoma_gemmatum/019_gbif_1838390147.jpg,flagged,multiple_fish,,,,
Zebrasoma/Zebrasoma_scopas/000_reference.jpeg,accepted,ok,0.868770956993103,0.11455143871191069,data/extracted_fish/Zebrasoma/Zebrasoma_scopas/000_reference.png,data/extracted_fish/Zebrasoma/Zebrasoma_scopas/000_reference_mask.png
Zebrasoma/Zebrasoma_scopas/001_gbif_6129830217.jpg,accepted,ok,0.7974811792373657,0.1810228365601328,data/extracted_fish/Zebrasoma/Zebrasoma_scopas/001_gbif_6129830217.png,data/extracted_fish/Zebrasoma/Zebrasoma_scopas/001_gbif_6129830217_mask.png
Zebrasoma/Zebrasoma_scopas/002_gbif_6129866338.jpg,accepted,ok,0.568232536315918,0.12783163495619865,data/extracted_fish/Zebrasoma/Zebrasoma_scopas/002_gbif_6129866338.png,data/extracted_fish/Zebrasoma/Zebrasoma_scopas/002_gbif_6129866338_mask.png
Zebrasoma/Zebrasoma_scopas/003_gbif_6130025111.jpg,accepted,ok,0.7117688059806824,0.05365053484364525,data/extracted_fish/Zebrasoma/Zebrasoma_scopas/003_gbif_6130025111.png,data/extracted_fish/Zebrasoma/Zebrasoma_scopas/003_gbif_6130025111_mask.png
Zebrasoma/Zebrasoma_scopas/004_gbif_6130344671.jpg,accepted,ok,0.8099750876426697,0.16645577967436234,data/extracted_fish/Zebrasoma/Zebrasoma_scopas/004_gbif_6130344671.png,data/extracted_fish/Zebrasoma/Zebrasoma_scopas/004_gbif_6130344671_mask.png
Zebrasoma/Zebrasoma_scopas/005_gbif_6130639578.jpg,accepted,ok,0.778727114200592,0.09573713607436399,data/extracted_fish/Zebrasoma/Zebrasoma_scopas/005_gbif_6130639578.png,data/extracted_fish/Zebrasoma/Zebrasoma_scopas/005_gbif_6130639578_mask.png
Zebrasoma/Zebrasoma_scopas/006_gbif_6131392104.jpg,flagged,multiple_fish,,,,
Zebrasoma/Zebrasoma_scopas/007_gbif_6131616890.jpg,accepted,ok,0.8265867829322815,0.31904655558773787,data/extracted_fish/Zebrasoma/Zebrasoma_scopas/007_gbif_6131616890.png,data/extracted_fish/Zebrasoma/Zebrasoma_scopas/007_gbif_6131616890_mask.png
Zebrasoma/Zebrasoma_scopas/008_gbif_6131682753.jpg,flagged,multiple_fish,,,,
Zebrasoma/Zebrasoma_scopas/009_gbif_6133346719.jpg,accepted,ok,0.5503569841384888,0.030981208478967057,data/extracted_fish/Zebrasoma/Zebrasoma_scopas/009_gbif_6133346719.png,data/extracted_fish/Zebrasoma/Zebrasoma_scopas/009_gbif_6133346719_mask.png
Zebrasoma/Zebrasoma_scopas/010_gbif_6147182873.jpg,flagged,off_center,0.6413845419883728,0.47570321680356004,,
Zebrasoma/Zebrasoma_scopas/011_gbif_6147210697.jpg,flagged,multiple_fish,,,,
Zebrasoma/Zebrasoma_scopas/012_gbif_6147459153.jpg,flagged,multiple_fish,,,,
Zebrasoma/Zebrasoma_scopas/013_gbif_6147479089.jpg,accepted,ok,0.5563904643058777,0.1300790261518389,data/extracted_fish/Zebrasoma/Zebrasoma_scopas/013_gbif_6147479089.png,data/extracted_fish/Zebrasoma/Zebrasoma_scopas/013_gbif_6147479089_mask.png
Zebrasoma/Zebrasoma_scopas/014_gbif_6147605909.jpg,flagged,multiple_fish,,,,
Zebrasoma/Zebrasoma_scopas/015_gbif_6159692007.jpg,flagged,multiple_fish,,,,
Zebrasoma/Zebrasoma_scopas/016_gbif_6178589794.jpg,accepted,ok,0.8999940752983093,0.05407083892072129,data/extracted_fish/Zebrasoma/Zebrasoma_scopas/016_gbif_6178589794.png,data/extracted_fish/Zebrasoma/Zebrasoma_scopas/016_gbif_6178589794_mask.png
Zebrasoma/Zebrasoma_scopas/017_gbif_6178853427.jpg,accepted,ok,0.8936386108398438,0.03161518437122439,data/extracted_fish/Zebrasoma/Zebrasoma_scopas/017_gbif_6178853427.png,data/extracted_fish/Zebrasoma/Zebrasoma_scopas/017_gbif_6178853427_mask.png
Zebrasoma/Zebrasoma_scopas/018_gbif_6185624355.jpg,flagged,multiple_fish,,,,
Zebrasoma/Zebrasoma_scopas/019_gbif_6147247890.jpg,flagged,multiple_fish,,,,
Zebrasoma/Zebrasoma_scopas/020_gbif_6147347597.jpg,flagged,multiple_fish,,,,
Zebrasoma/Zebrasoma_scopas/021_gbif_6147537739.jpg,accepted,ok,0.8607909083366394,0.029227038220949,data/extracted_fish/Zebrasoma/Zebrasoma_scopas/021_gbif_6147537739.png,data/extracted_fish/Zebrasoma/Zebrasoma_scopas/021_gbif_6147537739_mask.png
Zebrasoma/Zebrasoma_scopas/022_gbif_6159252925.jpg,flagged,multiple_fish,,,,
Zebrasoma/Zebrasoma_scopas/023_gbif_6159267985.jpg,accepted,ok,0.7005829811096191,0.20582111245654333,data/extracted_fish/Zebrasoma/Zebrasoma_scopas/023_gbif_6159267985.png,data/extracted_fish/Zebrasoma/Zebrasoma_scopas/023_gbif_6159267985_mask.png
Zebrasoma/Zebrasoma_scopas/024_gbif_6159320602.jpg,accepted,ok,0.859706699848175,0.0807968487416107,data/extracted_fish/Zebrasoma/Zebrasoma_scopas/024_gbif_6159320602.png,data/extracted_fish/Zebrasoma/Zebrasoma_scopas/024_gbif_6159320602_mask.png
Zebrasoma/Zebrasoma_veliferum/000_reference.jpeg,accepted,ok,0.9162344932556152,0.06422041376695897,data/extracted_fish/Zebrasoma/Zebrasoma_veliferum/000_reference.png,data/extracted_fish/Zebrasoma/Zebrasoma_veliferum/000_reference_mask.png
Zebrasoma/Zebrasoma_veliferum/001_gbif_6130200022.jpg,accepted,ok,0.8858590126037598,0.22321370989657707,data/extracted_fish/Zebrasoma/Zebrasoma_veliferum/001_gbif_6130200022.png,data/extracted_fish/Zebrasoma/Zebrasoma_veliferum/001_gbif_6130200022_mask.png
Zebrasoma/Zebrasoma_veliferum/002_gbif_6130713090.jpg,accepted,ok,0.88022780418396,0.08895243228747797,data/extracted_fish/Zebrasoma/Zebrasoma_veliferum/002_gbif_6130713090.png,data/extracted_fish/Zebrasoma/Zebrasoma_veliferum/002_gbif_6130713090_mask.png
Zebrasoma/Zebrasoma_veliferum/003_gbif_6130995540.jpg,accepted,ok,0.8847844004631042,0.057063593247050494,data/extracted_fish/Zebrasoma/Zebrasoma_veliferum/003_gbif_6130995540.png,data/extracted_fish/Zebrasoma/Zebrasoma_veliferum/003_gbif_6130995540_mask.png
Zebrasoma/Zebrasoma_veliferum/004_gbif_6131479770.jpg,accepted,ok,0.8991880416870117,0.11652445669201342,data/extracted_fish/Zebrasoma/Zebrasoma_veliferum/004_gbif_6131479770.png,data/extracted_fish/Zebrasoma/Zebrasoma_veliferum/004_gbif_6131479770_mask.png
Zebrasoma/Zebrasoma_veliferum/005_gbif_6131694753.jpg,accepted,ok,0.5884850025177002,0.13470657948644868,data/extracted_fish/Zebrasoma/Zebrasoma_veliferum/005_gbif_6131694753.png,data/extracted_fish/Zebrasoma/Zebrasoma_veliferum/005_gbif_6131694753_mask.png
Zebrasoma/Zebrasoma_veliferum/006_gbif_6171265064.jpg,flagged,multiple_fish,,,,
Zebrasoma/Zebrasoma_veliferum/007_gbif_6179185187.jpg,flagged,multiple_fish,,,,
Zebrasoma/Zebrasoma_veliferum/008_gbif_6179369595.jpg,flagged,multiple_fish,,,,
Zebrasoma/Zebrasoma_veliferum/009_gbif_6147394815.jpg,flagged,multiple_fish,,,,
Zebrasoma/Zebrasoma_veliferum/010_gbif_6147319539.jpg,accepted,ok,0.4901481866836548,0.062396057991204,data/extracted_fish/Zebrasoma/Zebrasoma_veliferum/010_gbif_6147319539.png,data/extracted_fish/Zebrasoma/Zebrasoma_veliferum/010_gbif_6147319539_mask.png
Zebrasoma/Zebrasoma_veliferum/011_gbif_6147435727.jpg,accepted,ok,0.8931508660316467,0.3165881709279629,data/extracted_fish/Zebrasoma/Zebrasoma_veliferum/011_gbif_6147435727.png,data/extracted_fish/Zebrasoma/Zebrasoma_veliferum/011_gbif_6147435727_mask.png
Zebrasoma/Zebrasoma_veliferum/012_gbif_6147484067.jpg,accepted,ok,0.819973349571228,0.05172727624256773,data/extracted_fish/Zebrasoma/Zebrasoma_veliferum/012_gbif_6147484067.png,data/extracted_fish/Zebrasoma/Zebrasoma_veliferum/012_gbif_6147484067_mask.png
Zebrasoma/Zebrasoma_veliferum/013_gbif_6147653126.jpg,flagged,multiple_fish,,,,
Zebrasoma/Zebrasoma_veliferum/014_gbif_6159319247.jpg,accepted,ok,0.6558893322944641,0.07893739137152143,data/extracted_fish/Zebrasoma/Zebrasoma_veliferum/014_gbif_6159319247.png,data/extracted_fish/Zebrasoma/Zebrasoma_veliferum/014_gbif_6159319247_mask.png
Zebrasoma/Zebrasoma_veliferum/015_gbif_6170841480.jpg,accepted,ok,0.9003506302833557,0.06156616716229919,data/extracted_fish/Zebrasoma/Zebrasoma_veliferum/015_gbif_6170841480.png,data/extracted_fish/Zebrasoma/Zebrasoma_veliferum/015_gbif_6170841480_mask.png
Zebrasoma/Zebrasoma_veliferum/016_gbif_6147583779.jpg,accepted,ok,0.90770024061203,0.1156319045554611,data/extracted_fish/Zebrasoma/Zebrasoma_veliferum/016_gbif_6147583779.png,data/extracted_fish/Zebrasoma/Zebrasoma_veliferum/016_gbif_6147583779_mask.png
Zebrasoma/Zebrasoma_veliferum/017_gbif_6159619358.jpg,accepted,ok,0.8961443901062012,0.030748109805064247,data/extracted_fish/Zebrasoma/Zebrasoma_veliferum/017_gbif_6159619358.png,data/extracted_fish/Zebrasoma/Zebrasoma_veliferum/017_gbif_6159619358_mask.png
Zebrasoma/Zebrasoma_veliferum/018_gbif_6170859433.jpg,flagged,multiple_fish,,,,
Zebrasoma/Zebrasoma_veliferum/019_gbif_6159642402.jpg,accepted,ok,0.8077092170715332,0.03134923676989407,data/extracted_fish/Zebrasoma/Zebrasoma_veliferum/019_gbif_6159642402.png,data/extracted_fish/Zebrasoma/Zebrasoma_veliferum/019_gbif_6159642402_mask.png
Zebrasoma/Zebrasoma_veliferum/020_gbif_6159232073.jpg,flagged,multiple_fish,,,,
Zebrasoma/Zebrasoma_veliferum/021_gbif_6162852845.jpg,accepted,ok,0.8311953544616699,0.2598111776468823,data/extracted_fish/Zebrasoma/Zebrasoma_veliferum/021_gbif_6162852845.png,data/extracted_fish/Zebrasoma/Zebrasoma_veliferum/021_gbif_6162852845_mask.png
Zebrasoma/Zebrasoma_veliferum/022_gbif_6171210481.jpg,accepted,ok,0.7618187069892883,0.01476386195228506,data/extracted_fish/Zebrasoma/Zebrasoma_veliferum/022_gbif_6171210481.png,data/extracted_fish/Zebrasoma/Zebrasoma_veliferum/022_gbif_6171210481_mask.png
Zebrasoma/Zebrasoma_veliferum/023_gbif_6178889033.jpg,accepted,ok,0.8754056692123413,0.023841799280118377,data/extracted_fish/Zebrasoma/Zebrasoma_veliferum/023_gbif_6178889033.png,data/extracted_fish/Zebrasoma/Zebrasoma_veliferum/023_gbif_6178889033_mask.png
Zebrasoma/Zebrasoma_veliferum/024_gbif_6179169781.jpg,flagged,multiple_fish,,,,
Zebrasoma/Zebrasoma_xanthurum/000_reference.jpeg,accepted,ok,0.8874272704124451,0.06696385060624675,data/extracted_fish/Zebrasoma/Zebrasoma_xanthurum/000_reference.png,data/extracted_fish/Zebrasoma/Zebrasoma_xanthurum/000_reference_mask.png
Zebrasoma/Zebrasoma_xanthurum/001_gbif_5938372810.jpg,flagged,multiple_fish,,,,
Zebrasoma/Zebrasoma_xanthurum/002_gbif_5938535356.jpg,flagged,multiple_fish,,,,
Zebrasoma/Zebrasoma_xanthurum/003_gbif_6129983793.jpg,flagged,multiple_fish,,,,
Zebrasoma/Zebrasoma_xanthurum/004_gbif_6130023485.jpg,flagged,box_too_small,0.885388970375061,0.061155109809974066,,
Zebrasoma/Zebrasoma_xanthurum/005_gbif_6130024180.jpg,flagged,multiple_fish,,,,
Zebrasoma/Zebrasoma_xanthurum/006_gbif_6130084326.jpg,flagged,multiple_fish,,,,
Zebrasoma/Zebrasoma_xanthurum/007_gbif_6130329361.jpg,flagged,multiple_fish,,,,
Zebrasoma/Zebrasoma_xanthurum/008_gbif_6130569416.jpg,accepted,ok,0.8465901017189026,0.2705169313916048,data/extracted_fish/Zebrasoma/Zebrasoma_xanthurum/008_gbif_6130569416.png,data/extracted_fish/Zebrasoma/Zebrasoma_xanthurum/008_gbif_6130569416_mask.png
Zebrasoma/Zebrasoma_xanthurum/009_gbif_6130586380.jpg,flagged,multiple_fish,,,,
Zebrasoma/Zebrasoma_xanthurum/010_gbif_6131181453.jpg,flagged,box_too_small,0.8981591463088989,0.13484577905849776,,
Zebrasoma/Zebrasoma_xanthurum/011_gbif_6131465487.jpg,flagged,multiple_fish,,,,
Zebrasoma/Zebrasoma_xanthurum/012_gbif_6131533659.jpg,flagged,multiple_fish,,,,
Zebrasoma/Zebrasoma_xanthurum/013_gbif_6131602778.jpg,flagged,multiple_fish,,,,
Zebrasoma/Zebrasoma_xanthurum/014_gbif_6131640056.jpg,accepted,ok,0.8751583695411682,0.05135395774032846,data/extracted_fish/Zebrasoma/Zebrasoma_xanthurum/014_gbif_6131640056.png,data/extracted_fish/Zebrasoma/Zebrasoma_xanthurum/014_gbif_6131640056_mask.png
Zebrasoma/Zebrasoma_xanthurum/015_gbif_6147312580.jpg,flagged,box_too_small,0.8830627799034119,0.08461219265020435,,
Zebrasoma/Zebrasoma_xanthurum/016_gbif_6147355460.jpg,flagged,multiple_fish,,,,
Zebrasoma/Zebrasoma_xanthurum/017_gbif_6159155181.jpg,accepted,ok,0.7055696845054626,0.11446474107212229,data/extracted_fish/Zebrasoma/Zebrasoma_xanthurum/017_gbif_6159155181.png,data/extracted_fish/Zebrasoma/Zebrasoma_xanthurum/017_gbif_6159155181_mask.png
Zebrasoma/Zebrasoma_xanthurum/018_gbif_6159412911.jpg,accepted,ok,0.7319440841674805,0.14127175751052598,data/extracted_fish/Zebrasoma/Zebrasoma_xanthurum/018_gbif_6159412911.png,data/extracted_fish/Zebrasoma/Zebrasoma_xanthurum/018_gbif_6159412911_mask.png
Zebrasoma/Zebrasoma_xanthurum/019_gbif_6159473562.jpg,accepted,ok,0.7829130291938782,0.15934829111047205,data/extracted_fish/Zebrasoma/Zebrasoma_xanthurum/019_gbif_6159473562.png,data/extracted_fish/Zebrasoma/Zebrasoma_xanthurum/019_gbif_6159473562_mask.png
Zebrasoma/Zebrasoma_xanthurum/020_gbif_6159499688.jpg,accepted,ok,0.8110416531562805,0.016878411697155322,data/extracted_fish/Zebrasoma/Zebrasoma_xanthurum/020_gbif_6159499688.png,data/extracted_fish/Zebrasoma/Zebrasoma_xanthurum/020_gbif_6159499688_mask.png
Zebrasoma/Zebrasoma_xanthurum/021_gbif_6159518934.jpg,accepted,ok,0.7971976399421692,0.04398810089948877,data/extracted_fish/Zebrasoma/Zebrasoma_xanthurum/021_gbif_6159518934.png,data/extracted_fish/Zebrasoma/Zebrasoma_xanthurum/021_gbif_6159518934_mask.png
Zebrasoma/Zebrasoma_xanthurum/022_gbif_6159582987.jpg,flagged,multiple_fish,,,,
Zebrasoma/Zebrasoma_xanthurum/023_gbif_6159587031.jpg,flagged,multiple_fish,,,,
Zebrasoma/Zebrasoma_xanthurum/024_gbif_6162825913.jpg,accepted,ok,0.8088834285736084,0.1223175461757188,data/extracted_fish/Zebrasoma/Zebrasoma_xanthurum/024_gbif_6162825913.png,data/extracted_fish/Zebrasoma/Zebrasoma_xanthurum/024_gbif_6162825913_mask.png
Acanthurus/Acanthurus_achilles/008_gbif_6236283629.jpg,flagged,multiple_fish,,,,
Acanthurus/Acanthurus_achilles/013_gbif_5087820714.jpeg,flagged,multiple_fish,,,,
Acanthurus/Acanthurus_achilles/017_gbif_5216036171.jpg,flagged,multiple_fish,,,,
Acanthurus/Acanthurus_achilles/020_gbif_5216301142.jpg,flagged,multiple_fish,,,,
Acanthurus/Acanthurus_achilles/021_gbif_6440945420.jpg,flagged,multiple_fish,,,,
Acanthurus/Acanthurus_albipectoralis/003_gbif_6431464546.jpg,flagged,multiple_fish,,,,
Acanthurus/Acanthurus_albipectoralis/004_gbif_6441040651.jpg,flagged,multiple_fish,,,,
Acanthurus/Acanthurus_albipectoralis/005_gbif_6399574627.jpg,flagged,multiple_fish,,,,
Acanthurus/Acanthurus_bariene/006_gbif_6399118601.jpg,flagged,multiple_fish,,,,
Acanthurus/Acanthurus_bariene/017_gbif_6130061947.jpg,flagged,multiple_fish,,,,
Acanthurus/Acanthurus_bariene/023_gbif_4453789940.jpg,flagged,multiple_fish,,,,
Acanthurus/Acanthurus_chirurgus/000_reference.jpeg,flagged,multiple_fish,,,,
Acanthurus/Acanthurus_chirurgus/001_gbif_6131107325.jpg,flagged,multiple_fish,,,,
Acanthurus/Acanthurus_dussumieri/019_gbif_6235298592.jpg,flagged,multiple_fish,,,,
Acanthurus/Acanthurus_dussumieri/024_gbif_6195822211.jpg,flagged,multiple_fish,,,,
Acanthurus/Acanthurus_fowleri/002_gbif_6253257513.jpg,flagged,multiple_fish,,,,
Acanthurus/Acanthurus_fowleri/013_gbif_4414225162.jpg,flagged,multiple_fish,,,,
Acanthurus/Acanthurus_fowleri/020_gbif_2294568661.jpg,flagged,multiple_fish,,,,
Acanthurus/Acanthurus_fowleri/023_gbif_4034841177.jpeg,flagged,multiple_fish,,,,
Acanthurus/Acanthurus_gahhm/010_gbif_6162773632.jpg,flagged,multiple_fish,,,,
Acanthurus/Acanthurus_grammoptilus/001_gbif_6470551977.jpg,flagged,multiple_fish,,,,
Acanthurus/Acanthurus_guttatus/009_gbif_6195457661.jpg,flagged,multiple_fish,,,,
Acanthurus/Acanthurus_japonicus/006_gbif_6163375080.jpg,flagged,multiple_fish,,,,
Acanthurus/Acanthurus_japonicus/024_gbif_5134472722.jpg,flagged,multiple_fish,,,,
Acanthurus/Acanthurus_leucosternon/018_gbif_6179364417.jpg,flagged,multiple_fish,,,,
Acanthurus/Acanthurus_leucosternon/019_gbif_6187948264.jpg,flagged,multiple_fish,,,,
Acanthurus/Acanthurus_leucosternon/023_gbif_6185419379.jpg,flagged,multiple_fish,,,,
Acanthurus/Acanthurus_lineatus/007_gbif_6131334851.jpg,flagged,multiple_fish,,,,
Acanthurus/Acanthurus_lineatus/016_gbif_6162876362.jpg,flagged,multiple_fish,,,,
Acanthurus/Acanthurus_maculiceps/000_reference.jpeg,flagged,multiple_fish,,,,
Acanthurus/Acanthurus_maculiceps/017_gbif_4153945906.jpeg,flagged,multiple_fish,,,,
Acanthurus/Acanthurus_maculiceps/021_gbif_4171324639.jpeg,flagged,multiple_fish,,,,
Acanthurus/Acanthurus_maculiceps/022_gbif_4172160376.jpeg,flagged,multiple_fish,,,,
Acanthurus/Acanthurus_nigricans/000_reference.jpg,flagged,multiple_fish,,,,
Acanthurus/Acanthurus_nigricans/009_gbif_6159693558.jpg,flagged,multiple_fish,,,,
Acanthurus/Acanthurus_nigricans/010_gbif_6163365087.jpg,flagged,multiple_fish,,,,
Acanthurus/Acanthurus_nigricans/016_gbif_6179208456.jpg,flagged,multiple_fish,,,,
Acanthurus/Acanthurus_nigricauda/008_gbif_6178701815.jpg,flagged,multiple_fish,,,,
Acanthurus/Acanthurus_nigricauda/010_gbif_6159577456.jpg,flagged,multiple_fish,,,,
Acanthurus/Acanthurus_nubilus/000_reference.jpeg,flagged,multiple_fish,,,,
Acanthurus/Acanthurus_nubilus/003_gbif_5291957040.jpg,flagged,multiple_fish,,,,
Acanthurus/Acanthurus_nubilus/011_gbif_4500925444.jpg,flagged,multiple_fish,,,,
Acanthurus/Acanthurus_nubilus/013_gbif_3784948250.jpg,flagged,multiple_fish,,,,
Acanthurus/Acanthurus_nubilus/020_gbif_5932396886.jpg,flagged,multiple_fish,,,,
Acanthurus/Acanthurus_olivaceus/013_gbif_6178400049.jpg,flagged,multiple_fish,,,,
Acanthurus/Acanthurus_olivaceus/019_gbif_6178353357.jpg,flagged,multiple_fish,,,,
Acanthurus/Acanthurus_pyroferus/024_gbif_6179474992.jpg,flagged,multiple_fish,,,,
Acanthurus/Acanthurus_sohal/006_gbif_6130244679.jpg,flagged,multiple_fish,,,,
Acanthurus/Acanthurus_sohal/010_gbif_6130992858.jpg,flagged,multiple_fish,,,,
Acanthurus/Acanthurus_sohal/017_gbif_6131525259.jpg,flagged,multiple_fish,,,,
Acanthurus/Acanthurus_sohal/019_gbif_6133036965.jpg,flagged,multiple_fish,,,,
Acanthurus/Acanthurus_sohal/023_gbif_6133264969.jpg,flagged,multiple_fish,,,,
Acanthurus/Acanthurus_tennentii/002_gbif_6235388992.jpg,flagged,multiple_fish,,,,
Acanthurus/Acanthurus_tractus/008_gbif_6130129856.jpg,flagged,multiple_fish,,,,
Acanthurus/Acanthurus_triostegus/000_reference.jpeg,flagged,multiple_fish,,,,
Acanthurus/Acanthurus_tristis/003_gbif_6185319098.jpg,flagged,multiple_fish,,,,
Acanthurus/Acanthurus_tristis/020_gbif_3892431548.jpeg,flagged,multiple_fish,,,,
Ctenochaetus/Ctenochaetus_binotatus/002_gbif_6130090614.jpg,flagged,multiple_fish,,,,
Ctenochaetus/Ctenochaetus_cyanocheilus/017_gbif_6252369980.jpg,flagged,multiple_fish,,,,
Ctenochaetus/Ctenochaetus_cyanocheilus/021_gbif_6251827957.jpg,flagged,multiple_fish,,,,
Ctenochaetus/Ctenochaetus_flavicauda/010_gbif_5292659470.jpg,flagged,multiple_fish,,,,
Ctenochaetus/Ctenochaetus_flavicauda/011_gbif_5292663486.jpg,flagged,multiple_fish,,,,
Ctenochaetus/Ctenochaetus_hawaiiensis/000_reference.jpeg,flagged,multiple_fish,,,,
Ctenochaetus/Ctenochaetus_hawaiiensis/001_gbif_6129852895.jpg,flagged,multiple_fish,,,,
Ctenochaetus/Ctenochaetus_marginatus/013_gbif_5892631065.jpg,flagged,multiple_fish,,,,
Ctenochaetus/Ctenochaetus_striatus/000_reference.jpeg,flagged,multiple_fish,,,,
Ctenochaetus/Ctenochaetus_striatus/009_gbif_6130194314.jpg,flagged,multiple_fish,,,,
Ctenochaetus/Ctenochaetus_tominiensis/006_gbif_6441982394.jpg,flagged,multiple_fish,,,,
Ctenochaetus/Ctenochaetus_tominiensis/011_gbif_5168187511.jpg,flagged,multiple_fish,,,,
Ctenochaetus/Ctenochaetus_truncatus/020_gbif_6273712369.jpg,flagged,multiple_fish,,,,
Naso/Naso_brachycentron/000_reference.jpeg,flagged,multiple_fish,,,,
Naso/Naso_caesius/002_gbif_6163118245.jpg,flagged,multiple_fish,,,,
Naso/Naso_caesius/004_gbif_5292723157.jpg,flagged,multiple_fish,,,,
Naso/Naso_caesius/010_gbif_5932311403.jpg,flagged,multiple_fish,,,,
Naso/Naso_caesius/018_gbif_4919686517.jpg,flagged,multiple_fish,,,,
Naso/Naso_fageni/002_gbif_5168193911.jpg,flagged,multiple_fish,,,,
Naso/Naso_fageni/010_gbif_2283073087.jpg,flagged,multiple_fish,,,,
Naso/Naso_hexacanthus/000_reference.jpeg,flagged,multiple_fish,,,,
Naso/Naso_hexacanthus/012_gbif_6188488286.jpg,flagged,multiple_fish,,,,
Naso/Naso_maculatus/000_reference.jpeg,flagged,multiple_fish,,,,
Naso/Naso_tonganus/000_reference.webp,flagged,multiple_fish,,,,
Naso/Naso_tonganus/012_gbif_6353368911.jpg,flagged,multiple_fish,,,,
Naso/Naso_vlamingii/010_gbif_6188083509.jpg,flagged,multiple_fish,,,,
Paracanthurus/Paracanthurus_hepatus/009_gbif_6430756436.jpg,flagged,multiple_fish,,,,
Paracanthurus/Paracanthurus_hepatus/019_gbif_6400619518.jpg,flagged,multiple_fish,,,,
Prionurus/Prionurus_chrysurus/000_reference.jpeg,flagged,multiple_fish,,,,
Prionurus/Prionurus_laticlavius/000_reference.jpeg,flagged,multiple_fish,,,,
Prionurus/Prionurus_laticlavius/001_gbif_6130086454.jpg,flagged,multiple_fish,,,,
Prionurus/Prionurus_laticlavius/004_gbif_6130627769.jpg,flagged,multiple_fish,,,,
Zebrasoma/Zebrasoma_desjardinii/005_gbif_6130193227.jpg,flagged,multiple_fish,,,,
Zebrasoma/Zebrasoma_desjardinii/008_gbif_6131317257.jpg,flagged,multiple_fish,,,,
Zebrasoma/Zebrasoma_desjardinii/010_gbif_6131556532.jpg,flagged,multiple_fish,,,,
Zebrasoma/Zebrasoma_desjardinii/024_gbif_6171398106.jpg,flagged,multiple_fish,,,,
Zebrasoma/Zebrasoma_flavescens/000_reference.webp,flagged,multiple_fish,,,,
Zebrasoma/Zebrasoma_flavescens/024_gbif_6178827091.jpg,flagged,multiple_fish,,,,
Zebrasoma/Zebrasoma_gemmatum/007_gbif_5104641888.jpg,flagged,multiple_fish,,,,
Zebrasoma/Zebrasoma_gemmatum/008_gbif_5104744025.jpg,flagged,multiple_fish,,,,
Zebrasoma/Zebrasoma_gemmatum/017_gbif_4133612616.jpg,flagged,multiple_fish,,,,
Zebrasoma/Zebrasoma_veliferum/008_gbif_6179369595.jpg,flagged,multiple_fish,,,,
Zebrasoma/Zebrasoma_xanthurum/009_gbif_6130586380.jpg,flagged,multiple_fish,,,,
Acanthurus/Acanthurus_achilles/008_gbif_6236283629.jpg,flagged,multiple_fish,,,,
Acanthurus/Acanthurus_achilles/013_gbif_5087820714.jpeg,flagged,multiple_fish,,,,
Acanthurus/Acanthurus_achilles/017_gbif_5216036171.jpg,flagged,multiple_fish,,,,
Acanthurus/Acanthurus_achilles/020_gbif_5216301142.jpg,flagged,multiple_fish,,,,
Acanthurus/Acanthurus_achilles/021_gbif_6440945420.jpg,flagged,multiple_fish,,,,
Acanthurus/Acanthurus_albipectoralis/003_gbif_6431464546.jpg,flagged,multiple_fish,,,,
Acanthurus/Acanthurus_albipectoralis/004_gbif_6441040651.jpg,flagged,multiple_fish,,,,
Acanthurus/Acanthurus_albipectoralis/005_gbif_6399574627.jpg,flagged,multiple_fish,,,,
Acanthurus/Acanthurus_bariene/006_gbif_6399118601.jpg,flagged,multiple_fish,,,,
Acanthurus/Acanthurus_bariene/017_gbif_6130061947.jpg,flagged,multiple_fish,,,,
Acanthurus/Acanthurus_bariene/023_gbif_4453789940.jpg,flagged,multiple_fish,,,,
Acanthurus/Acanthurus_chirurgus/000_reference.jpeg,flagged,multiple_fish,,,,
Acanthurus/Acanthurus_chirurgus/001_gbif_6131107325.jpg,flagged,multiple_fish,,,,
Acanthurus/Acanthurus_dussumieri/019_gbif_6235298592.jpg,flagged,multiple_fish,,,,
Acanthurus/Acanthurus_dussumieri/024_gbif_6195822211.jpg,flagged,multiple_fish,,,,
Acanthurus/Acanthurus_fowleri/002_gbif_6253257513.jpg,flagged,multiple_fish,,,,
Acanthurus/Acanthurus_fowleri/013_gbif_4414225162.jpg,flagged,multiple_fish,,,,
Acanthurus/Acanthurus_fowleri/020_gbif_2294568661.jpg,flagged,multiple_fish,,,,
Acanthurus/Acanthurus_fowleri/023_gbif_4034841177.jpeg,flagged,multiple_fish,,,,
Acanthurus/Acanthurus_gahhm/010_gbif_6162773632.jpg,flagged,multiple_fish,,,,
Acanthurus/Acanthurus_grammoptilus/001_gbif_6470551977.jpg,flagged,multiple_fish,,,,
Acanthurus/Acanthurus_guttatus/009_gbif_6195457661.jpg,flagged,multiple_fish,,,,
Acanthurus/Acanthurus_japonicus/006_gbif_6163375080.jpg,flagged,multiple_fish,,,,
Acanthurus/Acanthurus_japonicus/024_gbif_5134472722.jpg,flagged,multiple_fish,,,,
Acanthurus/Acanthurus_leucosternon/018_gbif_6179364417.jpg,flagged,multiple_fish,,,,
Acanthurus/Acanthurus_leucosternon/019_gbif_6187948264.jpg,flagged,multiple_fish,,,,
Acanthurus/Acanthurus_leucosternon/023_gbif_6185419379.jpg,flagged,multiple_fish,,,,
Acanthurus/Acanthurus_lineatus/007_gbif_6131334851.jpg,flagged,multiple_fish,,,,
Acanthurus/Acanthurus_lineatus/016_gbif_6162876362.jpg,flagged,multiple_fish,,,,
Acanthurus/Acanthurus_maculiceps/000_reference.jpeg,flagged,multiple_fish,,,,
Acanthurus/Acanthurus_maculiceps/017_gbif_4153945906.jpeg,flagged,multiple_fish,,,,
Acanthurus/Acanthurus_maculiceps/021_gbif_4171324639.jpeg,flagged,multiple_fish,,,,
Acanthurus/Acanthurus_maculiceps/022_gbif_4172160376.jpeg,flagged,multiple_fish,,,,
Acanthurus/Acanthurus_nigricans/000_reference.jpg,flagged,multiple_fish,,,,
Acanthurus/Acanthurus_nigricans/009_gbif_6159693558.jpg,flagged,multiple_fish,,,,
Acanthurus/Acanthurus_nigricans/010_gbif_6163365087.jpg,flagged,multiple_fish,,,,
Acanthurus/Acanthurus_nigricans/016_gbif_6179208456.jpg,flagged,multiple_fish,,,,
Acanthurus/Acanthurus_nigricauda/008_gbif_6178701815.jpg,flagged,multiple_fish,,,,
Acanthurus/Acanthurus_nigricauda/010_gbif_6159577456.jpg,flagged,multiple_fish,,,,
Acanthurus/Acanthurus_nubilus/000_reference.jpeg,flagged,multiple_fish,,,,
Acanthurus/Acanthurus_nubilus/003_gbif_5291957040.jpg,flagged,multiple_fish,,,,
Acanthurus/Acanthurus_nubilus/011_gbif_4500925444.jpg,flagged,multiple_fish,,,,
Acanthurus/Acanthurus_nubilus/013_gbif_3784948250.jpg,flagged,multiple_fish,,,,
Acanthurus/Acanthurus_nubilus/020_gbif_5932396886.jpg,flagged,multiple_fish,,,,
Acanthurus/Acanthurus_olivaceus/013_gbif_6178400049.jpg,flagged,multiple_fish,,,,
Acanthurus/Acanthurus_olivaceus/019_gbif_6178353357.jpg,flagged,multiple_fish,,,,
Acanthurus/Acanthurus_pyroferus/024_gbif_6179474992.jpg,flagged,multiple_fish,,,,
Acanthurus/Acanthurus_sohal/006_gbif_6130244679.jpg,flagged,multiple_fish,,,,
Acanthurus/Acanthurus_sohal/010_gbif_6130992858.jpg,flagged,multiple_fish,,,,
Acanthurus/Acanthurus_sohal/017_gbif_6131525259.jpg,flagged,multiple_fish,,,,
Acanthurus/Acanthurus_sohal/019_gbif_6133036965.jpg,flagged,multiple_fish,,,,
Acanthurus/Acanthurus_sohal/023_gbif_6133264969.jpg,flagged,multiple_fish,,,,
Acanthurus/Acanthurus_tennentii/002_gbif_6235388992.jpg,flagged,multiple_fish,,,,
Acanthurus/Acanthurus_tractus/008_gbif_6130129856.jpg,flagged,multiple_fish,,,,
Acanthurus/Acanthurus_triostegus/000_reference.jpeg,flagged,multiple_fish,,,,
Acanthurus/Acanthurus_tristis/003_gbif_6185319098.jpg,flagged,multiple_fish,,,,
Acanthurus/Acanthurus_tristis/020_gbif_3892431548.jpeg,flagged,multiple_fish,,,,
Ctenochaetus/Ctenochaetus_binotatus/002_gbif_6130090614.jpg,flagged,multiple_fish,,,,
Ctenochaetus/Ctenochaetus_cyanocheilus/017_gbif_6252369980.jpg,flagged,multiple_fish,,,,
Ctenochaetus/Ctenochaetus_cyanocheilus/021_gbif_6251827957.jpg,flagged,multiple_fish,,,,
Ctenochaetus/Ctenochaetus_flavicauda/010_gbif_5292659470.jpg,flagged,multiple_fish,,,,
Ctenochaetus/Ctenochaetus_flavicauda/011_gbif_5292663486.jpg,flagged,multiple_fish,,,,
Ctenochaetus/Ctenochaetus_hawaiiensis/000_reference.jpeg,flagged,multiple_fish,,,,
Ctenochaetus/Ctenochaetus_hawaiiensis/001_gbif_6129852895.jpg,flagged,multiple_fish,,,,
Ctenochaetus/Ctenochaetus_marginatus/013_gbif_5892631065.jpg,flagged,multiple_fish,,,,
Ctenochaetus/Ctenochaetus_striatus/000_reference.jpeg,flagged,multiple_fish,,,,
Ctenochaetus/Ctenochaetus_striatus/009_gbif_6130194314.jpg,flagged,multiple_fish,,,,
Ctenochaetus/Ctenochaetus_tominiensis/006_gbif_6441982394.jpg,flagged,multiple_fish,,,,
Ctenochaetus/Ctenochaetus_tominiensis/011_gbif_5168187511.jpg,flagged,multiple_fish,,,,
Ctenochaetus/Ctenochaetus_truncatus/020_gbif_6273712369.jpg,flagged,multiple_fish,,,,
Naso/Naso_brachycentron/000_reference.jpeg,flagged,multiple_fish,,,,
Naso/Naso_caesius/002_gbif_6163118245.jpg,flagged,multiple_fish,,,,
Naso/Naso_caesius/004_gbif_5292723157.jpg,flagged,multiple_fish,,,,
Naso/Naso_caesius/010_gbif_5932311403.jpg,flagged,multiple_fish,,,,
Naso/Naso_caesius/018_gbif_4919686517.jpg,flagged,multiple_fish,,,,
Naso/Naso_fageni/002_gbif_5168193911.jpg,flagged,multiple_fish,,,,
Naso/Naso_fageni/010_gbif_2283073087.jpg,flagged,multiple_fish,,,,
Naso/Naso_hexacanthus/000_reference.jpeg,flagged,multiple_fish,,,,
Naso/Naso_hexacanthus/012_gbif_6188488286.jpg,flagged,multiple_fish,,,,
Naso/Naso_maculatus/000_reference.jpeg,flagged,multiple_fish,,,,
Naso/Naso_tonganus/000_reference.webp,flagged,multiple_fish,,,,
Naso/Naso_tonganus/012_gbif_6353368911.jpg,flagged,multiple_fish,,,,
Naso/Naso_vlamingii/010_gbif_6188083509.jpg,flagged,multiple_fish,,,,
Paracanthurus/Paracanthurus_hepatus/009_gbif_6430756436.jpg,flagged,multiple_fish,,,,
Paracanthurus/Paracanthurus_hepatus/019_gbif_6400619518.jpg,flagged,multiple_fish,,,,
Prionurus/Prionurus_chrysurus/000_reference.jpeg,flagged,multiple_fish,,,,
Prionurus/Prionurus_laticlavius/000_reference.jpeg,flagged,multiple_fish,,,,
Prionurus/Prionurus_laticlavius/001_gbif_6130086454.jpg,flagged,multiple_fish,,,,
Prionurus/Prionurus_laticlavius/004_gbif_6130627769.jpg,flagged,multiple_fish,,,,
Zebrasoma/Zebrasoma_desjardinii/005_gbif_6130193227.jpg,flagged,multiple_fish,,,,
Zebrasoma/Zebrasoma_desjardinii/008_gbif_6131317257.jpg,flagged,multiple_fish,,,,
Zebrasoma/Zebrasoma_desjardinii/010_gbif_6131556532.jpg,flagged,multiple_fish,,,,
Zebrasoma/Zebrasoma_desjardinii/024_gbif_6171398106.jpg,flagged,multiple_fish,,,,
Zebrasoma/Zebrasoma_flavescens/000_reference.webp,flagged,multiple_fish,,,,
Zebrasoma/Zebrasoma_flavescens/024_gbif_6178827091.jpg,flagged,multiple_fish,,,,
Zebrasoma/Zebrasoma_gemmatum/007_gbif_5104641888.jpg,flagged,multiple_fish,,,,
Zebrasoma/Zebrasoma_gemmatum/008_gbif_5104744025.jpg,flagged,multiple_fish,,,,
Zebrasoma/Zebrasoma_gemmatum/017_gbif_4133612616.jpg,flagged,multiple_fish,,,,
Zebrasoma/Zebrasoma_veliferum/008_gbif_6179369595.jpg,flagged,multiple_fish,,,,
Zebrasoma/Zebrasoma_xanthurum/009_gbif_6130586380.jpg,flagged,multiple_fish,,,,
Acanthurus/Acanthurus_achilles/008_gbif_6236283629.jpg,accepted,ok,0.7381311058998108,0.20494101197953438,data/extracted_fish/Acanthurus/Acanthurus_achilles/008_gbif_6236283629.png,data/extracted_fish/Acanthurus/Acanthurus_achilles/008_gbif_6236283629_mask.png
Acanthurus/Acanthurus_achilles/013_gbif_5087820714.jpeg,accepted,ok,0.8413252830505371,0.08815135836997703,data/extracted_fish/Acanthurus/Acanthurus_achilles/013_gbif_5087820714.png,data/extracted_fish/Acanthurus/Acanthurus_achilles/013_gbif_5087820714_mask.png
Acanthurus/Acanthurus_achilles/017_gbif_5216036171.jpg,accepted,ok,0.8456547856330872,0.024895744588812847,data/extracted_fish/Acanthurus/Acanthurus_achilles/017_gbif_5216036171.png,data/extracted_fish/Acanthurus/Acanthurus_achilles/017_gbif_5216036171_mask.png
Acanthurus/Acanthurus_achilles/020_gbif_5216301142.jpg,accepted,ok,0.8299545049667358,0.07238760781859806,data/extracted_fish/Acanthurus/Acanthurus_achilles/020_gbif_5216301142.png,data/extracted_fish/Acanthurus/Acanthurus_achilles/020_gbif_5216301142_mask.png
Acanthurus/Acanthurus_achilles/021_gbif_6440945420.jpg,flagged,off_center,0.7997834086418152,0.36749771510773066,,
Acanthurus/Acanthurus_albipectoralis/003_gbif_6431464546.jpg,accepted,ok,0.7455418705940247,0.02609450054645238,data/extracted_fish/Acanthurus/Acanthurus_albipectoralis/003_gbif_6431464546.png,data/extracted_fish/Acanthurus/Acanthurus_albipectoralis/003_gbif_6431464546_mask.png
Acanthurus/Acanthurus_albipectoralis/004_gbif_6441040651.jpg,accepted,ok,0.798014760017395,0.13956069572067795,data/extracted_fish/Acanthurus/Acanthurus_albipectoralis/004_gbif_6441040651.png,data/extracted_fish/Acanthurus/Acanthurus_albipectoralis/004_gbif_6441040651_mask.png
Acanthurus/Acanthurus_albipectoralis/005_gbif_6399574627.jpg,accepted,ok,0.8026142716407776,0.10197354677057664,data/extracted_fish/Acanthurus/Acanthurus_albipectoralis/005_gbif_6399574627.png,data/extracted_fish/Acanthurus/Acanthurus_albipectoralis/005_gbif_6399574627_mask.png
Acanthurus/Acanthurus_bariene/006_gbif_6399118601.jpg,accepted,ok,0.675669252872467,0.033284569398614634,data/extracted_fish/Acanthurus/Acanthurus_bariene/006_gbif_6399118601.png,data/extracted_fish/Acanthurus/Acanthurus_bariene/006_gbif_6399118601_mask.png
Acanthurus/Acanthurus_bariene/017_gbif_6130061947.jpg,flagged,multiple_fish,,,,
Acanthurus/Acanthurus_bariene/023_gbif_4453789940.jpg,accepted,ok,0.6925011873245239,0.06150416905174577,data/extracted_fish/Acanthurus/Acanthurus_bariene/023_gbif_4453789940.png,data/extracted_fish/Acanthurus/Acanthurus_bariene/023_gbif_4453789940_mask.png
Acanthurus/Acanthurus_chirurgus/000_reference.jpeg,accepted,ok,0.8219188451766968,0.04960538305558809,data/extracted_fish/Acanthurus/Acanthurus_chirurgus/000_reference.png,data/extracted_fish/Acanthurus/Acanthurus_chirurgus/000_reference_mask.png
Acanthurus/Acanthurus_chirurgus/001_gbif_6131107325.jpg,accepted,ok,0.7821051478385925,0.04671809103401092,data/extracted_fish/Acanthurus/Acanthurus_chirurgus/001_gbif_6131107325.png,data/extracted_fish/Acanthurus/Acanthurus_chirurgus/001_gbif_6131107325_mask.png
Acanthurus/Acanthurus_dussumieri/019_gbif_6235298592.jpg,accepted,ok,0.8037360310554504,0.08420440158182939,data/extracted_fish/Acanthurus/Acanthurus_dussumieri/019_gbif_6235298592.png,data/extracted_fish/Acanthurus/Acanthurus_dussumieri/019_gbif_6235298592_mask.png
Acanthurus/Acanthurus_dussumieri/024_gbif_6195822211.jpg,accepted,ok,0.7498248219490051,0.14505455506633982,data/extracted_fish/Acanthurus/Acanthurus_dussumieri/024_gbif_6195822211.png,data/extracted_fish/Acanthurus/Acanthurus_dussumieri/024_gbif_6195822211_mask.png
Acanthurus/Acanthurus_fowleri/002_gbif_6253257513.jpg,accepted,ok,0.7599747776985168,0.22163258004553268,data/extracted_fish/Acanthurus/Acanthurus_fowleri/002_gbif_6253257513.png,data/extracted_fish/Acanthurus/Acanthurus_fowleri/002_gbif_6253257513_mask.png
Acanthurus/Acanthurus_fowleri/013_gbif_4414225162.jpg,accepted,ok,0.6861507296562195,0.06274156891363587,data/extracted_fish/Acanthurus/Acanthurus_fowleri/013_gbif_4414225162.png,data/extracted_fish/Acanthurus/Acanthurus_fowleri/013_gbif_4414225162_mask.png
Acanthurus/Acanthurus_fowleri/020_gbif_2294568661.jpg,accepted,ok,0.6345560550689697,0.03666162198874212,data/extracted_fish/Acanthurus/Acanthurus_fowleri/020_gbif_2294568661.png,data/extracted_fish/Acanthurus/Acanthurus_fowleri/020_gbif_2294568661_mask.png
Acanthurus/Acanthurus_fowleri/023_gbif_4034841177.jpeg,accepted,ok,0.7336291670799255,0.08901502326029312,data/extracted_fish/Acanthurus/Acanthurus_fowleri/023_gbif_4034841177.png,data/extracted_fish/Acanthurus/Acanthurus_fowleri/023_gbif_4034841177_mask.png
Acanthurus/Acanthurus_gahhm/010_gbif_6162773632.jpg,accepted,ok,0.7259397506713867,0.02312365099789053,data/extracted_fish/Acanthurus/Acanthurus_gahhm/010_gbif_6162773632.png,data/extracted_fish/Acanthurus/Acanthurus_gahhm/010_gbif_6162773632_mask.png
Acanthurus/Acanthurus_grammoptilus/001_gbif_6470551977.jpg,accepted,ok,0.4031111001968384,0.19772956419517415,data/extracted_fish/Acanthurus/Acanthurus_grammoptilus/001_gbif_6470551977.png,data/extracted_fish/Acanthurus/Acanthurus_grammoptilus/001_gbif_6470551977_mask.png
Acanthurus/Acanthurus_guttatus/009_gbif_6195457661.jpg,accepted,ok,0.6859086751937866,0.19257483110647947,data/extracted_fish/Acanthurus/Acanthurus_guttatus/009_gbif_6195457661.png,data/extracted_fish/Acanthurus/Acanthurus_guttatus/009_gbif_6195457661_mask.png
Acanthurus/Acanthurus_japonicus/006_gbif_6163375080.jpg,accepted,ok,0.8089512586593628,0.1769036379722636,data/extracted_fish/Acanthurus/Acanthurus_japonicus/006_gbif_6163375080.png,data/extracted_fish/Acanthurus/Acanthurus_japonicus/006_gbif_6163375080_mask.png
Acanthurus/Acanthurus_japonicus/024_gbif_5134472722.jpg,accepted,ok,0.7581588625907898,0.1189985736337261,data/extracted_fish/Acanthurus/Acanthurus_japonicus/024_gbif_5134472722.png,data/extracted_fish/Acanthurus/Acanthurus_japonicus/024_gbif_5134472722_mask.png
Acanthurus/Acanthurus_leucosternon/018_gbif_6179364417.jpg,accepted,ok,0.8424170613288879,0.09179219138327076,data/extracted_fish/Acanthurus/Acanthurus_leucosternon/018_gbif_6179364417.png,data/extracted_fish/Acanthurus/Acanthurus_leucosternon/018_gbif_6179364417_mask.png
Acanthurus/Acanthurus_leucosternon/019_gbif_6187948264.jpg,accepted,ok,0.8505693078041077,0.052175108529970315,data/extracted_fish/Acanthurus/Acanthurus_leucosternon/019_gbif_6187948264.png,data/extracted_fish/Acanthurus/Acanthurus_leucosternon/019_gbif_6187948264_mask.png
Acanthurus/Acanthurus_leucosternon/023_gbif_6185419379.jpg,accepted,ok,0.813838541507721,0.06880058801264483,data/extracted_fish/Acanthurus/Acanthurus_leucosternon/023_gbif_6185419379.png,data/extracted_fish/Acanthurus/Acanthurus_leucosternon/023_gbif_6185419379_mask.png
Acanthurus/Acanthurus_lineatus/007_gbif_6131334851.jpg,accepted,ok,0.8111083507537842,0.1933327315162726,data/extracted_fish/Acanthurus/Acanthurus_lineatus/007_gbif_6131334851.png,data/extracted_fish/Acanthurus/Acanthurus_lineatus/007_gbif_6131334851_mask.png
Acanthurus/Acanthurus_lineatus/016_gbif_6162876362.jpg,accepted,ok,0.8712074160575867,0.05725226922906614,data/extracted_fish/Acanthurus/Acanthurus_lineatus/016_gbif_6162876362.png,data/extracted_fish/Acanthurus/Acanthurus_lineatus/016_gbif_6162876362_mask.png
Acanthurus/Acanthurus_maculiceps/000_reference.jpeg,accepted,ok,0.7507287263870239,0.05634344956666213,data/extracted_fish/Acanthurus/Acanthurus_maculiceps/000_reference.png,data/extracted_fish/Acanthurus/Acanthurus_maculiceps/000_reference_mask.png
Acanthurus/Acanthurus_maculiceps/017_gbif_4153945906.jpeg,accepted,ok,0.7418569326400757,0.05781298239580006,data/extracted_fish/Acanthurus/Acanthurus_maculiceps/017_gbif_4153945906.png,data/extracted_fish/Acanthurus/Acanthurus_maculiceps/017_gbif_4153945906_mask.png
Acanthurus/Acanthurus_maculiceps/021_gbif_4171324639.jpeg,accepted,ok,0.6932370066642761,0.11449952825406409,data/extracted_fish/Acanthurus/Acanthurus_maculiceps/021_gbif_4171324639.png,data/extracted_fish/Acanthurus/Acanthurus_maculiceps/021_gbif_4171324639_mask.png
Acanthurus/Acanthurus_maculiceps/022_gbif_4172160376.jpeg,accepted,ok,0.8706223964691162,0.08293930680568902,data/extracted_fish/Acanthurus/Acanthurus_maculiceps/022_gbif_4172160376.png,data/extracted_fish/Acanthurus/Acanthurus_maculiceps/022_gbif_4172160376_mask.png
Acanthurus/Acanthurus_nigricans/000_reference.jpg,accepted,ok,0.6051582098007202,0.017608856490594637,data/extracted_fish/Acanthurus/Acanthurus_nigricans/000_reference.png,data/extracted_fish/Acanthurus/Acanthurus_nigricans/000_reference_mask.png
Acanthurus/Acanthurus_nigricans/009_gbif_6159693558.jpg,accepted,ok,0.8055205345153809,0.21936235791080852,data/extracted_fish/Acanthurus/Acanthurus_nigricans/009_gbif_6159693558.png,data/extracted_fish/Acanthurus/Acanthurus_nigricans/009_gbif_6159693558_mask.png
Acanthurus/Acanthurus_nigricans/010_gbif_6163365087.jpg,accepted,ok,0.5672664642333984,0.0498590050394256,data/extracted_fish/Acanthurus/Acanthurus_nigricans/010_gbif_6163365087.png,data/extracted_fish/Acanthurus/Acanthurus_nigricans/010_gbif_6163365087_mask.png
Acanthurus/Acanthurus_nigricans/016_gbif_6179208456.jpg,accepted,ok,0.8178853392601013,0.0225473126201201,data/extracted_fish/Acanthurus/Acanthurus_nigricans/016_gbif_6179208456.png,data/extracted_fish/Acanthurus/Acanthurus_nigricans/016_gbif_6179208456_mask.png
Acanthurus/Acanthurus_nigricauda/008_gbif_6178701815.jpg,accepted,ok,0.49518850445747375,0.08009563117839992,data/extracted_fish/Acanthurus/Acanthurus_nigricauda/008_gbif_6178701815.png,data/extracted_fish/Acanthurus/Acanthurus_nigricauda/008_gbif_6178701815_mask.png
Acanthurus/Acanthurus_nigricauda/010_gbif_6159577456.jpg,accepted,ok,0.7339582443237305,0.1367223219702681,data/extracted_fish/Acanthurus/Acanthurus_nigricauda/010_gbif_6159577456.png,data/extracted_fish/Acanthurus/Acanthurus_nigricauda/010_gbif_6159577456_mask.png
Acanthurus/Acanthurus_nubilus/000_reference.jpeg,accepted,ok,0.8043042421340942,0.027904102421027182,data/extracted_fish/Acanthurus/Acanthurus_nubilus/000_reference.png,data/extracted_fish/Acanthurus/Acanthurus_nubilus/000_reference_mask.png
Acanthurus/Acanthurus_nubilus/003_gbif_5291957040.jpg,accepted,ok,0.8058287501335144,0.11268556328599241,data/extracted_fish/Acanthurus/Acanthurus_nubilus/003_gbif_5291957040.png,data/extracted_fish/Acanthurus/Acanthurus_nubilus/003_gbif_5291957040_mask.png
Acanthurus/Acanthurus_nubilus/011_gbif_4500925444.jpg,accepted,ok,0.8637331128120422,0.15076957918268055,data/extracted_fish/Acanthurus/Acanthurus_nubilus/011_gbif_4500925444.png,data/extracted_fish/Acanthurus/Acanthurus_nubilus/011_gbif_4500925444_mask.png
Acanthurus/Acanthurus_nubilus/013_gbif_3784948250.jpg,accepted,ok,0.760483980178833,0.039889728151869065,data/extracted_fish/Acanthurus/Acanthurus_nubilus/013_gbif_3784948250.png,data/extracted_fish/Acanthurus/Acanthurus_nubilus/013_gbif_3784948250_mask.png
Acanthurus/Acanthurus_nubilus/020_gbif_5932396886.jpg,accepted,ok,0.7443177700042725,0.10055000343986273,data/extracted_fish/Acanthurus/Acanthurus_nubilus/020_gbif_5932396886.png,data/extracted_fish/Acanthurus/Acanthurus_nubilus/020_gbif_5932396886_mask.png
Acanthurus/Acanthurus_olivaceus/013_gbif_6178400049.jpg,accepted,ok,0.5217183232307434,0.07420712476754894,data/extracted_fish/Acanthurus/Acanthurus_olivaceus/013_gbif_6178400049.png,data/extracted_fish/Acanthurus/Acanthurus_olivaceus/013_gbif_6178400049_mask.png
Acanthurus/Acanthurus_olivaceus/019_gbif_6178353357.jpg,accepted,ok,0.6860526204109192,0.07029084345470504,data/extracted_fish/Acanthurus/Acanthurus_olivaceus/019_gbif_6178353357.png,data/extracted_fish/Acanthurus/Acanthurus_olivaceus/019_gbif_6178353357_mask.png
Acanthurus/Acanthurus_pyroferus/024_gbif_6179474992.jpg,accepted,ok,0.7936162352561951,0.05462782018990375,data/extracted_fish/Acanthurus/Acanthurus_pyroferus/024_gbif_6179474992.png,data/extracted_fish/Acanthurus/Acanthurus_pyroferus/024_gbif_6179474992_mask.png
Acanthurus/Acanthurus_sohal/006_gbif_6130244679.jpg,accepted,ok,0.7893649935722351,0.17558440900140776,data/extracted_fish/Acanthurus/Acanthurus_sohal/006_gbif_6130244679.png,data/extracted_fish/Acanthurus/Acanthurus_sohal/006_gbif_6130244679_mask.png
Acanthurus/Acanthurus_sohal/010_gbif_6130992858.jpg,accepted,ok,0.7098416686058044,0.15292499756461145,data/extracted_fish/Acanthurus/Acanthurus_sohal/010_gbif_6130992858.png,data/extracted_fish/Acanthurus/Acanthurus_sohal/010_gbif_6130992858_mask.png
Acanthurus/Acanthurus_sohal/017_gbif_6131525259.jpg,flagged,multiple_fish,,,,
Acanthurus/Acanthurus_sohal/019_gbif_6133036965.jpg,accepted,ok,0.6398337483406067,0.25480445171883065,data/extracted_fish/Acanthurus/Acanthurus_sohal/019_gbif_6133036965.png,data/extracted_fish/Acanthurus/Acanthurus_sohal/019_gbif_6133036965_mask.png
Acanthurus/Acanthurus_sohal/023_gbif_6133264969.jpg,accepted,ok,0.5968606472015381,0.34693048629283907,data/extracted_fish/Acanthurus/Acanthurus_sohal/023_gbif_6133264969.png,data/extracted_fish/Acanthurus/Acanthurus_sohal/023_gbif_6133264969_mask.png
Acanthurus/Acanthurus_tennentii/002_gbif_6235388992.jpg,accepted,ok,0.5075398683547974,0.05428264662605057,data/extracted_fish/Acanthurus/Acanthurus_tennentii/002_gbif_6235388992.png,data/extracted_fish/Acanthurus/Acanthurus_tennentii/002_gbif_6235388992_mask.png
Acanthurus/Acanthurus_tractus/008_gbif_6130129856.jpg,accepted,ok,0.7859378457069397,0.2123601711161701,data/extracted_fish/Acanthurus/Acanthurus_tractus/008_gbif_6130129856.png,data/extracted_fish/Acanthurus/Acanthurus_tractus/008_gbif_6130129856_mask.png
Acanthurus/Acanthurus_triostegus/000_reference.jpeg,accepted,ok,0.8577423095703125,0.05497771992596839,data/extracted_fish/Acanthurus/Acanthurus_triostegus/000_reference.png,data/extracted_fish/Acanthurus/Acanthurus_triostegus/000_reference_mask.png
Acanthurus/Acanthurus_tristis/003_gbif_6185319098.jpg,accepted,ok,0.7691403031349182,0.07729271165947213,data/extracted_fish/Acanthurus/Acanthurus_tristis/003_gbif_6185319098.png,data/extracted_fish/Acanthurus/Acanthurus_tristis/003_gbif_6185319098_mask.png
Acanthurus/Acanthurus_tristis/020_gbif_3892431548.jpeg,accepted,ok,0.8032079935073853,0.18631277351710518,data/extracted_fish/Acanthurus/Acanthurus_tristis/020_gbif_3892431548.png,data/extracted_fish/Acanthurus/Acanthurus_tristis/020_gbif_3892431548_mask.png
Ctenochaetus/Ctenochaetus_binotatus/002_gbif_6130090614.jpg,accepted,ok,0.6711612343788147,0.06634615266304733,data/extracted_fish/Ctenochaetus/Ctenochaetus_binotatus/002_gbif_6130090614.png,data/extracted_fish/Ctenochaetus/Ctenochaetus_binotatus/002_gbif_6130090614_mask.png
Ctenochaetus/Ctenochaetus_cyanocheilus/017_gbif_6252369980.jpg,flagged,multiple_fish,,,,
Ctenochaetus/Ctenochaetus_cyanocheilus/021_gbif_6251827957.jpg,flagged,multiple_fish,,,,
Ctenochaetus/Ctenochaetus_flavicauda/010_gbif_5292659470.jpg,accepted,ok,0.8491687178611755,0.11101109577712527,data/extracted_fish/Ctenochaetus/Ctenochaetus_flavicauda/010_gbif_5292659470.png,data/extracted_fish/Ctenochaetus/Ctenochaetus_flavicauda/010_gbif_5292659470_mask.png
Ctenochaetus/Ctenochaetus_flavicauda/011_gbif_5292663486.jpg,accepted,ok,0.7556867599487305,0.24428800549020485,data/extracted_fish/Ctenochaetus/Ctenochaetus_flavicauda/011_gbif_5292663486.png,data/extracted_fish/Ctenochaetus/Ctenochaetus_flavicauda/011_gbif_5292663486_mask.png
Ctenochaetus/Ctenochaetus_hawaiiensis/000_reference.jpeg,flagged,multiple_fish,,,,
Ctenochaetus/Ctenochaetus_hawaiiensis/001_gbif_6129852895.jpg,accepted,ok,0.8369873762130737,0.06870979423826873,data/extracted_fish/Ctenochaetus/Ctenochaetus_hawaiiensis/001_gbif_6129852895.png,data/extracted_fish/Ctenochaetus/Ctenochaetus_hawaiiensis/001_gbif_6129852895_mask.png
Ctenochaetus/Ctenochaetus_marginatus/013_gbif_5892631065.jpg,accepted,ok,0.5880293250083923,0.10265343446679148,data/extracted_fish/Ctenochaetus/Ctenochaetus_marginatus/013_gbif_5892631065.png,data/extracted_fish/Ctenochaetus/Ctenochaetus_marginatus/013_gbif_5892631065_mask.png
Ctenochaetus/Ctenochaetus_striatus/000_reference.jpeg,accepted,ok,0.8466813564300537,0.05452958859311967,data/extracted_fish/Ctenochaetus/Ctenochaetus_striatus/000_reference.png,data/extracted_fish/Ctenochaetus/Ctenochaetus_striatus/000_reference_mask.png
Ctenochaetus/Ctenochaetus_striatus/009_gbif_6130194314.jpg,accepted,ok,0.7531731724739075,0.03166138898080565,data/extracted_fish/Ctenochaetus/Ctenochaetus_striatus/009_gbif_6130194314.png,data/extracted_fish/Ctenochaetus/Ctenochaetus_striatus/009_gbif_6130194314_mask.png
Ctenochaetus/Ctenochaetus_tominiensis/006_gbif_6441982394.jpg,accepted,ok,0.8288167715072632,0.08671846425617372,data/extracted_fish/Ctenochaetus/Ctenochaetus_tominiensis/006_gbif_6441982394.png,data/extracted_fish/Ctenochaetus/Ctenochaetus_tominiensis/006_gbif_6441982394_mask.png
Ctenochaetus/Ctenochaetus_tominiensis/011_gbif_5168187511.jpg,accepted,ok,0.8207076787948608,0.03244190146923811,data/extracted_fish/Ctenochaetus/Ctenochaetus_tominiensis/011_gbif_5168187511.png,data/extracted_fish/Ctenochaetus/Ctenochaetus_tominiensis/011_gbif_5168187511_mask.png
Ctenochaetus/Ctenochaetus_truncatus/020_gbif_6273712369.jpg,accepted,ok,0.8477036952972412,0.03484842010767452,data/extracted_fish/Ctenochaetus/Ctenochaetus_truncatus/020_gbif_6273712369.png,data/extracted_fish/Ctenochaetus/Ctenochaetus_truncatus/020_gbif_6273712369_mask.png
Naso/Naso_brachycentron/000_reference.jpeg,accepted,ok,0.7535420656204224,0.06774164080348002,data/extracted_fish/Naso/Naso_brachycentron/000_reference.png,data/extracted_fish/Naso/Naso_brachycentron/000_reference_mask.png
Naso/Naso_caesius/002_gbif_6163118245.jpg,accepted,ok,0.7861042618751526,0.09209267367731593,data/extracted_fish/Naso/Naso_caesius/002_gbif_6163118245.png,data/extracted_fish/Naso/Naso_caesius/002_gbif_6163118245_mask.png
Naso/Naso_caesius/004_gbif_5292723157.jpg,accepted,ok,0.7807576060295105,0.0913868247034519,data/extracted_fish/Naso/Naso_caesius/004_gbif_5292723157.png,data/extracted_fish/Naso/Naso_caesius/004_gbif_5292723157_mask.png
Naso/Naso_caesius/010_gbif_5932311403.jpg,accepted,ok,0.5606313943862915,0.027642024034171864,data/extracted_fish/Naso/Naso_caesius/010_gbif_5932311403.png,data/extracted_fish/Naso/Naso_caesius/010_gbif_5932311403_mask.png
Naso/Naso_caesius/018_gbif_4919686517.jpg,accepted,ok,0.8217070698738098,0.09299707070341544,data/extracted_fish/Naso/Naso_caesius/018_gbif_4919686517.png,data/extracted_fish/Naso/Naso_caesius/018_gbif_4919686517_mask.png
Naso/Naso_fageni/002_gbif_5168193911.jpg,accepted,ok,0.6192816495895386,0.03958081122470379,data/extracted_fish/Naso/Naso_fageni/002_gbif_5168193911.png,data/extracted_fish/Naso/Naso_fageni/002_gbif_5168193911_mask.png
Naso/Naso_fageni/010_gbif_2283073087.jpg,accepted,ok,0.7092408537864685,0.03891315479324668,data/extracted_fish/Naso/Naso_fageni/010_gbif_2283073087.png,data/extracted_fish/Naso/Naso_fageni/010_gbif_2283073087_mask.png
Naso/Naso_hexacanthus/000_reference.jpeg,accepted,ok,0.6885191798210144,0.03133256833228113,data/extracted_fish/Naso/Naso_hexacanthus/000_reference.png,data/extracted_fish/Naso/Naso_hexacanthus/000_reference_mask.png
Naso/Naso_hexacanthus/012_gbif_6188488286.jpg,accepted,ok,0.8404540419578552,0.21005027285286607,data/extracted_fish/Naso/Naso_hexacanthus/012_gbif_6188488286.png,data/extracted_fish/Naso/Naso_hexacanthus/012_gbif_6188488286_mask.png
Naso/Naso_maculatus/000_reference.jpeg,accepted,ok,0.5813713073730469,0.02978214812357524,data/extracted_fish/Naso/Naso_maculatus/000_reference.png,data/extracted_fish/Naso/Naso_maculatus/000_reference_mask.png
Naso/Naso_tonganus/000_reference.webp,accepted,ok,0.7861824035644531,0.09251480509457982,data/extracted_fish/Naso/Naso_tonganus/000_reference.png,data/extracted_fish/Naso/Naso_tonganus/000_reference_mask.png
Naso/Naso_tonganus/012_gbif_6353368911.jpg,accepted,ok,0.8092613220214844,0.02514671919221869,data/extracted_fish/Naso/Naso_tonganus/012_gbif_6353368911.png,data/extracted_fish/Naso/Naso_tonganus/012_gbif_6353368911_mask.png
Naso/Naso_vlamingii/010_gbif_6188083509.jpg,accepted,ok,0.5291246771812439,0.08908672098317073,data/extracted_fish/Naso/Naso_vlamingii/010_gbif_6188083509.png,data/extracted_fish/Naso/Naso_vlamingii/010_gbif_6188083509_mask.png
Paracanthurus/Paracanthurus_hepatus/009_gbif_6430756436.jpg,accepted,ok,0.69997239112854,0.028734300282588065,data/extracted_fish/Paracanthurus/Paracanthurus_hepatus/009_gbif_6430756436.png,data/extracted_fish/Paracanthurus/Paracanthurus_hepatus/009_gbif_6430756436_mask.png
Paracanthurus/Paracanthurus_hepatus/019_gbif_6400619518.jpg,accepted,ok,0.8244408965110779,0.03157926715506921,data/extracted_fish/Paracanthurus/Paracanthurus_hepatus/019_gbif_6400619518.png,data/extracted_fish/Paracanthurus/Paracanthurus_hepatus/019_gbif_6400619518_mask.png
Prionurus/Prionurus_chrysurus/000_reference.jpeg,accepted,ok,0.8045812845230103,0.03779847560182523,data/extracted_fish/Prionurus/Prionurus_chrysurus/000_reference.png,data/extracted_fish/Prionurus/Prionurus_chrysurus/000_reference_mask.png
Prionurus/Prionurus_laticlavius/000_reference.jpeg,accepted,ok,0.5512701272964478,0.08538126974567006,data/extracted_fish/Prionurus/Prionurus_laticlavius/000_reference.png,data/extracted_fish/Prionurus/Prionurus_laticlavius/000_reference_mask.png
Prionurus/Prionurus_laticlavius/001_gbif_6130086454.jpg,accepted,ok,0.7973390221595764,0.2290736752616557,data/extracted_fish/Prionurus/Prionurus_laticlavius/001_gbif_6130086454.png,data/extracted_fish/Prionurus/Prionurus_laticlavius/001_gbif_6130086454_mask.png
Prionurus/Prionurus_laticlavius/004_gbif_6130627769.jpg,accepted,ok,0.7008593678474426,0.14472464978082217,data/extracted_fish/Prionurus/Prionurus_laticlavius/004_gbif_6130627769.png,data/extracted_fish/Prionurus/Prionurus_laticlavius/004_gbif_6130627769_mask.png
Zebrasoma/Zebrasoma_desjardinii/005_gbif_6130193227.jpg,accepted,ok,0.8423333764076233,0.17162685247936313,data/extracted_fish/Zebrasoma/Zebrasoma_desjardinii/005_gbif_6130193227.png,data/extracted_fish/Zebrasoma/Zebrasoma_desjardinii/005_gbif_6130193227_mask.png
Zebrasoma/Zebrasoma_desjardinii/008_gbif_6131317257.jpg,accepted,ok,0.5434027910232544,0.07431192429789803,data/extracted_fish/Zebrasoma/Zebrasoma_desjardinii/008_gbif_6131317257.png,data/extracted_fish/Zebrasoma/Zebrasoma_desjardinii/008_gbif_6131317257_mask.png
Zebrasoma/Zebrasoma_desjardinii/010_gbif_6131556532.jpg,accepted,ok,0.5687006115913391,0.06543936624600635,data/extracted_fish/Zebrasoma/Zebrasoma_desjardinii/010_gbif_6131556532.png,data/extracted_fish/Zebrasoma/Zebrasoma_desjardinii/010_gbif_6131556532_mask.png
Zebrasoma/Zebrasoma_desjardinii/024_gbif_6171398106.jpg,accepted,ok,0.7421932220458984,0.07639329288578557,data/extracted_fish/Zebrasoma/Zebrasoma_desjardinii/024_gbif_6171398106.png,data/extracted_fish/Zebrasoma/Zebrasoma_desjardinii/024_gbif_6171398106_mask.png
Zebrasoma/Zebrasoma_flavescens/000_reference.webp,accepted,ok,0.8593809008598328,0.05110655480226129,data/extracted_fish/Zebrasoma/Zebrasoma_flavescens/000_reference.png,data/extracted_fish/Zebrasoma/Zebrasoma_flavescens/000_reference_mask.png
Zebrasoma/Zebrasoma_flavescens/024_gbif_6178827091.jpg,accepted,ok,0.812524676322937,0.272708655589787,data/extracted_fish/Zebrasoma/Zebrasoma_flavescens/024_gbif_6178827091.png,data/extracted_fish/Zebrasoma/Zebrasoma_flavescens/024_gbif_6178827091_mask.png
Zebrasoma/Zebrasoma_gemmatum/007_gbif_5104641888.jpg,accepted,ok,0.752799928188324,0.09519243747569318,data/extracted_fish/Zebrasoma/Zebrasoma_gemmatum/007_gbif_5104641888.png,data/extracted_fish/Zebrasoma/Zebrasoma_gemmatum/007_gbif_5104641888_mask.png
Zebrasoma/Zebrasoma_gemmatum/008_gbif_5104744025.jpg,accepted,ok,0.7273187041282654,0.053318739864356944,data/extracted_fish/Zebrasoma/Zebrasoma_gemmatum/008_gbif_5104744025.png,data/extracted_fish/Zebrasoma/Zebrasoma_gemmatum/008_gbif_5104744025_mask.png
Zebrasoma/Zebrasoma_gemmatum/017_gbif_4133612616.jpg,accepted,ok,0.7986748218536377,0.008835672221077683,data/extracted_fish/Zebrasoma/Zebrasoma_gemmatum/017_gbif_4133612616.png,data/extracted_fish/Zebrasoma/Zebrasoma_gemmatum/017_gbif_4133612616_mask.png
Zebrasoma/Zebrasoma_veliferum/008_gbif_6179369595.jpg,accepted,ok,0.7810640931129456,0.07500142579186755,data/extracted_fish/Zebrasoma/Zebrasoma_veliferum/008_gbif_6179369595.png,data/extracted_fish/Zebrasoma/Zebrasoma_veliferum/008_gbif_6179369595_mask.png
Zebrasoma/Zebrasoma_xanthurum/009_gbif_6130586380.jpg,flagged,multiple_fish,,,,
Acanthurus/Acanthurus_achilles/021_gbif_6440945420.jpg,accepted,human_confirmed,0.7997834086418152,0.36749771510773066,data/extracted_fish/Acanthurus/Acanthurus_achilles/021_gbif_6440945420.png,data/extracted_fish/Acanthurus/Acanthurus_achilles/021_gbif_6440945420_mask.png
Acanthurus/Acanthurus_bariene/017_gbif_6130061947.jpg,flagged,multiple_fish,,,,
Acanthurus/Acanthurus_sohal/017_gbif_6131525259.jpg,flagged,multiple_fish,,,,
Ctenochaetus/Ctenochaetus_cyanocheilus/017_gbif_6252369980.jpg,flagged,multiple_fish,,,,
Ctenochaetus/Ctenochaetus_cyanocheilus/021_gbif_6251827957.jpg,flagged,multiple_fish,,,,
Ctenochaetus/Ctenochaetus_hawaiiensis/000_reference.jpeg,flagged,multiple_fish,,,,
Zebrasoma/Zebrasoma_xanthurum/009_gbif_6130586380.jpg,flagged,multiple_fish,,,,
Acanthurus/Acanthurus_bariene/017_gbif_6130061947.jpg,accepted,human_confirmed_multi_box,0.7918148636817932,,data/extracted_fish/Acanthurus/Acanthurus_bariene/017_gbif_6130061947.png,data/extracted_fish/Acanthurus/Acanthurus_bariene/017_gbif_6130061947_mask.png
Ctenochaetus/Ctenochaetus_cyanocheilus/021_gbif_6251827957.jpg,accepted,human_confirmed_multi_box,0.7119252681732178,,data/extracted_fish/Ctenochaetus/Ctenochaetus_cyanocheilus/021_gbif_6251827957.png,data/extracted_fish/Ctenochaetus/Ctenochaetus_cyanocheilus/021_gbif_6251827957_mask.png
Ctenochaetus/Ctenochaetus_hawaiiensis/000_reference.jpeg,accepted,human_confirmed_multi_box,0.7316597700119019,,data/extracted_fish/Ctenochaetus/Ctenochaetus_hawaiiensis/000_reference.png,data/extracted_fish/Ctenochaetus/Ctenochaetus_hawaiiensis/000_reference_mask.png
