species,filename,source_url,license_url,rights_holder,occurrence_key,width,height,border_edge_density
Zebrasoma flavescens,001_gbif_6129824204.jpg,https://inaturalist-open-data.s3.amazonaws.com/photos/608815891/original.jpg,http://creativecommons.org/licenses/by-nc/4.0/,aloe44,6129824204,1536,2048,0.0209
Zebrasoma flavescens,001_gbif_6129857085.jpg,https://inaturalist-open-data.s3.amazonaws.com/photos/607102539/original.jpg,http://creativecommons.org/licenses/by-nc/4.0/,David R,6129857085,2048,1638,0.0061
Zebrasoma flavescens,003_gbif_6130011033.jpg,https://inaturalist-open-data.s3.amazonaws.com/photos/607761588/original.jpg,http://creativecommons.org/licenses/by-nc/4.0/,ohwonderpeople,6130011033,1536,2048,0.2603
Zebrasoma flavescens,003_gbif_6130080893.jpg,https://inaturalist-open-data.s3.amazonaws.com/photos/607243695/original.jpg,http://creativecommons.org/licenses/by-nc/4.0/,eehinger,6130080893,1536,2048,0.014
Zebrasoma flavescens,005_gbif_6130132621.jpg,https://inaturalist-open-data.s3.amazonaws.com/photos/609856323/original.jpg,http://creativecommons.org/licenses/by-nc/4.0/,isaiah_ofa_24,6130132621,2048,1152,0.1272
Zebrasoma flavescens,002_gbif_6130509762.jpg,https://inaturalist-open-data.s3.amazonaws.com/photos/607086765/original.jpg,http://creativecommons.org/licenses/by-nc/4.0/,P. Johnson,6130509762,2048,1152,0.0765
Zebrasoma flavescens,004_gbif_6130517648.jpg,https://inaturalist-open-data.s3.amazonaws.com/photos/608809721/original.jpg,http://creativecommons.org/licenses/by-nc/4.0/,JimsWildLife,6130517648,2048,1536,0.015
Zebrasoma flavescens,005_gbif_6130596996.jpg,https://inaturalist-open-data.s3.amazonaws.com/photos/609724473/original.jpg,http://creativecommons.org/licenses/by-nc/4.0/,Andrew Plant,6130596996,2048,1536,0.0057
Acanthurus achilles,001_gbif_6130106448.jpg,https://inaturalist-open-data.s3.amazonaws.com/photos/609729076/original.jpg,http://creativecommons.org/licenses/by-nc/4.0/,Andrew Plant,6130106448,1373,1077,0.0162
Acanthurus achilles,002_gbif_6130778465.jpg,https://inaturalist-open-data.s3.amazonaws.com/photos/606504272/original.jpg,http://creativecommons.org/licenses/by-nc/4.0/,mayer212,6130778465,2048,1536,0.0577
Acanthurus achilles,003_gbif_6130817819.jpg,https://inaturalist-open-data.s3.amazonaws.com/photos/610553145/original.jpg,http://creativecommons.org/licenses/by-nc/4.0/,rokkenolan,6130817819,2048,1536,0.0459
Acanthurus achilles,004_gbif_6131113405.jpg,https://inaturalist-open-data.s3.amazonaws.com/photos/607398357/original.jpg,http://creativecommons.org/licenses/by-nc/4.0/,David R,6131113405,2048,1639,0.0098
Acanthurus achilles,002_gbif_6159188379.jpg,https://inaturalist-open-data.s3.amazonaws.com/photos/615877646/original.jpg,http://creativecommons.org/licenses/by-nc/4.0/,orionsmcc,6159188379,2048,1536,0.043
Acanthurus achilles,003_gbif_6178667583.jpg,https://inaturalist-open-data.s3.amazonaws.com/photos/621966077/original.jpg,http://creativecommons.org/licenses/by-nc/4.0/,Ryan Shaw,6178667583,2000,1333,0.2427
Acanthurus achilles,007_gbif_6179279478.jpg,https://inaturalist-open-data.s3.amazonaws.com/photos/624130627/original.jpg,http://creativecommons.org/licenses/by-nc/4.0/,Blaine T. Spellman,6179279478,2048,1536,0.0607
Acanthurus achilles,008_gbif_6185803057.jpg,https://inaturalist-open-data.s3.amazonaws.com/photos/630183238/original.jpg,http://creativecommons.org/licenses/by-nc/4.0/,calvin,6185803057,2048,1152,0.0825
Acanthurus achilles,009_gbif_6195318834.jpg,https://inaturalist-open-data.s3.amazonaws.com/photos/635990220/original.jpg,http://creativecommons.org/licenses/by-nc/4.0/,tarredandfeathered,6195318834,1869,1402,0.1878
Acanthurus achilles,010_gbif_6188320716.jpg,https://inaturalist-open-data.s3.amazonaws.com/photos/632078185/original.jpg,http://creativecommons.org/licenses/by-nc/4.0/,McKenzie Koch,6188320716,1536,2048,0.0149
Acanthurus achilles,011_gbif_6195303562.jpg,https://inaturalist-open-data.s3.amazonaws.com/photos/637461888/original.jpg,http://creativecommons.org/licenses/by-nc/4.0/,Brian Spence,6195303562,2048,1531,0.0168
Acanthurus achilles,004_gbif_6195316040.jpg,https://inaturalist-open-data.s3.amazonaws.com/photos/636369187/original.jpg,http://creativecommons.org/licenses/by-nc/4.0/,Brian Spence,6195316040,2048,1533,0.0146
Acanthurus achilles,013_gbif_6195788751.jpg,https://inaturalist-open-data.s3.amazonaws.com/photos/635708648/original.jpg,http://creativecommons.org/licenses/by/4.0/,Antoine MARNAT,6195788751,2048,1536,0.0667
Acanthurus achilles,007_gbif_6195860630.jpg,https://inaturalist-open-data.s3.amazonaws.com/photos/637403162/original.jpg,http://creativecommons.org/licenses/by-nc/4.0/,Brian Spence,6195860630,2048,1528,0.0733
Acanthurus achilles,008_gbif_6236283629.jpg,https://inaturalist-open-data.s3.amazonaws.com/photos/642186984/original.jpg,http://creativecommons.org/licenses/by-nc/4.0/,cjmatheson,6236283629,2048,1366,0.0384
Acanthurus achilles,012_gbif_6273258894.jpg,https://inaturalist-open-data.s3.amazonaws.com/photos/654067861/original.jpg,http://creativecommons.org/licenses/by-nc/4.0/,Hubert Szczygieł,6273258894,2048,1536,0.0388
Acanthurus achilles,018_gbif_6334107841.jpg,https://inaturalist-open-data.s3.amazonaws.com/photos/665555069/original.jpg,http://creativecommons.org/licenses/by-nc/4.0/,Remy DUBAS,6334107841,2048,1367,0.066
Acanthurus achilles,019_gbif_6413156332.jpg,https://inaturalist-open-data.s3.amazonaws.com/photos/682546069/original.jpg,http://creativecommons.org/licenses/by-nc/4.0/,Remy DUBAS,6413156332,2048,1365,0.0573
Acanthurus achilles,016_gbif_6398672781.jpg,https://inaturalist-open-data.s3.amazonaws.com/photos/679341487/original.jpg,http://creativecommons.org/licenses/by-nc/4.0/,tristanbfried,6398672781,2048,1536,0.0479
Acanthurus achilles,021_gbif_6422454752.jpg,https://inaturalist-open-data.s3.amazonaws.com/photos/685015325/original.jpg,http://creativecommons.org/licenses/by-nc/4.0/,Rad Dad Chad,6422454752,1536,2048,0.1475
Acanthurus achilles,022_gbif_6422988604.jpg,https://inaturalist-open-data.s3.amazonaws.com/photos/688078834/original.jpg,http://creativecommons.org/licenses/by-nc/4.0/,Quentin Paynter,6422988604,1536,2048,0.0869
Acanthurus achilles,021_gbif_6440945420.jpg,https://inaturalist-open-data.s3.amazonaws.com/photos/697363563/original.jpg,http://creativecommons.org/licenses/by-nc/4.0/,Michele,6440945420,2048,1536,0.1159
Acanthurus achilles,023_gbif_6441167301.jpg,https://inaturalist-open-data.s3.amazonaws.com/photos/694362724/original.jpg,http://creativecommons.org/licenses/by-nc/4.0/,emily_foster133,6441167301,1202,1603,0.0069
Acanthurus albipectoralis,001_gbif_6179049210.jpg,https://inaturalist-open-data.s3.amazonaws.com/photos/620778112/original.jpg,http://creativecommons.org/licenses/by-nc/4.0/,Damien Brouste,6179049210,2048,1365,0.004
Acanthurus albipectoralis,001_gbif_6320321479.jpg,https://inaturalist-open-data.s3.amazonaws.com/photos/656381873/original.jpg,http://creativecommons.org/licenses/by-nc/4.0/,Claire Goiran,6320321479,1124,1131,0.0602
Acanthurus albipectoralis,002_gbif_6399281585.jpg,https://inaturalist-open-data.s3.amazonaws.com/photos/679302325/original.jpg,http://creativecommons.org/licenses/by/4.0/,Bruce Deagle,6399281585,1852,1389,0.0809
Acanthurus albipectoralis,004_gbif_6422545047.jpg,https://inaturalist-open-data.s3.amazonaws.com/photos/688441016/original.jpg,http://creativecommons.org/licenses/by/4.0/,Lawrence Hylton,6422545047,1980,1321,0.2858
Acanthurus albipectoralis,003_gbif_6431464546.jpg,https://inaturalist-open-data.s3.amazonaws.com/photos/690719785/original.jpg,http://creativecommons.org/licenses/by-nc/4.0/,Michal,6431464546,2048,1366,0.2019
Acanthurus albipectoralis,004_gbif_6441040651.jpg,https://inaturalist-open-data.s3.amazonaws.com/photos/695493657/original.jpg,http://creativecommons.org/licenses/by-nc/4.0/,Claire Goiran,6441040651,1837,1844,0.0466
Acanthurus albipectoralis,005_gbif_6399574627.jpg,https://inaturalist-open-data.s3.amazonaws.com/photos/513841893/original.jpg,http://creativecommons.org/licenses/by-nc/4.0/,Claire Goiran,6399574627,1908,1915,0.05
Acanthurus albipectoralis,006_gbif_4512203037.jpeg,https://inaturalist-open-data.s3.amazonaws.com/photos/345627797/original.jpeg,http://creativecommons.org/licenses/by-nc/4.0/,Joëlle VINCENT,4512203037,2048,1019,0.1223
Acanthurus albipectoralis,007_gbif_4535882052.jpeg,https://inaturalist-open-data.s3.amazonaws.com/photos/345628262/original.jpeg,http://creativecommons.org/licenses/by-nc/4.0/,Joëlle VINCENT,4535882052,2048,1063,0.0163
Acanthurus albipectoralis,008_gbif_6178422681.jpeg,https://inaturalist-open-data.s3.amazonaws.com/photos/353270031/original.jpeg,http://creativecommons.org/licenses/by-nc/4.0/,Claire Goiran,6178422681,2040,2048,0.0152
Acanthurus albipectoralis,009_gbif_6178570697.jpeg,https://inaturalist-open-data.s3.amazonaws.com/photos/350812384/original.jpeg,http://creativecommons.org/licenses/by-nc/4.0/,Claire Goiran,6178570697,1370,1377,0.1378
Acanthurus albipectoralis,010_gbif_6178774090.jpeg,https://inaturalist-open-data.s3.amazonaws.com/photos/352549723/original.jpeg,http://creativecommons.org/licenses/by-nc/4.0/,Claire Goiran,6178774090,1716,1719,0.0841
Acanthurus albipectoralis,011_gbif_6178822235.jpeg,https://inaturalist-open-data.s3.amazonaws.com/photos/350830668/original.jpeg,http://creativecommons.org/licenses/by-nc/4.0/,Claire Goiran,6178822235,2045,2048,0.0086
Acanthurus albipectoralis,012_gbif_4863474214.jpeg,https://inaturalist-open-data.s3.amazonaws.com/photos/380943462/original.jpeg,http://creativecommons.org/licenses/by-nc/4.0/,Claire Goiran,4863474214,1626,1633,0.03
Acanthurus albipectoralis,013_gbif_4863812558.jpeg,https://inaturalist-open-data.s3.amazonaws.com/photos/380928674/original.jpeg,http://creativecommons.org/licenses/by-nc/4.0/,Claire Goiran,4863812558,2047,2048,0.0108
Acanthurus albipectoralis,014_gbif_5006870449.jpg,https://inaturalist-open-data.s3.amazonaws.com/photos/452180524/original.jpg,http://creativecommons.org/licenses/by/4.0/,Debra Baker,5006870449,2048,1528,0.1096
Acanthurus albipectoralis,015_gbif_5006832714.jpg,https://inaturalist-open-data.s3.amazonaws.com/photos/315438802/original.jpg,http://creativecommons.org/licenses/by-nc/4.0/,warren cameron,5006832714,2048,1363,0.0173
Acanthurus albipectoralis,018_gbif_5006832768.jpeg,https://inaturalist-open-data.s3.amazonaws.com/photos/324342763/original.jpeg,http://creativecommons.org/licenses/by-nc/4.0/,Claire Goiran,5006832768,2046,2048,0.0264
Acanthurus albipectoralis,016_gbif_5007288058.jpeg,https://inaturalist-open-data.s3.amazonaws.com/photos/324342961/original.jpeg,http://creativecommons.org/licenses/by-nc/4.0/,Claire Goiran,5007288058,2048,1536,0.0093
Acanthurus albipectoralis,017_gbif_4458441002.jpeg,https://inaturalist-open-data.s3.amazonaws.com/photos/338860015/original.jpeg,http://creativecommons.org/licenses/by-nc/4.0/,Claire Goiran,4458441002,2033,2035,0.0215
Acanthurus albipectoralis,018_gbif_4458716005.jpeg,https://inaturalist-open-data.s3.amazonaws.com/photos/338859994/original.jpeg,http://creativecommons.org/licenses/by-nc/4.0/,Claire Goiran,4458716005,1912,1914,0.0063
Acanthurus albipectoralis,020_gbif_4465484262.jpeg,https://inaturalist-open-data.s3.amazonaws.com/photos/340447443/original.jpeg,http://creativecommons.org/licenses/by-nc/4.0/,Claire Goiran,4465484262,1787,1794,0.0258
Acanthurus albipectoralis,022_gbif_6179337893.jpeg,https://inaturalist-open-data.s3.amazonaws.com/photos/332280533/original.jpeg,http://creativecommons.org/licenses/by-nc/4.0/,Claire Goiran,6179337893,2048,2047,0.0118
Acanthurus albipectoralis,024_gbif_3902198807.jpeg,https://inaturalist-open-data.s3.amazonaws.com/photos/181153777/original.jpeg,http://creativecommons.org/licenses/by-nc/4.0/,Pierre-Louis Stenger,3902198807,2048,1367,0.0061
Acanthurus bariene,001_gbif_6130770452.jpg,https://inaturalist-open-data.s3.amazonaws.com/photos/610115089/original.jpg,http://creativecommons.org/licenses/by-nc/4.0/,barthazes,6130770452,1658,1218,0.008
Acanthurus bariene,002_gbif_6147559552.jpg,https://inaturalist-open-data.s3.amazonaws.com/photos/613460293/original.jpg,http://creativecommons.org/licenses/by-nc/4.0/,tuuret,6147559552,1152,2048,0.0967
Acanthurus bariene,003_gbif_6179416638.jpg,https://inaturalist-open-data.s3.amazonaws.com/photos/616680917/original.jpg,http://creativecommons.org/licenses/by/4.0/,Egor Dyukarev,6179416638,1204,905,0.0275
Acanthurus bariene,004_gbif_6320633812.jpg,https://inaturalist-open-data.s3.amazonaws.com/photos/640021781/original.jpg,http://creativecommons.org/licenses/by-nc/4.0/,andreabss68,6320633812,2048,1296,0.217
Acanthurus bariene,005_gbif_6320642544.jpg,https://inaturalist-open-data.s3.amazonaws.com/photos/647873494/original.jpg,http://creativecommons.org/licenses/by-nc/4.0/,azimmusthag,6320642544,2048,1536,0.0839
Acanthurus bariene,006_gbif_6399118601.jpg,https://inaturalist-open-data.s3.amazonaws.com/photos/673756674/original.jpg,http://creativecommons.org/licenses/by-nc/4.0/,Julien Ueda,6399118601,2048,1365,0.0059
Acanthurus bariene,007_gbif_5063318123.jpg,https://inaturalist-open-data.s3.amazonaws.com/photos/465655910/original.jpg,http://creativecommons.org/licenses/by-nc/4.0/,Ingo Rogalla,5063318123,2048,1367,0.0303
Acanthurus bariene,008_gbif_5134869802.jpeg,https://inaturalist-open-data.s3.amazonaws.com/photos/484749371/original.jpeg,http://creativecommons.org/licenses/by-nc/4.0/,Roxanne Lazarus,5134869802,2048,1368,0.0535
Acanthurus bariene,009_gbif_5153863627.jpg,https://inaturalist-open-data.s3.amazonaws.com/photos/497610246/original.jpg,http://creativecommons.org/licenses/by-nc/4.0/,Clinton Duffy,5153863627,1891,1054,0.0581
Acanthurus bariene,010_gbif_5292289352.jpg,https://inaturalist-open-data.s3.amazonaws.com/photos/550967191/original.jpg,http://creativecommons.org/licenses/by-nc/4.0/,TGriffin,5292289352,1440,1080,0.1169
Acanthurus bariene,011_gbif_5292760070.jpg,https://inaturalist-open-data.s3.amazonaws.com/photos/554163875/original.jpg,http://creativecommons.org/licenses/by/4.0/,Piotr Lukasik,5292760070,1920,1440,0.3383
Acanthurus bariene,012_gbif_5293036299.jpg,https://inaturalist-open-data.s3.amazonaws.com/photos/551784754/original.jpg,http://creativecommons.org/licenses/by-nc/4.0/,Jon Aull,5293036299,2048,1536,0.0558
Acanthurus bariene,013_gbif_5293094253.jpg,https://inaturalist-open-data.s3.amazonaws.com/photos/548768443/original.jpg,http://creativecommons.org/licenses/by-nc/4.0/,Chee Koi Jun,5293094253,2048,1155,0.0415
Acanthurus bariene,014_gbif_5903992860.jpg,https://inaturalist-open-data.s3.amazonaws.com/photos/593175679/original.jpg,http://creativecommons.org/licenses/by-nc/4.0/,Gina,5903992860,2048,1536,0.093
Acanthurus bariene,015_gbif_6131596227.jpg,https://inaturalist-open-data.s3.amazonaws.com/photos/610002214/original.jpg,http://creativecommons.org/licenses/by/4.0/,CaracalShan,6131596227,1710,1283,0.0576
Acanthurus bariene,016_gbif_5936238454.jpg,https://inaturalist-open-data.s3.amazonaws.com/photos/601200995/original.jpg,http://creativecommons.org/licenses/by-nc/4.0/,Curtis Hart,5936238454,1443,1082,0.0463
Acanthurus bariene,017_gbif_6130061947.jpg,https://inaturalist-open-data.s3.amazonaws.com/photos/607621445/original.jpg,http://creativecommons.org/licenses/by/4.0/,Ben Costamagna,6130061947,2048,1536,0.1093
Acanthurus bariene,018_gbif_6130425662.jpg,https://inaturalist-open-data.s3.amazonaws.com/photos/607621275/original.jpg,http://creativecommons.org/licenses/by/4.0/,Ben Costamagna,6130425662,2048,1536,0.1444
Acanthurus bariene,019_gbif_4936754579.jpeg,https://inaturalist-open-data.s3.amazonaws.com/photos/426304288/original.jpeg,http://creativecommons.org/licenses/by-nc/4.0/,Ingmar Rondeel,4936754579,2048,1536,0.0123
Acanthurus bariene,020_gbif_4974196207.png,https://inaturalist-open-data.s3.amazonaws.com/photos/442756374/original.png,http://creativecommons.org/licenses/by-nc/4.0/,barthazes,4974196207,1718,1108,0.0121
Acanthurus bariene,021_gbif_4126677248.jpeg,https://inaturalist-open-data.s3.amazonaws.com/photos/284774815/original.jpeg,http://creativecommons.org/licenses/by/4.0/,desertnaturalist,4126677248,2048,1662,0.0431
Acanthurus bariene,022_gbif_4904318446.jpeg,https://inaturalist-open-data.s3.amazonaws.com/photos/400667895/original.jpeg,http://creativecommons.org/licenses/by-nc/4.0/,rosablanca75,4904318446,2048,1226,0.0972
Acanthurus bariene,023_gbif_4453789940.jpg,https://inaturalist-open-data.s3.amazonaws.com/photos/337027994/original.jpg,http://creativecommons.org/publicdomain/zero/1.0/,Jean-Paul Boerekamps,4453789940,2048,1700,0.1254
Acanthurus bariene,024_gbif_4458479533.jpg,https://inaturalist-open-data.s3.amazonaws.com/photos/338536412/original.jpg,http://creativecommons.org/licenses/by-nc/4.0/,ylsu,4458479533,2048,1368,0.1222
Acanthurus blochii,001_gbif_5938314485.jpg,https://inaturalist-open-data.s3.amazonaws.com/photos/605189751/original.jpg,http://creativecommons.org/licenses/by-nc/4.0/,David Pierce,5938314485,946,2048,0.0562
Acanthurus blochii,002_gbif_6129854880.jpg,https://inaturalist-open-data.s3.amazonaws.com/photos/608069394/original.jpg,http://creativecommons.org/licenses/by-nc/4.0/,acadiasunrise,6129854880,2048,1536,0.0059
Acanthurus blochii,003_gbif_6129973786.jpg,https://inaturalist-open-data.s3.amazonaws.com/photos/607212117/original.jpg,http://creativecommons.org/licenses/by-nc/4.0/,rrd85,6129973786,1161,859,0.0097
Acanthurus blochii,004_gbif_6130043107.jpg,https://inaturalist-open-data.s3.amazonaws.com/photos/609618050/original.jpg,http://creativecommons.org/licenses/by-nc/4.0/,Leyton Reid,6130043107,2048,1536,0.0138
Acanthurus blochii,005_gbif_6130333435.jpg,https://inaturalist-open-data.s3.amazonaws.com/photos/609385965/original.jpg,http://creativecommons.org/licenses/by-nc/4.0/,Leyton Reid,6130333435,2048,1536,0.0488
Acanthurus blochii,006_gbif_6130404740.jpg,https://inaturalist-open-data.s3.amazonaws.com/photos/609728167/original.jpg,http://creativecommons.org/licenses/by-nc/4.0/,Andrew Plant,6130404740,2048,1536,0.0318
Acanthurus blochii,007_gbif_6130413781.jpg,https://inaturalist-open-data.s3.amazonaws.com/photos/608817036/original.jpg,http://creativecommons.org/licenses/by-nc/4.0/,aloe44,6130413781,1536,2048,0.006
Acanthurus blochii,008_gbif_6130564971.jpg,https://inaturalist-open-data.s3.amazonaws.com/photos/608817819/original.jpg,http://creativecommons.org/licenses/by-nc/4.0/,aloe44,6130564971,1536,2048,0.0344
Acanthurus blochii,009_gbif_6130649007.jpg,https://inaturalist-open-data.s3.amazonaws.com/photos/609863513/original.jpg,http://creativecommons.org/licenses/by-nc/4.0/,Leyton Reid,6130649007,2048,1536,0.0127
Acanthurus blochii,010_gbif_6131197017.jpg,https://inaturalist-open-data.s3.amazonaws.com/photos/609615282/original.jpg,http://creativecommons.org/licenses/by-nc/4.0/,Leyton Reid,6131197017,2048,1536,0.0314
Acanthurus blochii,011_gbif_6131299751.jpg,https://inaturalist-open-data.s3.amazonaws.com/photos/609149732/original.jpg,http://creativecommons.org/licenses/by-nc/4.0/,devynsmith,6131299751,1853,1462,0.0058
Acanthurus blochii,012_gbif_6131304181.jpg,https://inaturalist-open-data.s3.amazonaws.com/photos/606085739/original.jpg,http://creativecommons.org/licenses/by-nc/4.0/,Tarciso Leão,6131304181,1526,1144,0.0739
Acanthurus blochii,013_gbif_6131412833.jpg,https://inaturalist-open-data.s3.amazonaws.com/photos/608869399/original.jpg,http://creativecommons.org/licenses/by-nc/4.0/,thebladedbird,6131412833,2048,1536,0.0054
Acanthurus blochii,014_gbif_6133330659.jpg,https://inaturalist-open-data.s3.amazonaws.com/photos/611802588/original.jpg,http://creativecommons.org/licenses/by-nc/4.0/,Keegan Thomas,6133330659,1536,2048,0.0205
Acanthurus blochii,015_gbif_6133494229.jpg,https://inaturalist-open-data.s3.amazonaws.com/photos/611099729/original.jpg,http://creativecommons.org/licenses/by-nc/4.0/,Andrew Plant,6133494229,2048,1646,0.0748
Acanthurus blochii,016_gbif_6163087466.jpg,https://inaturalist-open-data.s3.amazonaws.com/photos/617110958/original.jpg,http://creativecommons.org/licenses/by-nc/4.0/,Stypnzelda,6163087466,2048,1152,0.0164
Acanthurus blochii,017_gbif_6413465888.jpg,https://inaturalist-open-data.s3.amazonaws.com/photos/680582300/original.jpg,http://creativecommons.org/licenses/by-nc/4.0/,aproseto,6413465888,2048,1152,0.0331
Acanthurus blochii,018_gbif_6414081594.jpg,https://inaturalist-open-data.s3.amazonaws.com/photos/680582533/original.jpg,http://creativecommons.org/licenses/by-nc/4.0/,aproseto,6414081594,2048,1152,0.0079
Acanthurus blochii,019_gbif_6470683643.jpg,https://inaturalist-open-data.s3.amazonaws.com/photos/612089443/original.jpg,http://creativecommons.org/licenses/by-nc/4.0/,cathylebouteiller,6470683643,2048,1999,0.0888
Acanthurus blochii,020_gbif_6147190640.jpg,https://inaturalist-open-data.s3.amazonaws.com/photos/614068758/original.jpg,http://creativecommons.org/licenses/by-nc/4.0/,Torin Johnson,6147190640,2048,1152,0.0383
Acanthurus blochii,021_gbif_6162888730.jpg,https://inaturalist-open-data.s3.amazonaws.com/photos/617998268/original.jpg,http://creativecommons.org/licenses/by-nc/4.0/,MDrevininkas,6162888730,1290,900,0.009
Acanthurus blochii,022_gbif_6162949840.jpg,https://inaturalist-open-data.s3.amazonaws.com/photos/618176324/original.jpg,http://creativecommons.org/licenses/by-nc/4.0/,Jamee Moulton,6162949840,944,918,0.0139
Acanthurus blochii,023_gbif_6163103854.jpg,https://inaturalist-open-data.s3.amazonaws.com/photos/618331377/original.jpg,http://creativecommons.org/licenses/by-nc/4.0/,Morgane Barraud,6163103854,2048,1536,0.0796
Acanthurus blochii,024_gbif_6163234743.jpg,https://inaturalist-open-data.s3.amazonaws.com/photos/617967305/original.jpg,http://creativecommons.org/licenses/by-nc/4.0/,MDrevininkas,6163234743,1727,1629,0.0057
Acanthurus chirurgus,001_gbif_6130419334.jpg,https://inaturalist-open-data.s3.amazonaws.com/photos/610482186/original.jpg,http://creativecommons.org/licenses/by-nc/4.0/,oopiegoopie,6130419334,2048,1536,0.0113
Acanthurus chirurgus,002_gbif_6130579761.jpg,https://inaturalist-open-data.s3.amazonaws.com/photos/607341731/original.jpg,http://creativecommons.org/licenses/by-nc/4.0/,naturalistfishing,6130579761,2048,1536,0.0233
Acanthurus chirurgus,001_gbif_6131107325.jpg,https://inaturalist-open-data.s3.amazonaws.com/photos/607895098/original.jpg,http://creativecommons.org/licenses/by-nc/4.0/,tapirusindicus,6131107325,2048,1528,0.0059
Acanthurus chirurgus,002_gbif_6131140047.jpg,https://inaturalist-open-data.s3.amazonaws.com/photos/606295654/original.jpg,http://creativecommons.org/licenses/by-nc/4.0/,ryanholmes722,6131140047,1536,2048,0.0102
Acanthurus chirurgus,003_gbif_6133025832.jpg,https://inaturalist-open-data.s3.amazonaws.com/photos/604652962/original.jpg,http://creativecommons.org/licenses/by-nc/4.0/,Sheldon Logan,6133025832,2048,1536,0.0301
Acanthurus chirurgus,004_gbif_6133103564.jpg,https://inaturalist-open-data.s3.amazonaws.com/photos/611230270/original.jpg,http://creativecommons.org/licenses/by-nc/4.0/,K Jeffreys,6133103564,1331,1110,0.0079
Acanthurus chirurgus,007_gbif_6133246742.jpg,https://inaturalist-open-data.s3.amazonaws.com/photos/611283979/original.jpg,http://creativecommons.org/licenses/by-nc/4.0/,cjmatheson,6133246742,2048,1365,0.0251
Acanthurus chirurgus,005_gbif_6133390214.jpg,https://inaturalist-open-data.s3.amazonaws.com/photos/611311994/original.jpg,http://creativecommons.org/licenses/by-nc/4.0/,Ted Weber,6133390214,2048,977,0.069
Acanthurus chirurgus,006_gbif_6147235917.jpg,https://inaturalist-open-data.s3.amazonaws.com/photos/613055803/original.jpg,http://creativecommons.org/licenses/by/4.0/,stephen,6147235917,2048,1639,0.0732
Acanthurus chirurgus,007_gbif_6147466813.jpg,https://inaturalist-open-data.s3.amazonaws.com/photos/613335331/original.jpg,http://creativecommons.org/licenses/by-nc/4.0/,Nick Perfetuo,6147466813,2048,1536,0.0524
Acanthurus chirurgus,011_gbif_6159251061.jpg,https://inaturalist-open-data.s3.amazonaws.com/photos/614950410/original.jpg,http://creativecommons.org/licenses/by-nc/4.0/,Fabrizio Melges Ferro,6159251061,1560,1170,0.0841
Acanthurus chirurgus,012_gbif_6159427539.jpg,https://inaturalist-open-data.s3.amazonaws.com/photos/615070829/original.jpg,http://creativecommons.org/licenses/by-nc/4.0/,Nikolett Tóth,6159427539,2048,1173,0.0851
Acanthurus chirurgus,008_gbif_6159707618.jpg,https://inaturalist-open-data.s3.amazonaws.com/photos/616198522/original.jpg,http://creativecommons.org/licenses/by-nc/4.0/,Nikolett Tóth,6159707618,2032,2048,0.0472
Acanthurus chirurgus,014_gbif_6178330611.jpg,https://inaturalist-open-data.s3.amazonaws.com/photos/623671478/original.jpg,http://creativecommons.org/licenses/by-nc/4.0/,jgchoquette,6178330611,1029,876,0.0109
Acanthurus chirurgus,009_gbif_6195964958.jpg,https://inaturalist-open-data.s3.amazonaws.com/photos/605225050/original.jpg,http://creativecommons.org/licenses/by-nc/4.0/,Guimaxotto Rocha,6195964958,944,2048,0.0464
Acanthurus chirurgus,016_gbif_6235573322.jpg,https://inaturalist-open-data.s3.amazonaws.com/photos/613070056/original.jpg,http://creativecommons.org/licenses/by/4.0/,stephen,6235573322,2048,1638,0.0579
Acanthurus chirurgus,017_gbif_6236263427.jpg,https://inaturalist-open-data.s3.amazonaws.com/photos/613070087/original.jpg,http://creativecommons.org/licenses/by/4.0/,stephen,6236263427,1638,2048,0.0652
Acanthurus chirurgus,012_gbif_6320983083.jpg,https://inaturalist-open-data.s3.amazonaws.com/photos/604643052/original.jpg,http://creativecommons.org/licenses/by-nc/4.0/,Sheldon Logan,6320983083,2048,1536,0.0096
Acanthurus chirurgus,013_gbif_6147239537.jpg,https://inaturalist-open-data.s3.amazonaws.com/photos/613182659/original.jpg,http://creativecommons.org/licenses/by-nc/4.0/,MAEL ANDRIEUX,6147239537,2048,1155,0.0358
Acanthurus chirurgus,015_gbif_6147359530.jpg,https://inaturalist-open-data.s3.amazonaws.com/photos/612954323/original.jpg,http://creativecommons.org/licenses/by-nc/4.0/,Michael Sweet,6147359530,2048,1536,0.3019
Acanthurus chirurgus,021_gbif_6159369159.jpg,https://inaturalist-open-data.s3.amazonaws.com/photos/616243422/original.jpg,http://creativecommons.org/licenses/by-nc/4.0/,ur6s77,6159369159,2048,947,0.0067
Acanthurus chirurgus,017_gbif_6159375673.jpg,https://inaturalist-open-data.s3.amazonaws.com/photos/615215792/original.jpg,http://creativecommons.org/licenses/by-nc/4.0/,TGriffin,6159375673,1440,1080,0.033
Acanthurus chirurgus,018_gbif_6162896452.jpg,https://inaturalist-open-data.s3.amazonaws.com/photos/617084780/original.jpg,http://creativecommons.org/licenses/by-nc/4.0/,Manny Varela,6162896452,1536,2048,0.3092
Acanthurus chirurgus,020_gbif_6163068202.jpg,https://inaturalist-open-data.s3.amazonaws.com/photos/617961345/original.jpg,http://creativecommons.org/licenses/by-nc/4.0/,Jeff Garner,6163068202,1238,1013,0.015
Acanthurus dussumieri,001_gbif_5938316296.jpg,https://inaturalist-open-data.s3.amazonaws.com/photos/605314334/original.jpg,http://creativecommons.org/licenses/by-nc/4.0/,martinkopp,5938316296,2048,1365,0.1013
Acanthurus dussumieri,001_gbif_6129983817.jpg,https://inaturalist-open-data.s3.amazonaws.com/photos/607261062/original.jpg,http://creativecommons.org/licenses/by-nc/4.0/,Dev Simpkins,6129983817,2048,1200,0.1025
Acanthurus dussumieri,002_gbif_6130109340.jpg,https://inaturalist-open-data.s3.amazonaws.com/photos/608110516/original.jpg,http://creativecommons.org/licenses/by-nc/4.0/,Michal,6130109340,2048,1366,0.0683
Acanthurus dussumieri,003_gbif_6130777748.jpg,https://inaturalist-open-data.s3.amazonaws.com/photos/609229713/original.jpg,http://creativecommons.org/licenses/by-nc/4.0/,wilnasteenkamp,6130777748,1861,1384,0.0832
Acanthurus dussumieri,004_gbif_6162782640.jpg,https://inaturalist-open-data.s3.amazonaws.com/photos/616873746/original.jpg,http://creativecommons.org/licenses/by-nc/4.0/,A. van Zyl,6162782640,2048,1536,0.1033
Acanthurus dussumieri,005_gbif_6188521761.jpg,https://inaturalist-open-data.s3.amazonaws.com/photos/632555888/original.jpg,http://creativecommons.org/licenses/by-nc/4.0/,michaelbaileyblackswan,6188521761,2048,1152,0.0097
Acanthurus dussumieri,006_gbif_6133433646.jpg,https://inaturalist-open-data.s3.amazonaws.com/photos/612703626/original.jpg,http://creativecommons.org/licenses/by-nc/4.0/,boussion_magali,6133433646,2048,1536,0.0809
Acanthurus dussumieri,007_gbif_6133516378.jpg,https://inaturalist-open-data.s3.amazonaws.com/photos/612703631/original.jpg,http://creativecommons.org/licenses/by-nc/4.0/,boussion_magali,6133516378,2048,1536,0.0486
Acanthurus dussumieri,008_gbif_6159373276.jpg,https://inaturalist-open-data.s3.amazonaws.com/photos/614907522/original.jpg,http://creativecommons.org/licenses/by-nc/4.0/,Jess,6159373276,1995,1263,0.0305
Acanthurus dussumieri,010_gbif_6159692182.jpg,https://inaturalist-open-data.s3.amazonaws.com/photos/615699378/original.jpg,http://creativecommons.org/licenses/by-nc/4.0/,Dubravka Skalamera,6159692182,2048,1544,0.0156
Acanthurus dussumieri,011_gbif_6162824822.jpg,https://inaturalist-open-data.s3.amazonaws.com/photos/617661770/original.jpg,http://creativecommons.org/licenses/by-nc/4.0/,offshore_,6162824822,1274,1274,0.1443
Acanthurus dussumieri,009_gbif_6162979812.jpg,https://inaturalist-open-data.s3.amazonaws.com/photos/617684976/original.jpg,http://creativecommons.org/licenses/by-nc/4.0/,marigrob,6162979812,2048,1536,0.3025
Acanthurus dussumieri,010_gbif_6171005373.jpg,https://inaturalist-open-data.s3.amazonaws.com/photos/619608064/original.jpg,http://creativecommons.org/licenses/by/4.0/,Susan Prior,6171005373,1500,1500,0.1597
Acanthurus dussumieri,011_gbif_6171157955.jpg,https://inaturalist-open-data.s3.amazonaws.com/photos/619439559/original.jpg,http://creativecommons.org/licenses/by-nc/4.0/,Peter de Jongh,6171157955,1022,819,0.0911
Acanthurus dussumieri,012_gbif_6171204124.jpg,https://inaturalist-open-data.s3.amazonaws.com/photos/619397441/original.jpg,http://creativecommons.org/licenses/by-nc/4.0/,Peter de Jongh,6171204124,2048,1568,0.0361
Acanthurus dussumieri,013_gbif_6171376446.jpg,https://inaturalist-open-data.s3.amazonaws.com/photos/619606136/original.jpg,http://creativecommons.org/licenses/by/4.0/,Susan Prior,6171376446,1500,1500,0.0851
Acanthurus dussumieri,014_gbif_6178364959.jpg,https://inaturalist-open-data.s3.amazonaws.com/photos/621060944/original.jpg,http://creativecommons.org/publicdomain/zero/1.0/,Thompson Hyggen,6178364959,2048,1536,0.018
Acanthurus dussumieri,015_gbif_6178478511.jpg,https://inaturalist-open-data.s3.amazonaws.com/photos/621060911/original.jpg,http://creativecommons.org/publicdomain/zero/1.0/,Thompson Hyggen,6178478511,2048,1536,0.0651
Acanthurus dussumieri,017_gbif_6234944802.jpg,https://inaturalist-open-data.s3.amazonaws.com/photos/644380396/original.jpg,http://creativecommons.org/licenses/by-nc/4.0/,Francois Libert,6234944802,2048,1366,0.1351
Acanthurus dussumieri,019_gbif_6235298592.jpg,https://inaturalist-open-data.s3.amazonaws.com/photos/647087397/original.jpg,http://creativecommons.org/licenses/by-nc-sa/4.0/,Jakob Voerkelius,6235298592,1740,1242,0.0289
Acanthurus dussumieri,021_gbif_6353193812.jpg,https://inaturalist-open-data.s3.amazonaws.com/photos/667684902/original.jpg,http://creativecommons.org/licenses/by-nc/4.0/,Volki,6353193812,1365,2048,0.024
Acanthurus dussumieri,021_gbif_6178312023.jpg,https://inaturalist-open-data.s3.amazonaws.com/photos/621980395/original.jpg,http://creativecommons.org/licenses/by-nc/4.0/,Ryan Shaw,6178312023,2000,1333,0.3066
Acanthurus dussumieri,023_gbif_6178369957.jpg,https://inaturalist-open-data.s3.amazonaws.com/photos/624482173/original.jpg,http://creativecommons.org/licenses/by-nc/4.0/,Michal,6178369957,2048,1366,0.0084
Acanthurus dussumieri,024_gbif_6178681547.jpg,https://inaturalist-open-data.s3.amazonaws.com/photos/621980550/original.jpg,http://creativecommons.org/licenses/by-nc/4.0/,Ryan Shaw,6178681547,2000,1334,0.1567
Acanthurus fowleri,001_gbif_6179292082.jpg,https://inaturalist-open-data.s3.amazonaws.com/photos/624026041/original.jpg,http://creativecommons.org/licenses/by-nc/4.0/,divercraig,6179292082,2048,1536,0.019
Acanthurus fowleri,002_gbif_6253257513.jpg,https://inaturalist-open-data.s3.amazonaws.com/photos/649306851/original.jpg,http://creativecommons.org/licenses/by-nc/4.0/,spiderkit,6253257513,1747,1301,0.0985
Acanthurus fowleri,003_gbif_6398610929.jpg,https://inaturalist-open-data.s3.amazonaws.com/photos/673071544/original.jpg,http://creativecommons.org/licenses/by-nc/4.0/,Julien Ueda,6398610929,1619,2048,0.0626
Acanthurus fowleri,004_gbif_6400480457.jpg,https://inaturalist-open-data.s3.amazonaws.com/photos/668722703/original.jpg,http://creativecommons.org/licenses/by-nc/4.0/,pclark2,6400480457,1668,1110,0.2182
Acanthurus fowleri,005_gbif_6430845969.jpg,https://inaturalist-open-data.s3.amazonaws.com/photos/691332982/original.jpg,http://creativecommons.org/licenses/by/4.0/,Roger Rittmaster,6430845969,2048,1638,0.1124
Acanthurus fowleri,006_gbif_5104428644.jpg,https://inaturalist-open-data.s3.amazonaws.com/photos/477520916/original.jpg,http://creativecommons.org/publicdomain/zero/1.0/,Justin Philbois,5104428644,2048,1536,0.3233
Acanthurus fowleri,007_gbif_5231503272.jpg,https://inaturalist-open-data.s3.amazonaws.com/photos/537480548/original.jpg,http://creativecommons.org/licenses/by-nc/4.0/,mbp349,5231503272,1477,1108,0.1064
Acanthurus fowleri,008_gbif_5844263847.jpg,https://inaturalist-open-data.s3.amazonaws.com/photos/578171682/original.jpg,http://creativecommons.org/licenses/by-nc/4.0/,TGriffin,5844263847,1440,1080,0.038
Acanthurus fowleri,009_gbif_5932370841.jpg,https://inaturalist-open-data.s3.amazonaws.com/photos/599410132/original.jpg,http://creativecommons.org/licenses/by/4.0/,Ben Costamagna,5932370841,2048,1536,0.2379
Acanthurus fowleri,010_gbif_4981968804.jpeg,https://inaturalist-open-data.s3.amazonaws.com/photos/450804999/original.jpeg,http://creativecommons.org/licenses/by-sa/4.0/,Micha Baum,4981968804,1625,1320,0.1775
Acanthurus fowleri,011_gbif_4987462411.jpeg,https://inaturalist-open-data.s3.amazonaws.com/photos/453288789/original.jpeg,http://creativecommons.org/licenses/by-sa/4.0/,Micha Baum,4987462411,2048,1819,0.1504
Acanthurus fowleri,012_gbif_5230414952.jpg,https://inaturalist-open-data.s3.amazonaws.com/photos/536173377/original.jpg,http://creativecommons.org/licenses/by-sa/4.0/,Micha Baum,5230414952,2048,1337,0.1059
Acanthurus fowleri,013_gbif_4414225162.jpg,https://inaturalist-open-data.s3.amazonaws.com/photos/320468750/original.jpg,http://creativecommons.org/licenses/by-nc/4.0/,Bjarne Amstrup,4414225162,1859,1677,0.0108
Acanthurus fowleri,014_gbif_4430982736.jpeg,https://inaturalist-open-data.s3.amazonaws.com/photos/327068099/original.jpeg,http://creativecommons.org/licenses/by-nc/4.0/,imcote,4430982736,2048,1536,0.1065
Acanthurus fowleri,015_gbif_6195760587.jpg,https://inaturalist-open-data.s3.amazonaws.com/photos/634873609/original.jpg,http://creativecommons.org/licenses/by-nc/4.0/,TGriffin,6195760587,1440,1080,0.0367
Acanthurus fowleri,016_gbif_4014915188.jpg,https://inaturalist-open-data.s3.amazonaws.com/photos/251065618/original.jpg,http://creativecommons.org/licenses/by-nc/4.0/,pclark2,4014915188,2048,1365,0.0895
Acanthurus fowleri,017_gbif_4014994218.jpg,https://inaturalist-open-data.s3.amazonaws.com/photos/251033479/original.jpg,http://creativecommons.org/licenses/by-nc/4.0/,pclark2,4014994218,2048,1365,0.052
Acanthurus fowleri,018_gbif_2963811043.jpg,https://inaturalist-open-data.s3.amazonaws.com/photos/102153679/original.jpg,http://creativecommons.org/licenses/by-nc/4.0/,Alexandra Hoschke,2963811043,2048,1365,0.0069
Acanthurus fowleri,019_gbif_2563653136.jpg,https://inaturalist-open-data.s3.amazonaws.com/photos/60544581/original.jpg,http://creativecommons.org/licenses/by-nc/4.0/,Bernat Garrigós,2563653136,2048,1167,0.1461
Acanthurus fowleri,020_gbif_2294568661.jpg,https://inaturalist-open-data.s3.amazonaws.com/photos/45374706/original.jpg,http://creativecommons.org/licenses/by/4.0/,desertnaturalist,2294568661,2048,1467,0.0769
Acanthurus fowleri,021_gbif_2242801668.jpg,https://inaturalist-open-data.s3.amazonaws.com/photos/37752230/original.jpg,http://creativecommons.org/licenses/by-nc/4.0/,Mark Rosenstein,2242801668,1600,1067,0.0139
Acanthurus fowleri,022_gbif_3039438373.jpg,https://inaturalist-open-data.s3.amazonaws.com/photos/111922450/original.jpg,http://creativecommons.org/licenses/by-nc/4.0/,Matthew Bokach,3039438373,1440,1080,0.0292
Acanthurus fowleri,023_gbif_4034841177.jpeg,https://inaturalist-open-data.s3.amazonaws.com/photos/255716251/original.jpeg,http://creativecommons.org/licenses/by-nc/4.0/,Wayne and Pam Osborn,4034841177,2048,1178,0.058
Acanthurus fowleri,024_gbif_4976560879.jpg,https://inaturalist-open-data.s3.amazonaws.com/photos/444262461/original.jpg,http://creativecommons.org/licenses/by-nc/4.0/,ktnt,4976560879,1099,824,0.1172
Acanthurus gahhm,001_gbif_6131261774.jpg,https://inaturalist-open-data.s3.amazonaws.com/photos/608266049/original.jpg,http://creativecommons.org/licenses/by-nc/4.0/,Sylvia Wolf,6131261774,1856,1856,0.0051
Acanthurus gahhm,002_gbif_6133145919.jpg,https://inaturalist-open-data.s3.amazonaws.com/photos/611231518/original.jpg,http://creativecommons.org/licenses/by-nc/4.0/,Brenton Prigge,6133145919,2048,1536,0.0329
Acanthurus gahhm,003_gbif_6147706481.jpg,https://inaturalist-open-data.s3.amazonaws.com/photos/613961103/original.jpg,http://creativecommons.org/licenses/by-nc/4.0/,mimsa,6147706481,1601,947,0.0373
Acanthurus gahhm,004_gbif_6159221625.jpg,https://inaturalist-open-data.s3.amazonaws.com/photos/616010635/original.jpg,http://creativecommons.org/licenses/by/4.0/,Jan Ebr & Ivana Ebrová,6159221625,2048,1410,0.0145
Acanthurus gahhm,005_gbif_6159401226.jpg,https://inaturalist-open-data.s3.amazonaws.com/photos/616016797/original.jpg,http://creativecommons.org/licenses/by/4.0/,Jan Ebr & Ivana Ebrová,6159401226,1848,1629,0.0074
Acanthurus gahhm,006_gbif_6163152019.jpg,https://inaturalist-open-data.s3.amazonaws.com/photos/616975930/original.jpg,http://creativecommons.org/licenses/by-nc/4.0/,emajorova,6163152019,2048,1426,0.0464
Acanthurus gahhm,007_gbif_6159193768.jpg,https://inaturalist-open-data.s3.amazonaws.com/photos/616080658/original.jpg,http://creativecommons.org/licenses/by/4.0/,Jan Ebr & Ivana Ebrová,6159193768,2048,1164,0.0407
Acanthurus gahhm,008_gbif_6159287477.jpg,https://inaturalist-open-data.s3.amazonaws.com/photos/616068699/original.jpg,http://creativecommons.org/licenses/by/4.0/,Jan Ebr & Ivana Ebrová,6159287477,2048,1837,0.0853
Acanthurus gahhm,009_gbif_6159672551.jpg,https://inaturalist-open-data.s3.amazonaws.com/photos/616068627/original.jpg,http://creativecommons.org/licenses/by/4.0/,Jan Ebr & Ivana Ebrová,6159672551,2048,1655,0.0874
Acanthurus gahhm,010_gbif_6162773632.jpg,https://inaturalist-open-data.s3.amazonaws.com/photos/618060083/original.jpg,http://creativecommons.org/licenses/by-nc/4.0/,emajorova,6162773632,2048,1930,0.0543
Acanthurus gahhm,011_gbif_6162791792.jpg,https://inaturalist-open-data.s3.amazonaws.com/photos/616452845/original.jpg,http://creativecommons.org/licenses/by/4.0/,Jan Ebr & Ivana Ebrová,6162791792,2048,1950,0.0068
Acanthurus gahhm,012_gbif_6162807546.jpg,https://inaturalist-open-data.s3.amazonaws.com/photos/616965516/original.jpg,http://creativecommons.org/licenses/by/4.0/,Jan Ebr & Ivana Ebrová,6162807546,1796,1486,0.0641
Acanthurus gahhm,013_gbif_6162879745.jpg,https://inaturalist-open-data.s3.amazonaws.com/photos/617556352/original.jpg,http://creativecommons.org/licenses/by-nc/4.0/,emajorova,6162879745,1027,1057,0.0457
Acanthurus gahhm,014_gbif_6162973459.jpg,https://inaturalist-open-data.s3.amazonaws.com/photos/616965741/original.jpg,http://creativecommons.org/licenses/by/4.0/,Jan Ebr & Ivana Ebrová,6162973459,1968,1179,0.0573
Acanthurus gahhm,015_gbif_6163033972.jpg,https://inaturalist-open-data.s3.amazonaws.com/photos/618131437/original.jpg,http://creativecommons.org/licenses/by-nc/4.0/,emajorova,6163033972,1668,1555,0.0176
Acanthurus gahhm,016_gbif_6163228643.jpg,https://inaturalist-open-data.s3.amazonaws.com/photos/616690799/original.jpg,http://creativecommons.org/licenses/by/4.0/,Jan Ebr & Ivana Ebrová,6163228643,2048,1180,0.0515
Acanthurus gahhm,017_gbif_6163374681.jpg,https://inaturalist-open-data.s3.amazonaws.com/photos/616956823/original.jpg,http://creativecommons.org/licenses/by/4.0/,Jan Ebr & Ivana Ebrová,6163374681,1944,2048,0.0692
Acanthurus gahhm,018_gbif_6170838260.jpg,https://inaturalist-open-data.s3.amazonaws.com/photos/616068515/original.jpg,http://creativecommons.org/licenses/by/4.0/,Jan Ebr & Ivana Ebrová,6170838260,1186,1036,0.0743
Acanthurus gahhm,019_gbif_6170862995.jpg,https://inaturalist-open-data.s3.amazonaws.com/photos/619980223/original.jpg,http://creativecommons.org/licenses/by-nc/4.0/,Jean-Léonard Stör,6170862995,2048,1536,0.1446
Acanthurus gahhm,020_gbif_6170971870.jpg,https://inaturalist-open-data.s3.amazonaws.com/photos/616080895/original.jpg,http://creativecommons.org/licenses/by/4.0/,Jan Ebr & Ivana Ebrová,6170971870,2048,1385,0.0404
Acanthurus gahhm,021_gbif_6170987484.jpg,https://inaturalist-open-data.s3.amazonaws.com/photos/619913831/original.jpg,http://creativecommons.org/licenses/by-nc/4.0/,emajorova,6170987484,1718,1557,0.0217
Acanthurus gahhm,022_gbif_6171080693.jpg,https://inaturalist-open-data.s3.amazonaws.com/photos/619911899/original.jpg,http://creativecommons.org/licenses/by-nc/4.0/,emajorova,6171080693,918,904,0.0754
Acanthurus gahhm,023_gbif_6171286651.jpg,https://inaturalist-open-data.s3.amazonaws.com/photos/619601995/original.jpg,http://creativecommons.org/licenses/by-nc/4.0/,emajorova,6171286651,1567,1626,0.015
Acanthurus gahhm,024_gbif_6171299641.jpg,https://inaturalist-open-data.s3.amazonaws.com/photos/619986316/original.jpg,http://creativecommons.org/licenses/by-nc/4.0/,Jean-Léonard Stör,6171299641,2048,1536,0.1128
Acanthurus grammoptilus,001_gbif_6470551977.jpg,https://inaturalist-open-data.s3.amazonaws.com/photos/704520146/original.jpg,http://creativecommons.org/licenses/by-nc/4.0/,Catherine Holland,6470551977,2048,1984,0.0048
Acanthurus grammoptilus,002_gbif_5140366826.jpeg,https://inaturalist-open-data.s3.amazonaws.com/photos/492075783/original.jpeg,http://creativecommons.org/licenses/by-nc/4.0/,Richard Lim,5140366826,2048,1542,0.224
Acanthurus grammoptilus,003_gbif_5198909048.jpg,https://inaturalist-open-data.s3.amazonaws.com/photos/520201652/original.jpg,http://creativecommons.org/licenses/by-nc/4.0/,Sarah,5198909048,1079,1064,0.0298
Acanthurus grammoptilus,004_gbif_5908735632.jpg,https://inaturalist-open-data.s3.amazonaws.com/photos/596885431/original.jpg,http://creativecommons.org/licenses/by-nc/4.0/,cescgv,5908735632,2048,1536,0.0154
Acanthurus grammoptilus,004_gbif_5936241538.jpg,https://inaturalist-open-data.s3.amazonaws.com/photos/600268962/original.jpg,http://creativecommons.org/licenses/by-nc/4.0/,cescgv,5936241538,2048,1536,0.0381
Acanthurus grammoptilus,005_gbif_4852433579.jpg,https://inaturalist-open-data.s3.amazonaws.com/photos/357428839/original.jpg,http://creativecommons.org/licenses/by-nc/4.0/,shanediver,4852433579,2048,1474,0.1009
Acanthurus grammoptilus,006_gbif_5167583636.jpg,https://inaturalist-open-data.s3.amazonaws.com/photos/504704829/original.jpg,http://creativecommons.org/licenses/by-nc/4.0/,Ray Turnbull,5167583636,2048,1365,0.0328
Acanthurus grammoptilus,007_gbif_4018549281.jpg,https://inaturalist-open-data.s3.amazonaws.com/photos/252079667/original.jpg,http://creativecommons.org/licenses/by-nc/4.0/,Johan Bas,4018549281,1200,900,0.0899
Acanthurus grammoptilus,008_gbif_4112075428.jpg,https://inaturalist-open-data.s3.amazonaws.com/photos/263141111/original.jpg,http://creativecommons.org/licenses/by-nc/4.0/,Tobbias M,4112075428,1080,810,0.0941
Acanthurus grammoptilus,009_gbif_4127449637.jpeg,https://inaturalist-open-data.s3.amazonaws.com/photos/284838017/original.jpeg,http://creativecommons.org/licenses/by-nc/4.0/,Enot Poluskuns,4127449637,2048,1536,0.0655
Acanthurus grammoptilus,010_gbif_4923655465.jpg,https://inaturalist-open-data.s3.amazonaws.com/photos/418401120/original.jpg,http://creativecommons.org/licenses/by-nc/4.0/,Nick Volpe,4923655465,2048,1153,0.0099
Acanthurus grammoptilus,011_gbif_5932351066.jpg,https://inaturalist-open-data.s3.amazonaws.com/photos/597648662/original.jpg,http://creativecommons.org/licenses/by-nc/4.0/,Martin Holladay,5932351066,2048,1365,0.1843
Acanthurus grammoptilus,013_gbif_6178297983.jpeg,https://inaturalist-open-data.s3.amazonaws.com/photos/273250069/original.jpeg,http://creativecommons.org/licenses/by-nc/4.0/,brutledge,6178297983,2048,1463,0.0789
Acanthurus grammoptilus,014_gbif_4015241853.jpeg,https://inaturalist-open-data.s3.amazonaws.com/photos/250562331/original.jpeg,http://creativecommons.org/licenses/by-nc/4.0/,henrycarrick,4015241853,2048,1536,0.0112
Acanthurus grammoptilus,012_gbif_3338154943.jpg,https://inaturalist-open-data.s3.amazonaws.com/photos/151372363/original.jpg,http://creativecommons.org/licenses/by-nc/4.0/,shanediver,3338154943,2048,1236,0.0419
Acanthurus grammoptilus,016_gbif_3784754398.jpg,https://inaturalist-open-data.s3.amazonaws.com/photos/175591085/original.jpg,http://creativecommons.org/licenses/by-nc/4.0/,Nathan Cook,3784754398,1600,991,0.0369
Acanthurus grammoptilus,017_gbif_6179383412.jpg,https://inaturalist-open-data.s3.amazonaws.com/photos/259747129/original.jpg,http://creativecommons.org/licenses/by-nc/4.0/,Johan Bas,6179383412,800,1200,0.0828
Acanthurus grammoptilus,018_gbif_4917161922.jpg,https://caos.boldsystems.org/api/objects/caos-cloud.linode-us-east.16_107.e8984045-4bfa-45e0-9092-d13ea2ce00d7.jpg?subunit=1024.jpg,http://creativecommons.org/licenses/by-nc-sa/4.0/,unknown,4917161922,1024,1024,0.0093
Acanthurus grammoptilus,015_gbif_2236868472.jpg,https://inaturalist-open-data.s3.amazonaws.com/photos/34783736/original.jpg,http://creativecommons.org/licenses/by-nc/4.0/,Ray Turnbull,2236868472,1317,878,0.0468
Acanthurus grammoptilus,017_gbif_3455860704.jpeg,https://inaturalist-open-data.s3.amazonaws.com/photos/174799800/original.jpeg,http://creativecommons.org/licenses/by-nc/4.0/,Alexandra Hoschke,3455860704,2048,1365,0.0087
Acanthurus grammoptilus,020_gbif_6178698390.jpg,https://inaturalist-open-data.s3.amazonaws.com/photos/624482579/original.jpg,http://creativecommons.org/licenses/by-nc/4.0/,Sue Churchill,6178698390,2048,1365,0.033
Acanthurus grammoptilus,021_gbif_2573825902.jpg,https://inaturalist-open-data.s3.amazonaws.com/photos/41877047/original.jpg,http://creativecommons.org/licenses/by-nc/4.0/,chrisross,2573825902,1200,933,0.1723
Acanthurus grammoptilus,023_gbif_1668886799.jpg,https://inaturalist-open-data.s3.amazonaws.com/photos/10892348/original.jpg,http://creativecommons.org/licenses/by-nc/4.0/,Jaroslav Panfylov,1668886799,1600,1008,0.0879
Acanthurus grammoptilus,024_gbif_6195340795.jpg,https://inaturalist-open-data.s3.amazonaws.com/photos/636279205/original.jpg,http://creativecommons.org/licenses/by-nc/4.0/,Jon Pleizier,6195340795,1553,1095,0.0074
Acanthurus guttatus,001_gbif_6129944716.jpg,https://inaturalist-open-data.s3.amazonaws.com/photos/610445499/original.jpg,http://creativecommons.org/licenses/by-nc/4.0/,markymark5,6129944716,2048,1365,0.0058
Acanthurus guttatus,001_gbif_6130050625.jpg,https://inaturalist-open-data.s3.amazonaws.com/photos/609724580/original.jpg,http://creativecommons.org/licenses/by-nc/4.0/,Andrew Plant,6130050625,2048,1536,0.0323
Acanthurus guttatus,002_gbif_6130922363.jpg,https://inaturalist-open-data.s3.amazonaws.com/photos/609730100/original.jpg,http://creativecommons.org/licenses/by-nc/4.0/,Andrew Plant,6130922363,1570,1202,0.052
Acanthurus guttatus,003_gbif_6147509973.jpg,https://inaturalist-open-data.s3.amazonaws.com/photos/613679646/original.jpg,http://creativecommons.org/licenses/by-nc/4.0/,Joe Paquin,6147509973,1368,2048,0.2609
Acanthurus guttatus,004_gbif_6147359847.jpg,https://inaturalist-open-data.s3.amazonaws.com/photos/613536934/original.jpg,http://creativecommons.org/licenses/by-nc/4.0/,Archer Elizabeth Streelman,6147359847,2048,1536,0.0284
Acanthurus guttatus,005_gbif_6170923356.jpg,https://inaturalist-open-data.s3.amazonaws.com/photos/619781782/original.jpg,http://creativecommons.org/licenses/by-nc/4.0/,Curtis Hart,6170923356,1529,1147,0.0648
Acanthurus guttatus,006_gbif_6178331412.jpg,https://inaturalist-open-data.s3.amazonaws.com/photos/620780914/original.jpg,http://creativecommons.org/licenses/by-nc/4.0/,kenny_well,6178331412,2048,1344,0.1127
Acanthurus guttatus,008_gbif_6171184958.jpg,https://inaturalist-open-data.s3.amazonaws.com/photos/620607886/original.jpg,http://creativecommons.org/licenses/by-nc/4.0/,Michael Montgomery,6171184958,2048,1536,0.1022
Acanthurus guttatus,009_gbif_6178459932.jpg,https://inaturalist-open-data.s3.amazonaws.com/photos/624916738/original.jpg,http://creativecommons.org/licenses/by-nc/4.0/,mikejdo,6178459932,1920,1080,0.0063
Acanthurus guttatus,010_gbif_6178575006.jpg,https://inaturalist-open-data.s3.amazonaws.com/photos/623822565/original.jpg,http://creativecommons.org/licenses/by-nc/4.0/,Blaine T. Spellman,6178575006,2048,1536,0.0191
Acanthurus guttatus,011_gbif_6184787237.jpg,https://inaturalist-open-data.s3.amazonaws.com/photos/630185372/original.jpg,http://creativecommons.org/licenses/by-nc/4.0/,calvin,6184787237,2048,1086,0.01
Acanthurus guttatus,012_gbif_6234261970.jpg,https://inaturalist-open-data.s3.amazonaws.com/photos/640589315/original.jpg,http://creativecommons.org/licenses/by-nc/4.0/,catta,6234261970,2048,1536,0.1166
Acanthurus guttatus,013_gbif_6234315894.jpg,https://inaturalist-open-data.s3.amazonaws.com/photos/640418534/original.jpg,http://creativecommons.org/licenses/by-nc/4.0/,catta,6234315894,2048,1536,0.0224
Acanthurus guttatus,007_gbif_6252142745.jpg,https://inaturalist-open-data.s3.amazonaws.com/photos/652061976/original.jpg,http://creativecommons.org/licenses/by-nc/4.0/,Michael Montgomery,6252142745,828,1792,0.0307
Acanthurus guttatus,015_gbif_6187923781.jpg,https://inaturalist-open-data.s3.amazonaws.com/photos/633029027/original.jpg,http://creativecommons.org/licenses/by-nc/4.0/,manseekingorganisms,6187923781,2048,1536,0.0053
Acanthurus guttatus,016_gbif_6188116776.jpg,https://inaturalist-open-data.s3.amazonaws.com/photos/633028604/original.jpg,http://creativecommons.org/licenses/by-nc/4.0/,manseekingorganisms,6188116776,2048,1536,0.0047
Acanthurus guttatus,009_gbif_6195457661.jpg,https://inaturalist-open-data.s3.amazonaws.com/photos/637393384/original.jpg,http://creativecommons.org/licenses/by-nc/4.0/,Brian Spence,6195457661,2048,1534,0.0354
Acanthurus guttatus,018_gbif_6195676550.jpg,https://inaturalist-open-data.s3.amazonaws.com/photos/634596686/original.jpg,http://creativecommons.org/licenses/by-nc/4.0/,Curtis Hart,6195676550,1408,1056,0.0101
Acanthurus guttatus,012_gbif_6195895121.jpg,https://inaturalist-open-data.s3.amazonaws.com/photos/636032203/original.jpg,http://creativecommons.org/licenses/by-nc/4.0/,Brian Spence,6195895121,2048,1539,0.022
Acanthurus guttatus,015_gbif_6234664341.jpg,https://inaturalist-open-data.s3.amazonaws.com/photos/640820521/original.jpg,http://creativecommons.org/licenses/by-nc/4.0/,cjmatheson,6234664341,2048,1365,0.0342
Acanthurus guttatus,021_gbif_6236352676.jpg,https://inaturalist-open-data.s3.amazonaws.com/photos/642821444/original.jpg,http://creativecommons.org/licenses/by/4.0/,Damien Wallace,6236352676,1425,1069,0.0705
Acanthurus guttatus,019_gbif_6252219320.jpg,https://inaturalist-open-data.s3.amazonaws.com/photos/649118927/original.jpg,http://creativecommons.org/licenses/by/4.0/,Antoine MARNAT,6252219320,2048,1536,0.037
Acanthurus guttatus,022_gbif_6273167717.jpg,https://inaturalist-open-data.s3.amazonaws.com/photos/656189323/original.jpg,http://creativecommons.org/licenses/by-nc-sa/4.0/,Jakob Voerkelius,6273167717,1218,1270,0.0299
Acanthurus guttatus,024_gbif_6273307724.jpg,https://inaturalist-open-data.s3.amazonaws.com/photos/656194469/original.jpg,http://creativecommons.org/licenses/by-nc-sa/4.0/,Jakob Voerkelius,6273307724,1269,1247,0.0117
Acanthurus japonicus,001_gbif_6129898100.jpg,https://inaturalist-open-data.s3.amazonaws.com/photos/610270430/original.jpg,http://creativecommons.org/licenses/by-nc/4.0/,Timothy E Myer,6129898100,1535,1024,0.1238
Acanthurus japonicus,002_gbif_6130070685.jpg,https://inaturalist-open-data.s3.amazonaws.com/photos/610270445/original.jpg,http://creativecommons.org/licenses/by-nc/4.0/,Timothy E Myer,6130070685,1828,1219,0.1247
Acanthurus japonicus,003_gbif_6133373596.jpg,https://inaturalist-open-data.s3.amazonaws.com/photos/612626245/original.jpg,http://creativecommons.org/licenses/by/4.0/,PampaSorro,6133373596,912,892,0.2047
Acanthurus japonicus,004_gbif_6133508587.jpg,https://inaturalist-open-data.s3.amazonaws.com/photos/612626912/original.jpg,http://creativecommons.org/licenses/by/4.0/,PampaSorro,6133508587,1390,1142,0.0187
Acanthurus japonicus,005_gbif_6147430805.jpg,https://inaturalist-open-data.s3.amazonaws.com/photos/614428190/original.jpg,http://creativecommons.org/licenses/by-nc/4.0/,Andy,6147430805,1548,1162,0.2117
Acanthurus japonicus,006_gbif_6163375080.jpg,https://inaturalist-open-data.s3.amazonaws.com/photos/618083418/original.jpg,http://creativecommons.org/licenses/by-nc/4.0/,Ingo Rogalla,6163375080,2048,1365,0.0455
Acanthurus japonicus,007_gbif_6178416721.jpg,https://inaturalist-open-data.s3.amazonaws.com/photos/621321489/original.jpg,http://creativecommons.org/licenses/by-nc/4.0/,ariannalim,6178416721,2048,1536,0.031
Acanthurus japonicus,008_gbif_6178875615.jpg,https://inaturalist-open-data.s3.amazonaws.com/photos/623469376/original.jpg,http://creativecommons.org/licenses/by-nc/4.0/,barthazes,6178875615,1682,1328,0.0084
Acanthurus japonicus,009_gbif_6185671115.jpg,https://inaturalist-open-data.s3.amazonaws.com/photos/626869919/original.jpg,http://creativecommons.org/licenses/by-nc/4.0/,Kent Ross,6185671115,2048,1078,0.1053
Acanthurus japonicus,010_gbif_6196000464.jpg,https://inaturalist-open-data.s3.amazonaws.com/photos/635075852/original.jpg,http://creativecommons.org/licenses/by/4.0/,Min-Hsuan NI,6196000464,2048,1536,0.0939
Acanthurus japonicus,011_gbif_6234551740.jpg,https://inaturalist-open-data.s3.amazonaws.com/photos/643711195/original.jpg,http://creativecommons.org/licenses/by-nc/4.0/,Gomen See,6234551740,2048,1365,0.0173
Acanthurus japonicus,012_gbif_6252367986.jpg,https://inaturalist-open-data.s3.amazonaws.com/photos/651220197/original.jpg,http://creativecommons.org/licenses/by-nc/4.0/,naomi-lubkin,6252367986,2048,1536,0.022
Acanthurus japonicus,013_gbif_6252368160.jpg,https://inaturalist-open-data.s3.amazonaws.com/photos/650442512/original.jpg,http://creativecommons.org/licenses/by/4.0/,Ben Costamagna,6252368160,1757,1317,0.0434
Acanthurus japonicus,014_gbif_6252535900.jpg,https://inaturalist-open-data.s3.amazonaws.com/photos/650442343/original.jpg,http://creativecommons.org/licenses/by/4.0/,Ben Costamagna,6252535900,1536,2048,0.0552
Acanthurus japonicus,015_gbif_6413330552.jpg,https://inaturalist-open-data.s3.amazonaws.com/photos/680955487/original.jpg,http://creativecommons.org/licenses/by-nc/4.0/,Yuchen,6413330552,1287,1287,0.0667
Acanthurus japonicus,016_gbif_6431737362.jpg,https://inaturalist-open-data.s3.amazonaws.com/photos/691115052/original.jpg,http://creativecommons.org/licenses/by-nc/4.0/,Harrison Capewell,6431737362,2048,1536,0.0719
Acanthurus japonicus,017_gbif_6441730313.jpg,https://inaturalist-open-data.s3.amazonaws.com/photos/694713930/original.jpg,http://creativecommons.org/licenses/by-nc/4.0/,BDBishop,6441730313,2048,1536,0.1176
Acanthurus japonicus,018_gbif_6452298659.jpg,https://inaturalist-open-data.s3.amazonaws.com/photos/698210857/original.jpg,http://creativecommons.org/licenses/by-nc/4.0/,BDBishop,6452298659,2048,1536,0.1058
Acanthurus japonicus,019_gbif_6451608979.jpg,https://inaturalist-open-data.s3.amazonaws.com/photos/699487669/original.jpg,http://creativecommons.org/licenses/by-nc/4.0/,olliecaunce,6451608979,1583,1187,0.0362
Acanthurus japonicus,020_gbif_6470554784.jpg,https://inaturalist-open-data.s3.amazonaws.com/photos/705020958/original.jpg,http://creativecommons.org/licenses/by-nc/4.0/,Jon Aull,6470554784,1399,1049,0.1259
Acanthurus japonicus,021_gbif_6470663596.jpg,https://inaturalist-open-data.s3.amazonaws.com/photos/705020960/original.jpg,http://creativecommons.org/licenses/by-nc/4.0/,Jon Aull,6470663596,2032,1524,0.1021
Acanthurus japonicus,022_gbif_5063079314.jpg,https://inaturalist-open-data.s3.amazonaws.com/photos/464298497/original.jpg,http://creativecommons.org/licenses/by-nc/4.0/,Pierre Pericard,5063079314,2048,1536,0.0127
Acanthurus japonicus,023_gbif_5077095759.jpg,https://inaturalist-open-data.s3.amazonaws.com/photos/472233931/original.jpg,http://creativecommons.org/publicdomain/zero/1.0/,Justin Philbois,5077095759,2048,1536,0.2905
Acanthurus japonicus,024_gbif_5134472722.jpg,https://inaturalist-open-data.s3.amazonaws.com/photos/483745687/original.jpg,http://creativecommons.org/licenses/by-nc/4.0/,Sebastián Pardo,5134472722,2048,1536,0.0609
Acanthurus leucocheilus,001_gbif_6147651651.jpg,https://inaturalist-open-data.s3.amazonaws.com/photos/613178364/original.jpg,http://creativecommons.org/licenses/by-nc/4.0/,Alexander Kattan,6147651651,2048,1536,0.062
Acanthurus leucocheilus,002_gbif_6178504480.jpg,https://inaturalist-open-data.s3.amazonaws.com/photos/622376969/original.jpg,http://creativecommons.org/licenses/by-nc/4.0/,Jens Sommer-Knudsen,6178504480,2048,1365,0.1183
Acanthurus leucocheilus,003_gbif_6171019598.jpg,https://inaturalist-open-data.s3.amazonaws.com/photos/620520088/original.jpg,http://creativecommons.org/licenses/by-nc/4.0/,sp1_der,6171019598,2048,991,0.222
Acanthurus leucocheilus,004_gbif_6185999468.jpg,https://inaturalist-open-data.s3.amazonaws.com/photos/628444493/original.jpg,http://creativecommons.org/licenses/by-nc/4.0/,Elina Le Verche,6185999468,2048,1536,0.1906
Acanthurus leucocheilus,005_gbif_6187916846.jpg,https://inaturalist-open-data.s3.amazonaws.com/photos/631298538/original.jpg,http://creativecommons.org/licenses/by-nc/4.0/,cr1970,6187916846,2048,1536,0.0702
Acanthurus leucocheilus,006_gbif_6195634763.jpg,https://inaturalist-open-data.s3.amazonaws.com/photos/635928187/original.jpg,http://creativecommons.org/licenses/by-nc/4.0/,Hubert Lagrange,6195634763,2048,1365,0.0716
Acanthurus leucocheilus,007_gbif_6234294195.jpg,https://inaturalist-open-data.s3.amazonaws.com/photos/639664469/original.jpg,http://creativecommons.org/licenses/by-nc/4.0/,Febrianne S,6234294195,2048,1536,0.0874
Acanthurus leucocheilus,008_gbif_6234627365.jpg,https://inaturalist-open-data.s3.amazonaws.com/photos/639664571/original.jpg,http://creativecommons.org/licenses/by-nc/4.0/,Febrianne S,6234627365,2048,1536,0.0999
Acanthurus leucocheilus,009_gbif_6251644244.jpg,https://inaturalist-open-data.s3.amazonaws.com/photos/653483299/original.jpg,http://creativecommons.org/licenses/by-nc/4.0/,Mark Rosenstein,6251644244,1198,800,0.0552
Acanthurus leucocheilus,010_gbif_6273390914.jpg,https://inaturalist-open-data.s3.amazonaws.com/photos/653868509/original.jpg,http://creativecommons.org/licenses/by-nc/4.0/,Mark Rosenstein,6273390914,1199,800,0.0482
Acanthurus leucocheilus,011_gbif_6353301858.jpg,https://inaturalist-open-data.s3.amazonaws.com/photos/655285066/original.jpg,http://creativecommons.org/licenses/by-nc/4.0/,Mark Rosenstein,6353301858,1199,800,0.0276
Acanthurus leucocheilus,012_gbif_6452611799.jpg,https://inaturalist-open-data.s3.amazonaws.com/photos/699240732/original.jpg,http://creativecommons.org/licenses/by-nc/4.0/,Guy Pinneo,6452611799,2048,1536,0.2473
Acanthurus leucocheilus,013_gbif_5063944436.jpeg,https://inaturalist-open-data.s3.amazonaws.com/photos/468571133/original.jpeg,http://creativecommons.org/licenses/by-nc/4.0/,Sukinesh,5063944436,2048,1470,0.0607
Acanthurus leucocheilus,014_gbif_5077120715.jpeg,https://inaturalist-open-data.s3.amazonaws.com/photos/472255648/original.jpeg,http://creativecommons.org/licenses/by-nc/4.0/,Nick Helme,5077120715,2048,1536,0.0064
Acanthurus leucocheilus,015_gbif_5087589517.jpg,https://inaturalist-open-data.s3.amazonaws.com/photos/474859531/original.jpg,http://creativecommons.org/licenses/by-nc/4.0/,swildem,5087589517,2048,1536,0.0606
Acanthurus leucocheilus,016_gbif_5087705527.jpg,https://inaturalist-open-data.s3.amazonaws.com/photos/474863088/original.jpg,http://creativecommons.org/licenses/by-nc/4.0/,swildem,5087705527,2048,1536,0.0663
Acanthurus leucocheilus,017_gbif_5291847119.jpg,https://inaturalist-open-data.s3.amazonaws.com/photos/550967104/original.jpg,http://creativecommons.org/licenses/by-nc/4.0/,TGriffin,5291847119,1440,1080,0.0325
Acanthurus leucocheilus,018_gbif_5133633644.jpg,https://inaturalist-open-data.s3.amazonaws.com/photos/486321944/original.jpg,http://creativecommons.org/licenses/by-nc/4.0/,Joshua L. Chambers,5133633644,2048,1536,0.1498
Acanthurus leucocheilus,019_gbif_5153885440.jpg,https://inaturalist-open-data.s3.amazonaws.com/photos/502603768/original.jpg,http://creativecommons.org/licenses/by-nc/4.0/,Joshua L. Chambers,5153885440,2048,1536,0.15
Acanthurus leucocheilus,020_gbif_6195266679.jpg,https://inaturalist-open-data.s3.amazonaws.com/photos/500390831/original.jpg,http://creativecommons.org/licenses/by-nc/4.0/,mbp349,6195266679,2048,1536,0.0634
Acanthurus leucocheilus,021_gbif_5168502153.jpg,https://inaturalist-open-data.s3.amazonaws.com/photos/511178861/original.jpg,http://creativecommons.org/licenses/by/4.0/,Austen Novis,5168502153,2048,1536,0.1097
Acanthurus leucocheilus,022_gbif_5198368697.jpg,https://inaturalist-open-data.s3.amazonaws.com/photos/519055649/original.jpg,http://creativecommons.org/licenses/by-nc/4.0/,Mark Rosenstein,5198368697,1200,800,0.0095
Acanthurus leucocheilus,023_gbif_5198615723.jpg,https://inaturalist-open-data.s3.amazonaws.com/photos/519035375/original.jpg,http://creativecommons.org/licenses/by-nc/4.0/,Mark Rosenstein,5198615723,1200,800,0.0143
Acanthurus leucocheilus,024_gbif_5231633271.jpg,https://inaturalist-open-data.s3.amazonaws.com/photos/537335951/original.jpg,http://creativecommons.org/licenses/by-nc/4.0/,Fahim Ismail,5231633271,2048,1536,0.1094
Acanthurus leucosternon,001_gbif_5938595597.jpg,https://inaturalist-open-data.s3.amazonaws.com/photos/604811089/original.jpg,http://creativecommons.org/licenses/by-nc/4.0/,sputts,5938595597,2048,1463,0.1513
Acanthurus leucosternon,002_gbif_6130217554.jpg,https://inaturalist-open-data.s3.amazonaws.com/photos/607419219/original.jpg,http://creativecommons.org/licenses/by-nc/4.0/,jemweberq,6130217554,2048,1155,0.0933
Acanthurus leucosternon,003_gbif_6130831643.jpg,https://inaturalist-open-data.s3.amazonaws.com/photos/610769056/original.jpg,http://creativecommons.org/licenses/by-nc/4.0/,denismatthey,6130831643,1095,934,0.155
Acanthurus leucosternon,004_gbif_6131590712.jpg,https://inaturalist-open-data.s3.amazonaws.com/photos/607398751/original.jpg,http://creativecommons.org/licenses/by-nc/4.0/,Marine Lab of Banyan Tree Vibbanfaru and Dhawa Ihuru,6131590712,2048,1536,0.0386
Acanthurus leucosternon,005_gbif_6131690325.jpg,https://inaturalist-open-data.s3.amazonaws.com/photos/607412079/original.jpg,http://creativecommons.org/licenses/by-nc/4.0/,jemweberq,6131690325,2048,1536,0.0208
Acanthurus leucosternon,006_gbif_6133267927.jpg,https://inaturalist-open-data.s3.amazonaws.com/photos/611228256/original.jpg,http://creativecommons.org/licenses/by-nc/4.0/,jimburger,6133267927,948,829,0.2212
Acanthurus leucosternon,007_gbif_6133578012.jpg,https://inaturalist-open-data.s3.amazonaws.com/photos/611201964/original.jpg,http://creativecommons.org/licenses/by-nc/4.0/,jimburger,6133578012,1432,1253,0.155
Acanthurus leucosternon,008_gbif_6163067104.jpg,https://inaturalist-open-data.s3.amazonaws.com/photos/618205133/original.jpg,http://creativecommons.org/licenses/by-nc/4.0/,behaviourchangecornwall,6163067104,2048,1152,0.0561
Acanthurus leucosternon,009_gbif_6178485598.jpg,https://inaturalist-open-data.s3.amazonaws.com/photos/622376957/original.jpg,http://creativecommons.org/licenses/by-nc/4.0/,Jens Sommer-Knudsen,6178485598,2048,1365,0.1686
Acanthurus leucosternon,010_gbif_6178491274.jpg,https://inaturalist-open-data.s3.amazonaws.com/photos/622110806/original.jpg,http://creativecommons.org/licenses/by/4.0/,Ben Costamagna,6178491274,2048,1536,0.1376
Acanthurus leucosternon,011_gbif_6235326829.jpg,https://inaturalist-open-data.s3.amazonaws.com/photos/641609840/original.jpg,http://creativecommons.org/licenses/by-nc/4.0/,dave5hoar,6235326829,2048,1540,0.1715
Acanthurus leucosternon,012_gbif_6163053306.jpg,https://inaturalist-open-data.s3.amazonaws.com/photos/617094813/original.jpg,http://creativecommons.org/licenses/by-nc/4.0/,sueba,6163053306,2044,1433,0.1539
Acanthurus leucosternon,012_gbif_6163123339.jpg,https://inaturalist-open-data.s3.amazonaws.com/photos/616681149/original.jpg,http://creativecommons.org/licenses/by/4.0/,Egor Dyukarev,6163123339,872,833,0.0263
Acanthurus leucosternon,013_gbif_6170832137.jpg,https://inaturalist-open-data.s3.amazonaws.com/photos/619552042/original.jpg,http://creativecommons.org/licenses/by-nc/4.0/,Cameron Chevalier,6170832137,945,2048,0.0051
Acanthurus leucosternon,014_gbif_6170840750.jpg,https://inaturalist-open-data.s3.amazonaws.com/photos/619804563/original.jpg,http://creativecommons.org/licenses/by-nc/4.0/,travelkitnl,6170840750,1059,821,0.0121
Acanthurus leucosternon,016_gbif_6170849534.jpg,https://inaturalist-open-data.s3.amazonaws.com/photos/619538577/original.jpg,http://creativecommons.org/licenses/by-nc/4.0/,travelkitnl,6170849534,945,2048,0.0089
Acanthurus leucosternon,017_gbif_6171220086.jpg,https://inaturalist-open-data.s3.amazonaws.com/photos/620123028/original.jpg,http://creativecommons.org/licenses/by-nc/4.0/,barnacool,6171220086,1076,1076,0.1877
Acanthurus leucosternon,015_gbif_6171414455.jpg,https://inaturalist-open-data.s3.amazonaws.com/photos/619551014/original.jpg,http://creativecommons.org/licenses/by-nc/4.0/,Cameron Chevalier,6171414455,1035,1380,0.0221
Acanthurus leucosternon,019_gbif_6178556615.jpg,https://inaturalist-open-data.s3.amazonaws.com/photos/621441472/original.jpg,http://creativecommons.org/licenses/by-nc/4.0/,zhiscock22,6178556615,946,2048,0.0528
Acanthurus leucosternon,016_gbif_6178933811.jpg,https://inaturalist-open-data.s3.amazonaws.com/photos/624576356/original.jpg,http://creativecommons.org/licenses/by-nc/4.0/,Bryan J,6178933811,2048,1501,0.0387
Acanthurus leucosternon,017_gbif_6179107444.jpg,https://inaturalist-open-data.s3.amazonaws.com/photos/623298048/original.jpg,http://creativecommons.org/licenses/by/4.0/,Zac Peterson,6179107444,2048,1542,0.0085
Acanthurus leucosternon,018_gbif_6179364417.jpg,https://inaturalist-open-data.s3.amazonaws.com/photos/625007151/original.jpg,http://creativecommons.org/licenses/by-nc/4.0/,Bryan J,6179364417,2048,1645,0.0376
Acanthurus leucosternon,023_gbif_6184768794.jpg,https://inaturalist-open-data.s3.amazonaws.com/photos/629281877/original.jpg,http://creativecommons.org/licenses/by-nc/4.0/,Joni,6184768794,2048,1366,0.2539
Acanthurus leucosternon,023_gbif_6185419379.jpg,https://inaturalist-open-data.s3.amazonaws.com/photos/629282629/original.jpg,http://creativecommons.org/licenses/by-nc/4.0/,Joni,6185419379,2048,1366,0.2629
Acanthurus lineatus,001_gbif_6130075321.jpg,https://inaturalist-open-data.s3.amazonaws.com/photos/609638479/original.jpg,http://creativecommons.org/licenses/by-nc/4.0/,hyper_johnnie,6130075321,1140,1170,0.0183
Acanthurus lineatus,002_gbif_6130420236.jpg,https://inaturalist-open-data.s3.amazonaws.com/photos/605847197/original.jpg,http://creativecommons.org/licenses/by-nc/4.0/,biggrins,6130420236,2048,1608,0.1694
Acanthurus lineatus,003_gbif_6130695119.jpg,https://inaturalist-open-data.s3.amazonaws.com/photos/607410565/original.jpg,http://creativecommons.org/licenses/by-nc/4.0/,jemweberq,6130695119,2048,1536,0.0323
Acanthurus lineatus,004_gbif_6130863238.jpg,https://inaturalist-open-data.s3.amazonaws.com/photos/610770154/original.jpg,http://creativecommons.org/licenses/by-nc/4.0/,denismatthey,6130863238,1340,1080,0.1348
Acanthurus lineatus,005_gbif_6131113682.jpg,https://inaturalist-open-data.s3.amazonaws.com/photos/607409477/original.jpg,http://creativecommons.org/licenses/by-nc/4.0/,jemweberq,6131113682,2048,1536,0.0537
Acanthurus lineatus,006_gbif_6131205440.jpg,https://inaturalist-open-data.s3.amazonaws.com/photos/606600601/original.jpg,http://creativecommons.org/licenses/by/4.0/,Aleksandr Gromov,6131205440,1422,1538,0.08
Acanthurus lineatus,007_gbif_6131334851.jpg,https://inaturalist-open-data.s3.amazonaws.com/photos/607410078/original.jpg,http://creativecommons.org/licenses/by-nc/4.0/,jemweberq,6131334851,2048,1536,0.0393
Acanthurus lineatus,008_gbif_6133248991.jpg,https://inaturalist-open-data.s3.amazonaws.com/photos/612053966/original.jpg,http://creativecommons.org/licenses/by-nc/4.0/,andrewtown,6133248991,946,2048,0.0274
Acanthurus lineatus,008_gbif_6133293068.jpg,https://inaturalist-open-data.s3.amazonaws.com/photos/611223705/original.jpg,http://creativecommons.org/licenses/by-nc/4.0/,jimburger,6133293068,948,829,0.1359
Acanthurus lineatus,009_gbif_6133335374.jpg,https://inaturalist-open-data.s3.amazonaws.com/photos/611226370/original.jpg,http://creativecommons.org/licenses/by-nc/4.0/,Tahn Miller,6133335374,2048,1536,0.0901
Acanthurus lineatus,010_gbif_6133426509.jpg,https://inaturalist-open-data.s3.amazonaws.com/photos/611219668/original.jpg,http://creativecommons.org/licenses/by-nc/4.0/,fraser_willmott,6133426509,865,1672,0.2095
Acanthurus lineatus,011_gbif_6147179666.jpg,https://inaturalist-open-data.s3.amazonaws.com/photos/613828848/original.jpg,http://creativecommons.org/licenses/by-nc/4.0/,Paul Norwood,6147179666,2048,1536,0.0108
Acanthurus lineatus,012_gbif_6147310683.jpg,https://inaturalist-open-data.s3.amazonaws.com/photos/613828994/original.jpg,http://creativecommons.org/licenses/by-nc/4.0/,Paul Norwood,6147310683,2048,1536,0.0114
Acanthurus lineatus,013_gbif_6147583778.jpg,https://inaturalist-open-data.s3.amazonaws.com/photos/613828897/original.jpg,http://creativecommons.org/licenses/by-nc/4.0/,Paul Norwood,6147583778,2048,1536,0.011
Acanthurus lineatus,014_gbif_6159198411.jpg,https://inaturalist-open-data.s3.amazonaws.com/photos/615990270/original.jpg,http://creativecommons.org/licenses/by/4.0/,Egor Dyukarev,6159198411,857,977,0.1555
Acanthurus lineatus,016_gbif_6159214171.jpg,https://inaturalist-open-data.s3.amazonaws.com/photos/615990367/original.jpg,http://creativecommons.org/licenses/by/4.0/,Egor Dyukarev,6159214171,1371,996,0.0695
Acanthurus lineatus,015_gbif_6159277937.jpg,https://inaturalist-open-data.s3.amazonaws.com/photos/615990211/original.jpg,http://creativecommons.org/licenses/by/4.0/,Egor Dyukarev,6159277937,1260,847,0.1049
Acanthurus lineatus,016_gbif_6162876362.jpg,https://inaturalist-open-data.s3.amazonaws.com/photos/616873807/original.jpg,http://creativecommons.org/licenses/by-nc/4.0/,A. van Zyl,6162876362,2048,1536,0.1174
Acanthurus lineatus,017_gbif_6171033549.jpg,https://inaturalist-open-data.s3.amazonaws.com/photos/620595007/original.jpg,http://creativecommons.org/licenses/by-nc/4.0/,Joey Chung,6171033549,875,1312,0.2009
Acanthurus lineatus,019_gbif_6441493755.jpg,https://inaturalist-open-data.s3.amazonaws.com/photos/697132625/original.jpg,http://creativecommons.org/licenses/by/4.0/,Tim,6441493755,1957,1471,0.0963
Acanthurus lineatus,021_gbif_6441614338.jpg,https://inaturalist-open-data.s3.amazonaws.com/photos/697119890/original.jpg,http://creativecommons.org/licenses/by/4.0/,Tim,6441614338,1445,1134,0.0887
Acanthurus lineatus,022_gbif_6441718647.jpg,https://inaturalist-open-data.s3.amazonaws.com/photos/697131380/original.jpg,http://creativecommons.org/licenses/by/4.0/,Tim,6441718647,1685,1311,0.0337
Acanthurus lineatus,022_gbif_6441802662.jpg,https://inaturalist-open-data.s3.amazonaws.com/photos/697125033/original.jpg,http://creativecommons.org/licenses/by/4.0/,Tim,6441802662,1382,1273,0.1027
Acanthurus lineatus,024_gbif_6441931609.jpg,https://inaturalist-open-data.s3.amazonaws.com/photos/697122077/original.jpg,http://creativecommons.org/licenses/by/4.0/,Tim,6441931609,2048,1270,0.0656
Acanthurus maculiceps,001_gbif_6274039790.jpg,https://inaturalist-open-data.s3.amazonaws.com/photos/655914662/original.jpg,http://creativecommons.org/licenses/by-nc/4.0/,k_freemantle,6274039790,2048,1385,0.022
Acanthurus maculiceps,002_gbif_6274231947.jpg,https://inaturalist-open-data.s3.amazonaws.com/photos/655277060/original.jpg,http://creativecommons.org/licenses/by-nc/4.0/,k_freemantle,6274231947,2048,1536,0.0222
Acanthurus maculiceps,003_gbif_6470342499.jpg,https://inaturalist-open-data.s3.amazonaws.com/photos/703846263/original.jpg,http://creativecommons.org/licenses/by-nc/4.0/,Daniel Petersen och Peter Sullivan,6470342499,1639,853,0.0813
Acanthurus maculiceps,004_gbif_5840457045.jpg,https://inaturalist-open-data.s3.amazonaws.com/photos/575011509/original.jpg,http://creativecommons.org/licenses/by-nc/4.0/,margot_oorebeek,5840457045,2048,1536,0.0978
Acanthurus maculiceps,005_gbif_5840470719.jpg,https://inaturalist-open-data.s3.amazonaws.com/photos/576353757/original.jpg,http://creativecommons.org/licenses/by-nc/4.0/,Suzu Sato,5840470719,2048,1536,0.1949
Acanthurus maculiceps,006_gbif_5868042501.jpg,https://inaturalist-open-data.s3.amazonaws.com/photos/581573866/original.jpg,http://creativecommons.org/licenses/by-nc/4.0/,Jens Sommer-Knudsen,5868042501,2048,1366,0.2596
Acanthurus maculiceps,007_gbif_5909235631.jpg,https://inaturalist-open-data.s3.amazonaws.com/photos/595083418/original.jpg,http://creativecommons.org/licenses/by-nc/4.0/,Alexandra Hoschke,5909235631,2048,1365,0.021
Acanthurus maculiceps,008_gbif_4516921007.jpg,https://inaturalist-open-data.s3.amazonaws.com/photos/347852008/original.jpg,http://creativecommons.org/licenses/by/4.0/,Debra Baker,4516921007,1676,1410,0.0448
Acanthurus maculiceps,009_gbif_4924140724.jpeg,https://inaturalist-open-data.s3.amazonaws.com/photos/414093468/original.jpeg,http://creativecommons.org/publicdomain/zero/1.0/,themaskedlapwing,4924140724,2000,2000,0.0095
Acanthurus maculiceps,010_gbif_5076813880.png,https://inaturalist-open-data.s3.amazonaws.com/photos/437506858/original.png,http://creativecommons.org/licenses/by-nc/4.0/,barthazes,5076813880,2048,1344,0.0059
Acanthurus maculiceps,011_gbif_5230260037.jpg,https://inaturalist-open-data.s3.amazonaws.com/photos/533668640/original.jpg,http://creativecommons.org/licenses/by-nc/4.0/,Bryan J,5230260037,2048,1536,0.0126
Acanthurus maculiceps,012_gbif_6184836377.jpg,https://inaturalist-open-data.s3.amazonaws.com/photos/452584435/original.jpg,http://creativecommons.org/licenses/by-nc/4.0/,Martin Holladay,6184836377,2048,1453,0.1523
Acanthurus maculiceps,013_gbif_5008078121.jpeg,https://inaturalist-open-data.s3.amazonaws.com/photos/459324095/original.jpeg,http://creativecommons.org/licenses/by-nc/4.0/,Pete Woodall,5008078121,1156,1160,0.2176
Acanthurus maculiceps,014_gbif_4039352894.jpeg,https://inaturalist-open-data.s3.amazonaws.com/photos/257119377/original.jpeg,http://creativecommons.org/licenses/by-nc/4.0/,Bird Explorers,4039352894,1569,1046,0.0365
Acanthurus maculiceps,015_gbif_4129775992.jpeg,https://inaturalist-open-data.s3.amazonaws.com/photos/285881574/original.jpeg,http://creativecommons.org/licenses/by-nc/4.0/,wingwatcher48,4129775992,2048,1486,0.0456
Acanthurus maculiceps,016_gbif_4121331710.jpeg,https://inaturalist-open-data.s3.amazonaws.com/photos/281225137/original.jpeg,http://creativecommons.org/licenses/by-nc/4.0/,warren cameron,4121331710,2048,1536,0.1224
Acanthurus maculiceps,017_gbif_4153945906.jpeg,https://inaturalist-open-data.s3.amazonaws.com/photos/298376147/original.jpeg,http://creativecommons.org/licenses/by-nc/4.0/,Glen Whisson,4153945906,1136,811,0.2089
Acanthurus maculiceps,018_gbif_4162039925.jpeg,https://inaturalist-open-data.s3.amazonaws.com/photos/301454060/original.jpeg,http://creativecommons.org/licenses/by-nc/4.0/,Bernard L'ermite,4162039925,2048,1536,0.0234
Acanthurus maculiceps,019_gbif_4162076204.jpeg,https://inaturalist-open-data.s3.amazonaws.com/photos/301445897/original.jpeg,http://creativecommons.org/licenses/by-nc/4.0/,Bernard L'ermite,4162076204,2048,1536,0.0198
Acanthurus maculiceps,020_gbif_4162096153.jpeg,https://inaturalist-open-data.s3.amazonaws.com/photos/299502094/original.jpeg,http://creativecommons.org/licenses/by-nc/4.0/,Glen Whisson,4162096153,2048,1462,0.2339
Acanthurus maculiceps,021_gbif_4171324639.jpeg,https://inaturalist-open-data.s3.amazonaws.com/photos/303972800/original.jpeg,http://creativecommons.org/licenses/by-nc/4.0/,chrisv78,4171324639,2048,1536,0.0438
Acanthurus maculiceps,022_gbif_4172160376.jpeg,https://inaturalist-open-data.s3.amazonaws.com/photos/306862391/original.jpeg,http://creativecommons.org/licenses/by-nc/4.0/,chrisv78,4172160376,1888,1416,0.0091
Acanthurus maculiceps,023_gbif_4407367792.jpeg,https://inaturalist-open-data.s3.amazonaws.com/photos/311812716/original.jpeg,http://creativecommons.org/licenses/by-nc/4.0/,collmg9,4407367792,2048,1536,0.0069
Acanthurus maculiceps,024_gbif_4901673009.jpeg,https://inaturalist-open-data.s3.amazonaws.com/photos/398139789/original.jpeg,http://creativecommons.org/licenses/by-nc/4.0/,nhm_ex,4901673009,2048,1368,0.0223
Acanthurus mata,001_gbif_6130877490.jpg,https://inaturalist-open-data.s3.amazonaws.com/photos/607923690/original.jpg,http://creativecommons.org/licenses/by-nc/4.0/,mitsuki1337,6130877490,2048,1536,0.2092
Acanthurus mata,002_gbif_6178620190.jpg,https://inaturalist-open-data.s3.amazonaws.com/photos/624671265/original.jpg,http://creativecommons.org/licenses/by/4.0/,Nicola Crockford,6178620190,1928,1085,0.0206
Acanthurus mata,003_gbif_6179078300.jpg,https://inaturalist-open-data.s3.amazonaws.com/photos/624671278/original.jpg,http://creativecommons.org/licenses/by/4.0/,Nicola Crockford,6179078300,2048,1152,0.0722
Acanthurus mata,004_gbif_6179533718.jpg,https://inaturalist-open-data.s3.amazonaws.com/photos/622016201/original.jpg,http://creativecommons.org/licenses/by-nc/4.0/,Pauline Fey,6179533718,2048,1536,0.0055
Acanthurus mata,005_gbif_6352668312.jpg,https://inaturalist-open-data.s3.amazonaws.com/photos/669405038/original.jpg,http://creativecommons.org/licenses/by-nc/4.0/,Kingfish,6352668312,2048,1152,0.0363
Acanthurus mata,006_gbif_6159356458.jpg,https://inaturalist-open-data.s3.amazonaws.com/photos/615672410/original.jpg,http://creativecommons.org/licenses/by-nc/4.0/,Michal,6159356458,2048,1366,0.0591
Acanthurus mata,007_gbif_6159525250.jpg,https://inaturalist-open-data.s3.amazonaws.com/photos/615908402/original.jpg,http://creativecommons.org/licenses/by-nc/4.0/,John Sear,6159525250,2048,1365,0.0047
Acanthurus mata,008_gbif_6162852726.jpg,https://inaturalist-open-data.s3.amazonaws.com/photos/616631493/original.jpg,http://creativecommons.org/licenses/by-nc/4.0/,Timothy E Myer,6162852726,1798,1200,0.018
Acanthurus mata,009_gbif_6163174436.jpg,https://inaturalist-open-data.s3.amazonaws.com/photos/617070454/original.jpg,http://creativecommons.org/licenses/by/4.0/,Nicola Crockford,6163174436,1442,811,0.0145
Acanthurus mata,010_gbif_6178469555.jpg,https://inaturalist-open-data.s3.amazonaws.com/photos/620940277/original.jpg,http://creativecommons.org/licenses/by-nc-sa/4.0/,ealcaniz,6178469555,2048,1536,0.0631
Acanthurus mata,011_gbif_6170954671.jpg,https://inaturalist-open-data.s3.amazonaws.com/photos/620133059/original.jpg,http://creativecommons.org/licenses/by-nc/4.0/,DiGua Su,6170954671,1536,2048,0.1703
Acanthurus mata,012_gbif_6178342995.jpg,https://inaturalist-open-data.s3.amazonaws.com/photos/622011556/original.jpg,http://creativecommons.org/licenses/by-nc/4.0/,John Sear,6178342995,2048,1846,0.0049
Acanthurus mata,013_gbif_6178382007.jpg,https://inaturalist-open-data.s3.amazonaws.com/photos/624854360/original.jpg,http://creativecommons.org/licenses/by-nc/4.0/,barthazes,6178382007,1626,1292,0.0104
Acanthurus mata,014_gbif_6185346017.jpg,https://inaturalist-open-data.s3.amazonaws.com/photos/625635864/original.jpg,http://creativecommons.org/licenses/by/4.0/,PampaSorro,6185346017,956,956,0.0824
Acanthurus mata,015_gbif_6185466529.jpg,https://inaturalist-open-data.s3.amazonaws.com/photos/625612773/original.jpg,http://creativecommons.org/licenses/by/4.0/,Debra Baker,6185466529,2048,1907,0.0385
Acanthurus mata,016_gbif_6185545540.jpg,https://inaturalist-open-data.s3.amazonaws.com/photos/629649998/original.jpg,http://creativecommons.org/licenses/by-nc/4.0/,sharkdevotee,6185545540,2048,1365,0.0351
Acanthurus mata,017_gbif_6320899750.jpg,https://inaturalist-open-data.s3.amazonaws.com/photos/659083045/original.jpg,http://creativecommons.org/licenses/by-nc/4.0/,Andy,6320899750,1536,2048,0.1401
Acanthurus mata,018_gbif_6353167887.jpg,https://inaturalist-open-data.s3.amazonaws.com/photos/624013072/original.jpg,http://creativecommons.org/licenses/by-nc/4.0/,Jodie,6353167887,2048,1536,0.0502
Acanthurus mata,019_gbif_6187901810.jpg,https://inaturalist-open-data.s3.amazonaws.com/photos/634119769/original.jpg,http://creativecommons.org/licenses/by-nc-sa/4.0/,陳致維 Chih-Wei Chen,6187901810,2048,1363,0.1592
Acanthurus mata,020_gbif_6188298621.jpg,https://inaturalist-open-data.s3.amazonaws.com/photos/632993866/original.jpg,http://creativecommons.org/licenses/by-nc/4.0/,asho,6188298621,1423,1038,0.0153
Acanthurus mata,021_gbif_6195313282.jpg,https://inaturalist-open-data.s3.amazonaws.com/photos/636926362/original.jpg,http://creativecommons.org/licenses/by-nc/4.0/,jxy1475,6195313282,2048,1351,0.0059
Acanthurus mata,022_gbif_6234182391.jpg,https://inaturalist-open-data.s3.amazonaws.com/photos/638320875/original.jpg,http://creativecommons.org/licenses/by-nc/4.0/,Ella Pennington,6234182391,1523,913,0.0503
Acanthurus mata,023_gbif_6234797087.jpg,https://inaturalist-open-data.s3.amazonaws.com/photos/641330761/original.jpg,http://creativecommons.org/licenses/by-nc/4.0/,offshore_,6234797087,1418,1418,0.0374
Acanthurus mata,024_gbif_6235969444.jpg,https://inaturalist-open-data.s3.amazonaws.com/photos/641382486/original.jpg,http://creativecommons.org/licenses/by-nc/4.0/,Shelly,6235969444,2048,1152,0.0066
Acanthurus monroviae,001_gbif_6185571073.jpg,https://inaturalist-open-data.s3.amazonaws.com/photos/629997167/original.jpg,http://creativecommons.org/licenses/by-nc/4.0/,James Hyde,6185571073,1000,918,0.0102
Acanthurus monroviae,002_gbif_6273335516.jpg,https://inaturalist-open-data.s3.amazonaws.com/photos/655274123/original.jpg,http://creativecommons.org/licenses/by/4.0/,Jan Ebr & Ivana Ebrová,6273335516,2048,1612,0.0728
Acanthurus monroviae,003_gbif_6273648530.jpg,https://inaturalist-open-data.s3.amazonaws.com/photos/655245911/original.jpg,http://creativecommons.org/licenses/by/4.0/,Jan Ebr & Ivana Ebrová,6273648530,2048,1828,0.0605
Acanthurus monroviae,004_gbif_6273961921.jpg,https://inaturalist-open-data.s3.amazonaws.com/photos/655286751/original.jpg,http://creativecommons.org/licenses/by/4.0/,Jan Ebr & Ivana Ebrová,6273961921,2048,1560,0.046
Acanthurus monroviae,002_gbif_6274095874.jpg,https://inaturalist-open-data.s3.amazonaws.com/photos/655278850/original.jpg,http://creativecommons.org/licenses/by/4.0/,Jan Ebr & Ivana Ebrová,6274095874,2048,1512,0.0892
Acanthurus monroviae,003_gbif_6320123109.jpg,https://inaturalist-open-data.s3.amazonaws.com/photos/660233117/original.jpg,http://creativecommons.org/licenses/by/4.0/,Jan Ebr & Ivana Ebrová,6320123109,2048,1446,0.0756
Acanthurus monroviae,007_gbif_6320280616.jpg,https://inaturalist-open-data.s3.amazonaws.com/photos/660233442/original.jpg,http://creativecommons.org/licenses/by/4.0/,Jan Ebr & Ivana Ebrová,6320280616,1218,1262,0.2323
Acanthurus monroviae,004_gbif_6320487755.jpg,https://inaturalist-open-data.s3.amazonaws.com/photos/660233782/original.jpg,http://creativecommons.org/licenses/by/4.0/,Jan Ebr & Ivana Ebrová,6320487755,1665,1449,0.1789
Acanthurus monroviae,005_gbif_6320984673.jpg,https://inaturalist-open-data.s3.amazonaws.com/photos/659660263/original.jpg,http://creativecommons.org/licenses/by/4.0/,Jan Ebr & Ivana Ebrová,6320984673,1722,1543,0.283
Acanthurus monroviae,006_gbif_6321196368.jpg,https://inaturalist-open-data.s3.amazonaws.com/photos/659586457/original.jpg,http://creativecommons.org/licenses/by/4.0/,Jan Ebr & Ivana Ebrová,6321196368,2048,1860,0.1216
Acanthurus monroviae,007_gbif_6440983078.jpg,https://inaturalist-open-data.s3.amazonaws.com/photos/695839614/original.jpg,http://creativecommons.org/licenses/by-nc/4.0/,Adrien Groul,6440983078,2048,1536,0.2539
Acanthurus monroviae,008_gbif_6422239866.jpg,https://inaturalist-open-data.s3.amazonaws.com/photos/688346798/original.jpg,http://creativecommons.org/licenses/by-nc/4.0/,ur6s77,6422239866,2048,947,0.0071
Acanthurus monroviae,013_gbif_6422377017.jpg,https://inaturalist-open-data.s3.amazonaws.com/photos/688349901/original.jpg,http://creativecommons.org/licenses/by-nc/4.0/,ur6s77,6422377017,2048,947,0.0117
Acanthurus monroviae,014_gbif_6422617911.jpg,https://inaturalist-open-data.s3.amazonaws.com/photos/686735583/original.jpg,http://creativecommons.org/licenses/by-nc/4.0/,ur6s77,6422617911,2048,947,0.0074
Acanthurus monroviae,009_gbif_6422884372.jpg,https://inaturalist-open-data.s3.amazonaws.com/photos/687426645/original.jpg,http://creativecommons.org/licenses/by-nc/4.0/,ur6s77,6422884372,2048,947,0.0075
Acanthurus monroviae,010_gbif_6431058823.jpg,https://inaturalist-open-data.s3.amazonaws.com/photos/688969419/original.jpg,http://creativecommons.org/licenses/by-nc/4.0/,ur6s77,6431058823,2048,947,0.0152
Acanthurus monroviae,011_gbif_6431868308.jpg,https://inaturalist-open-data.s3.amazonaws.com/photos/691103886/original.jpg,http://creativecommons.org/licenses/by-nc/4.0/,ur6s77,6431868308,2048,947,0.0085
Acanthurus monroviae,012_gbif_5063590951.jpg,https://inaturalist-open-data.s3.amazonaws.com/photos/466940215/original.jpg,http://creativecommons.org/licenses/by-nc/4.0/,Juan Carballo,5063590951,2048,1365,0.1669
Acanthurus monroviae,013_gbif_5063816188.jpeg,https://inaturalist-open-data.s3.amazonaws.com/photos/468206785/original.jpeg,http://creativecommons.org/licenses/by-nc/4.0/,Remy DUBAS,5063816188,1864,1243,0.0064
Acanthurus monroviae,014_gbif_5087694996.jpg,https://inaturalist-open-data.s3.amazonaws.com/photos/475068221/original.jpg,http://creativecommons.org/licenses/by-nc/4.0/,B.A,5087694996,1311,874,0.0513
Acanthurus monroviae,016_gbif_5104407636.jpeg,https://inaturalist-open-data.s3.amazonaws.com/photos/477657660/original.jpeg,http://creativecommons.org/licenses/by-nc/4.0/,Wally,5104407636,2048,1153,0.2931
Acanthurus monroviae,022_gbif_5108103837.jpeg,https://inaturalist-open-data.s3.amazonaws.com/photos/478757208/original.jpeg,http://creativecommons.org/publicdomain/zero/1.0/,bitsandbugs,5108103837,2048,1536,0.0121
Acanthurus monroviae,020_gbif_5133837417.jpeg,https://inaturalist-open-data.s3.amazonaws.com/photos/486886738/original.jpeg,http://creativecommons.org/licenses/by-nc/4.0/,NGUECHE NGUEBOUI,5133837417,2048,1536,0.2574
Acanthurus monroviae,022_gbif_5188025423.jpg,https://inaturalist-open-data.s3.amazonaws.com/photos/517642147/original.jpg,http://creativecommons.org/licenses/by-nc/4.0/,Remy DUBAS,5188025423,2048,1365,0.0902
Acanthurus nigricans,001_gbif_6129965362.jpg,https://inaturalist-open-data.s3.amazonaws.com/photos/606219294/original.jpg,http://creativecommons.org/licenses/by-nc/4.0/,lwhitenack,6129965362,946,2048,0.0086
Acanthurus nigricans,002_gbif_6130240110.jpg,https://inaturalist-open-data.s3.amazonaws.com/photos/610175578/original.jpg,http://creativecommons.org/licenses/by-nc/4.0/,odarugna,6130240110,1792,2048,0.0808
Acanthurus nigricans,002_gbif_6130434634.jpg,https://inaturalist-open-data.s3.amazonaws.com/photos/610931870/original.jpg,http://creativecommons.org/licenses/by-nc/4.0/,florencetg,6130434634,2048,2048,0.1291
Acanthurus nigricans,004_gbif_6131303387.jpg,https://inaturalist-open-data.s3.amazonaws.com/photos/610553224/original.jpg,http://creativecommons.org/licenses/by-nc/4.0/,rokkenolan,6131303387,2048,1536,0.0437
Acanthurus nigricans,003_gbif_6131358641.jpg,https://inaturalist-open-data.s3.amazonaws.com/photos/608583874/original.jpg,http://creativecommons.org/licenses/by-nc/4.0/,Dwight Baker,6131358641,1092,986,0.1421
Acanthurus nigricans,006_gbif_6131390163.jpg,https://inaturalist-open-data.s3.amazonaws.com/photos/610705392/original.jpg,http://creativecommons.org/licenses/by/4.0/,keesgroenendijk,6131390163,2048,1536,0.044
Acanthurus nigricans,007_gbif_6147351289.jpg,https://inaturalist-open-data.s3.amazonaws.com/photos/614415165/original.jpg,http://creativecommons.org/licenses/by-nc/4.0/,Olivia Bañez,6147351289,1536,2048,0.0606
Acanthurus nigricans,004_gbif_6159556343.jpg,https://inaturalist-open-data.s3.amazonaws.com/photos/615465364/original.jpg,http://creativecommons.org/licenses/by-nc/4.0/,zoebl,6159556343,2048,1536,0.1143
Acanthurus nigricans,005_gbif_6179432273.jpg,https://inaturalist-open-data.s3.amazonaws.com/photos/624671867/original.jpg,http://creativecommons.org/licenses/by/4.0/,Nicola Crockford,6179432273,1950,1097,0.08
Acanthurus nigricans,006_gbif_6185568855.jpg,https://inaturalist-open-data.s3.amazonaws.com/photos/625832565/original.jpg,http://creativecommons.org/licenses/by/4.0/,Nicola Crockford,6185568855,2048,1153,0.0392
Acanthurus nigricans,007_gbif_6234733788.jpg,https://inaturalist-open-data.s3.amazonaws.com/photos/638173482/original.jpg,http://creativecommons.org/licenses/by-nc/4.0/,R Lai,6234733788,2009,1130,0.0782
Acanthurus nigricans,012_gbif_6147279694.jpg,https://inaturalist-open-data.s3.amazonaws.com/photos/614484775/original.jpg,http://creativecommons.org/licenses/by-nc/4.0/,Ash,6147279694,2048,1536,0.123
Acanthurus nigricans,008_gbif_6159497911.jpg,https://inaturalist-open-data.s3.amazonaws.com/photos/615555666/original.jpg,http://creativecommons.org/licenses/by-nc/4.0/,Billy Bensted-Smith,6159497911,2048,1536,0.0456
Acanthurus nigricans,009_gbif_6159693558.jpg,https://inaturalist-open-data.s3.amazonaws.com/photos/615556341/original.jpg,http://creativecommons.org/licenses/by-nc/4.0/,Billy Bensted-Smith,6159693558,2048,1536,0.0038
Acanthurus nigricans,015_gbif_6162982887.jpg,https://inaturalist-open-data.s3.amazonaws.com/photos/617065927/original.jpg,http://creativecommons.org/licenses/by/4.0/,Nicola Crockford,6162982887,2048,1152,0.0412
Acanthurus nigricans,010_gbif_6163365087.jpg,https://inaturalist-open-data.s3.amazonaws.com/photos/617641712/original.jpg,http://creativecommons.org/licenses/by-nc/4.0/,Curtis Hart,6163365087,2048,1536,0.0381
Acanthurus nigricans,012_gbif_6178586692.jpg,https://inaturalist-open-data.s3.amazonaws.com/photos/621980931/original.jpg,http://creativecommons.org/licenses/by-nc/4.0/,Mark Robinson,6178586692,1092,819,0.0644
Acanthurus nigricans,014_gbif_6178879723.jpg,https://inaturalist-open-data.s3.amazonaws.com/photos/621435641/original.jpg,http://creativecommons.org/licenses/by/4.0/,Jacek Pietruszewski,6178879723,2048,1536,0.105
Acanthurus nigricans,016_gbif_6179208456.jpg,https://inaturalist-open-data.s3.amazonaws.com/photos/621436371/original.jpg,http://creativecommons.org/licenses/by/4.0/,Jacek Pietruszewski,6179208456,1320,1127,0.0378
Acanthurus nigricans,017_gbif_6185531532.jpg,https://inaturalist-open-data.s3.amazonaws.com/photos/627932383/original.jpg,http://creativecommons.org/licenses/by-nc/4.0/,Marinebio,6185531532,2048,1443,0.1906
Acanthurus nigricans,021_gbif_6234305845.jpg,https://inaturalist-open-data.s3.amazonaws.com/photos/639613011/original.jpg,http://creativecommons.org/licenses/by-nc/4.0/,R Lai,6234305845,2048,1152,0.0451
Acanthurus nigricans,022_gbif_6178301016.jpg,https://inaturalist-open-data.s3.amazonaws.com/photos/623121127/original.jpg,http://creativecommons.org/licenses/by-nc/4.0/,guillaumecalcagni,6178301016,2048,1536,0.0416
Acanthurus nigricans,019_gbif_6178339789.jpg,https://inaturalist-open-data.s3.amazonaws.com/photos/622414945/original.jpg,http://creativecommons.org/licenses/by/4.0/,PampaSorro,6178339789,2048,1763,0.139
Acanthurus nigricans,022_gbif_6178383649.jpg,https://inaturalist-open-data.s3.amazonaws.com/photos/624606363/original.jpg,http://creativecommons.org/licenses/by-nc/4.0/,hectorjmz,6178383649,2048,1792,0.018
Acanthurus nigricauda,001_gbif_5938317272.jpg,https://inaturalist-open-data.s3.amazonaws.com/photos/604438962/original.jpg,http://creativecommons.org/licenses/by-nc/4.0/,Curtis Hart,5938317272,1443,1082,0.1092
Acanthurus nigricauda,002_gbif_6129846817.jpg,https://inaturalist-open-data.s3.amazonaws.com/photos/607802298/original.jpg,http://creativecommons.org/licenses/by-nc/4.0/,aj2359,6129846817,2048,1536,0.0316
Acanthurus nigricauda,003_gbif_6130106863.jpg,https://inaturalist-open-data.s3.amazonaws.com/photos/606793209/original.jpg,http://creativecommons.org/licenses/by-nc/4.0/,Dev Simpkins,6130106863,2048,1445,0.0602
Acanthurus nigricauda,004_gbif_6130223923.jpg,https://inaturalist-open-data.s3.amazonaws.com/photos/610766962/original.jpg,http://creativecommons.org/licenses/by-nc/4.0/,denismatthey,6130223923,2048,1473,0.0308
Acanthurus nigricauda,005_gbif_6133351583.jpg,https://inaturalist-open-data.s3.amazonaws.com/photos/611223794/original.jpg,http://creativecommons.org/licenses/by-nc/4.0/,jimburger,6133351583,948,829,0.2108
Acanthurus nigricauda,006_gbif_6147263258.jpg,https://inaturalist-open-data.s3.amazonaws.com/photos/612937323/original.jpg,http://creativecommons.org/licenses/by-nc/4.0/,Alexander Kattan,6147263258,2048,1536,0.1048
Acanthurus nigricauda,007_gbif_6178618480.jpg,https://inaturalist-open-data.s3.amazonaws.com/photos/624669489/original.jpg,http://creativecommons.org/licenses/by/4.0/,Nicola Crockford,6178618480,1857,1044,0.0683
Acanthurus nigricauda,008_gbif_6178701815.jpg,https://inaturalist-open-data.s3.amazonaws.com/photos/621983318/original.jpg,http://creativecommons.org/licenses/by-nc/4.0/,Jens Sommer-Knudsen,6178701815,2048,1365,0.1362
Acanthurus nigricauda,009_gbif_6159326147.jpg,https://inaturalist-open-data.s3.amazonaws.com/photos/615492693/original.jpg,http://creativecommons.org/licenses/by/4.0/,Nicola Crockford,6159326147,1462,822,0.0544
Acanthurus nigricauda,010_gbif_6159577456.jpg,https://inaturalist-open-data.s3.amazonaws.com/photos/616275899/original.jpg,http://creativecommons.org/licenses/by-nc/4.0/,Curtis Hart,6159577456,2048,1536,0.1274
Acanthurus nigricauda,011_gbif_6162988700.jpg,https://inaturalist-open-data.s3.amazonaws.com/photos/616884943/original.jpg,http://creativecommons.org/licenses/by-nc/4.0/,yancoquet,6162988700,2048,1536,0.0466
Acanthurus nigricauda,012_gbif_6163079409.jpg,https://inaturalist-open-data.s3.amazonaws.com/photos/617069780/original.jpg,http://creativecommons.org/licenses/by/4.0/,Nicola Crockford,6163079409,1593,896,0.0548
Acanthurus nigricauda,013_gbif_6163197480.jpg,https://inaturalist-open-data.s3.amazonaws.com/photos/617188681/original.jpg,http://creativecommons.org/licenses/by-nc/4.0/,sueba,6163197480,2048,1536,0.0452
Acanthurus nigricauda,014_gbif_6163228769.jpg,https://inaturalist-open-data.s3.amazonaws.com/photos/617069783/original.jpg,http://creativecommons.org/licenses/by/4.0/,Nicola Crockford,6163228769,2048,1152,0.0334
Acanthurus nigricauda,015_gbif_6163372820.jpg,https://inaturalist-open-data.s3.amazonaws.com/photos/617986532/original.jpg,http://creativecommons.org/licenses/by-nc/4.0/,Curtis Hart,6163372820,2048,1536,0.0386
Acanthurus nigricauda,016_gbif_6178396209.jpg,https://inaturalist-open-data.s3.amazonaws.com/photos/623288508/original.jpg,http://creativecommons.org/licenses/by/4.0/,Zac Peterson,6178396209,2048,1542,0.0527
Acanthurus nigricauda,017_gbif_6170950001.jpg,https://inaturalist-open-data.s3.amazonaws.com/photos/620503913/original.jpg,http://creativecommons.org/licenses/by/4.0/,PampaSorro,6170950001,2048,1617,0.0086
Acanthurus nigricauda,018_gbif_6178376317.jpg,https://inaturalist-open-data.s3.amazonaws.com/photos/624189845/original.jpg,http://creativecommons.org/licenses/by-nc/4.0/,Paul,6178376317,1920,1080,0.0567
Acanthurus nigricauda,019_gbif_6178906792.jpg,https://inaturalist-open-data.s3.amazonaws.com/photos/624832796/original.jpg,http://creativecommons.org/licenses/by-nc/4.0/,Mike REVI Boyd,6178906792,2048,1535,0.0115
Acanthurus nigricauda,020_gbif_6188387214.jpg,https://inaturalist-open-data.s3.amazonaws.com/photos/631288211/original.jpg,http://creativecommons.org/licenses/by-nc/4.0/,deblee5,6188387214,2048,1536,0.0106
Acanthurus nigricauda,021_gbif_6234801764.jpg,https://inaturalist-open-data.s3.amazonaws.com/photos/637940049/original.jpg,http://creativecommons.org/licenses/by-nc/4.0/,colleen_mckee,6234801764,2048,1365,0.0751
Acanthurus nigricauda,022_gbif_6195652117.jpg,https://inaturalist-open-data.s3.amazonaws.com/photos/637595304/original.jpg,http://creativecommons.org/licenses/by-nc/4.0/,kunghm36,6195652117,1294,913,0.0457
Acanthurus nigricauda,023_gbif_6196012828.jpg,https://inaturalist-open-data.s3.amazonaws.com/photos/636935245/original.jpg,http://creativecommons.org/licenses/by-nc/4.0/,momaz,6196012828,2048,1328,0.063
Acanthurus nigricauda,024_gbif_6234590011.jpg,https://inaturalist-open-data.s3.amazonaws.com/photos/647882212/original.jpg,http://creativecommons.org/licenses/by-nc/4.0/,azimmusthag,6234590011,2048,1536,0.0901
Acanthurus nigrofuscus,001_gbif_5938490713.jpg,https://inaturalist-open-data.s3.amazonaws.com/photos/605248560/original.jpg,http://creativecommons.org/licenses/by-nc/4.0/,abdarrell,5938490713,1266,808,0.0099
Acanthurus nigrofuscus,002_gbif_5938642365.jpg,https://inaturalist-open-data.s3.amazonaws.com/photos/605214071/original.jpg,http://creativecommons.org/licenses/by-nc/4.0/,Caroline Wolfe-Merritt,5938642365,2048,1536,0.0277
Acanthurus nigrofuscus,003_gbif_6129839123.jpg,https://inaturalist-open-data.s3.amazonaws.com/photos/610453261/original.jpg,http://creativecommons.org/licenses/by-nc/4.0/,markymark5,6129839123,1536,2048,0.0188
Acanthurus nigrofuscus,004_gbif_6129845368.jpg,https://inaturalist-open-data.s3.amazonaws.com/photos/607823425/original.jpg,http://creativecommons.org/licenses/by-nc/4.0/,rokkenolan,6129845368,2048,1536,0.0091
Acanthurus nigrofuscus,005_gbif_6129908293.jpg,https://inaturalist-open-data.s3.amazonaws.com/photos/607103307/original.jpg,http://creativecommons.org/licenses/by-nc/4.0/,Curtis Hart,6129908293,1762,1322,0.0735
Acanthurus nigrofuscus,006_gbif_6129911214.jpg,https://inaturalist-open-data.s3.amazonaws.com/photos/607619682/original.jpg,http://creativecommons.org/licenses/by-nc/4.0/,eehinger,6129911214,1536,2048,0.1163
Acanthurus nigrofuscus,007_gbif_6129973190.jpg,https://inaturalist-open-data.s3.amazonaws.com/photos/610039697/original.jpg,http://creativecommons.org/licenses/by-nc/4.0/,Leyton Reid,6129973190,2048,1536,0.0088
Acanthurus nigrofuscus,008_gbif_6130071903.jpg,https://inaturalist-open-data.s3.amazonaws.com/photos/608133669/original.jpg,http://creativecommons.org/licenses/by-nc/4.0/,Marleen Schouten,6130071903,1155,2048,0.0406
Acanthurus nigrofuscus,009_gbif_6130098765.jpg,https://inaturalist-open-data.s3.amazonaws.com/photos/610041201/original.jpg,http://creativecommons.org/licenses/by-nc/4.0/,Leyton Reid,6130098765,2048,1536,0.0195
Acanthurus nigrofuscus,010_gbif_6130122083.jpg,https://inaturalist-open-data.s3.amazonaws.com/photos/607616956/original.jpg,http://creativecommons.org/licenses/by-nc/4.0/,eehinger,6130122083,2048,1536,0.0445
Acanthurus nigrofuscus,011_gbif_6130130059.jpg,https://inaturalist-open-data.s3.amazonaws.com/photos/608665307/original.jpg,http://creativecommons.org/licenses/by-nc/4.0/,Marleen Schouten,6130130059,2048,1155,0.1275
Acanthurus nigrofuscus,012_gbif_6130155992.jpg,https://inaturalist-open-data.s3.amazonaws.com/photos/610920162/original.jpg,http://creativecommons.org/licenses/by-nc/4.0/,tristanbfried,6130155992,2048,1536,0.133
Acanthurus nigrofuscus,013_gbif_6130168944.jpg,https://inaturalist-open-data.s3.amazonaws.com/photos/606842603/original.jpg,http://creativecommons.org/licenses/by-nc/4.0/,Boris,6130168944,1234,1329,0.199
Acanthurus nigrofuscus,014_gbif_6130203161.jpg,https://inaturalist-open-data.s3.amazonaws.com/photos/610939632/original.jpg,http://creativecommons.org/licenses/by-nc/4.0/,Andrew Plant,6130203161,1528,1831,0.091
Acanthurus nigrofuscus,015_gbif_6130215347.jpg,https://inaturalist-open-data.s3.amazonaws.com/photos/608990782/original.jpg,http://creativecommons.org/licenses/by-nc/4.0/,Michał Górski,6130215347,2048,1151,0.0182
Acanthurus nigrofuscus,016_gbif_6130378021.jpg,https://inaturalist-open-data.s3.amazonaws.com/photos/605874713/original.jpg,http://creativecommons.org/licenses/by-nc/4.0/,Boris,6130378021,2048,1632,0.2637
Acanthurus nigrofuscus,017_gbif_6130392867.jpg,https://inaturalist-open-data.s3.amazonaws.com/photos/610451546/original.jpg,http://creativecommons.org/licenses/by-nc/4.0/,markymark5,6130392867,2048,1536,0.0895
Acanthurus nigrofuscus,018_gbif_6130407042.jpg,https://inaturalist-open-data.s3.amazonaws.com/photos/608665282/original.jpg,http://creativecommons.org/licenses/by-nc/4.0/,Marleen Schouten,6130407042,2048,1155,0.1495
Acanthurus nigrofuscus,019_gbif_6130435294.jpg,https://inaturalist-open-data.s3.amazonaws.com/photos/610039745/original.jpg,http://creativecommons.org/licenses/by-nc/4.0/,Leyton Reid,6130435294,2048,1536,0.013
Acanthurus nigrofuscus,020_gbif_6130551201.jpg,https://inaturalist-open-data.s3.amazonaws.com/photos/609863531/original.jpg,http://creativecommons.org/licenses/by-nc/4.0/,Leyton Reid,6130551201,2048,1536,0.017
Acanthurus nigrofuscus,021_gbif_6130649087.jpg,https://inaturalist-open-data.s3.amazonaws.com/photos/610041011/original.jpg,http://creativecommons.org/licenses/by-nc/4.0/,Leyton Reid,6130649087,2048,1536,0.0127
Acanthurus nigrofuscus,022_gbif_6130695088.jpg,https://inaturalist-open-data.s3.amazonaws.com/photos/607221601/original.jpg,http://creativecommons.org/licenses/by-nc/4.0/,Marleen Schouten,6130695088,2048,1155,0.056
Acanthurus nigrofuscus,023_gbif_6130696845.jpg,https://inaturalist-open-data.s3.amazonaws.com/photos/610453260/original.jpg,http://creativecommons.org/licenses/by-nc/4.0/,markymark5,6130696845,2048,1536,0.0105
Acanthurus nigrofuscus,024_gbif_6130779170.jpg,https://inaturalist-open-data.s3.amazonaws.com/photos/608069318/original.jpg,http://creativecommons.org/licenses/by-nc/4.0/,acadiasunrise,6130779170,2048,1536,0.0054
Acanthurus nubilus,001_gbif_6334493731.jpg,https://inaturalist-open-data.s3.amazonaws.com/photos/663864397/original.jpg,http://creativecommons.org/licenses/by-nc/4.0/,TGriffin,6334493731,1440,1080,0.0535
Acanthurus nubilus,002_gbif_6399344712.jpg,https://inaturalist-open-data.s3.amazonaws.com/photos/673978552/original.jpg,http://creativecommons.org/licenses/by-nc/4.0/,TGriffin,6399344712,1440,1080,0.1221
Acanthurus nubilus,003_gbif_5291957040.jpg,https://inaturalist-open-data.s3.amazonaws.com/photos/548527006/original.jpg,http://creativecommons.org/licenses/by-nc/4.0/,ethan currens,5291957040,2000,1500,0.0199
Acanthurus nubilus,004_gbif_6184932813.jpg,https://inaturalist-open-data.s3.amazonaws.com/photos/628490372/original.jpg,http://creativecommons.org/licenses/by-nc/4.0/,TGriffin,6184932813,1441,1080,0.088
Acanthurus nubilus,005_gbif_6185290246.jpg,https://inaturalist-open-data.s3.amazonaws.com/photos/628490314/original.jpg,http://creativecommons.org/licenses/by-nc/4.0/,TGriffin,6185290246,1440,1080,0.08
Acanthurus nubilus,006_gbif_5006719206.jpg,https://inaturalist-open-data.s3.amazonaws.com/photos/458163201/original.jpg,http://creativecommons.org/licenses/by-nc/4.0/,Mark Rosenstein,5006719206,1199,800,0.0179
Acanthurus nubilus,007_gbif_6195844758.jpg,https://inaturalist-open-data.s3.amazonaws.com/photos/636068665/original.jpg,http://creativecommons.org/licenses/by-nc/4.0/,TGriffin,6195844758,1440,1080,0.0728
Acanthurus nubilus,008_gbif_6195988830.jpg,https://inaturalist-open-data.s3.amazonaws.com/photos/636068717/original.jpg,http://creativecommons.org/licenses/by-nc/4.0/,TGriffin,6195988830,1440,1080,0.0222
Acanthurus nubilus,009_gbif_4465722209.jpeg,https://inaturalist-open-data.s3.amazonaws.com/photos/340447375/original.jpeg,http://creativecommons.org/licenses/by-nc/4.0/,Peter,4465722209,2048,1401,0.223
Acanthurus nubilus,010_gbif_5063689403.jpeg,https://inaturalist-open-data.s3.amazonaws.com/photos/467141948/original.jpeg,http://creativecommons.org/licenses/by-nc/4.0/,Nico K. Michiels,5063689403,2048,1365,0.0058
Acanthurus nubilus,011_gbif_4500925444.jpg,https://inaturalist-open-data.s3.amazonaws.com/photos/341567626/original.jpg,http://creativecommons.org/licenses/by-nc/4.0/,Kirby Morejohn,4500925444,2048,1365,0.0122
Acanthurus nubilus,012_gbif_5087044584.jpeg,https://inaturalist-open-data.s3.amazonaws.com/photos/340725096/original.jpeg,http://creativecommons.org/licenses/by-nc/4.0/,Claire Goiran,5087044584,2040,2048,0.0569
Acanthurus nubilus,013_gbif_3784948250.jpg,https://inaturalist-open-data.s3.amazonaws.com/photos/198189141/original.jpg,http://creativecommons.org/licenses/by-nc/4.0/,Mark Rosenstein,3784948250,1600,1068,0.0834
Acanthurus nubilus,014_gbif_4034801980.jpg,https://inaturalist-open-data.s3.amazonaws.com/photos/255716005/original.jpg,http://creativecommons.org/licenses/by-nc/4.0/,Wayne and Pam Osborn,4034801980,2048,1045,0.0
Acanthurus nubilus,015_gbif_2397469755.jpg,https://inaturalist-open-data.s3.amazonaws.com/photos/37445683/original.jpg,http://creativecommons.org/licenses/by-nc/4.0/,Mark Rosenstein,2397469755,1600,1067,0.0588
Acanthurus nubilus,016_gbif_1847413814.jpg,https://inaturalist-open-data.s3.amazonaws.com/photos/15030645/original.jpg,http://creativecommons.org/licenses/by-nc/4.0/,Mark Rosenstein,1847413814,1600,1067,0.0165
Acanthurus nubilus,017_gbif_1848750685.jpg,https://inaturalist-open-data.s3.amazonaws.com/photos/15073100/original.jpg,http://creativecommons.org/licenses/by-nc/4.0/,Mark Rosenstein,1848750685,1600,1068,0.3334
Acanthurus nubilus,018_gbif_5932278732.jpg,https://inaturalist-open-data.s3.amazonaws.com/photos/598921543/original.jpg,http://creativecommons.org/licenses/by-nc/4.0/,National Coral Reef Monitoring Program - Pacific Region,5932278732,2048,1365,0.0051
Acanthurus nubilus,019_gbif_5932312006.jpg,https://inaturalist-open-data.s3.amazonaws.com/photos/598921486/original.jpg,http://creativecommons.org/licenses/by-nc/4.0/,National Coral Reef Monitoring Program - Pacific Region,5932312006,2048,1365,0.0071
Acanthurus nubilus,020_gbif_5932396886.jpg,https://inaturalist-open-data.s3.amazonaws.com/photos/598689702/original.jpg,http://creativecommons.org/licenses/by-nc/4.0/,National Coral Reef Monitoring Program - Pacific Region,5932396886,2048,1152,0.0069
Acanthurus nubilus,021_gbif_5932470087.jpg,https://inaturalist-open-data.s3.amazonaws.com/photos/598921645/original.jpg,http://creativecommons.org/licenses/by-nc/4.0/,National Coral Reef Monitoring Program - Pacific Region,5932470087,1638,2048,0.0781
Acanthurus nubilus,022_gbif_4922008351.jpg,https://inaturalist-open-data.s3.amazonaws.com/photos/412462147/original.jpg,http://creativecommons.org/licenses/by-nc/4.0/,Malcolm Francis,4922008351,2000,1328,0.0123
Acanthurus nubilus,023_gbif_6188260983.jpg,https://inaturalist-open-data.s3.amazonaws.com/photos/634090006/original.jpg,http://creativecommons.org/licenses/by-nc/4.0/,National Coral Reef Monitoring Program - Pacific Region,6188260983,2048,1536,0.0409
Acanthurus nubilus,024_gbif_4910879560.jpg,https://inaturalist-open-data.s3.amazonaws.com/photos/408737982/original.jpg,http://creativecommons.org/licenses/by-nc/4.0/,Malcolm Francis,4910879560,2000,1375,0.0315
Acanthurus olivaceus,001_gbif_6129860009.jpg,https://inaturalist-open-data.s3.amazonaws.com/photos/609591158/original.jpg,http://creativecommons.org/licenses/by-nc/4.0/,Bobby Brittingham,6129860009,2048,946,0.0462
Acanthurus olivaceus,002_gbif_6130106446.jpg,https://inaturalist-open-data.s3.amazonaws.com/photos/609728199/original.jpg,http://creativecommons.org/licenses/by-nc/4.0/,Andrew Plant,6130106446,1425,1238,0.0406
Acanthurus olivaceus,003_gbif_6130161541.jpg,https://inaturalist-open-data.s3.amazonaws.com/photos/607534439/original.jpg,http://creativecommons.org/licenses/by/4.0/,cello caruso-turiello,6130161541,2048,1365,0.1381
Acanthurus olivaceus,004_gbif_6130596504.jpg,https://inaturalist-open-data.s3.amazonaws.com/photos/609385997/original.jpg,http://creativecommons.org/licenses/by-nc/4.0/,Leyton Reid,6130596504,2048,1536,0.022
Acanthurus olivaceus,005_gbif_6130613067.jpg,https://inaturalist-open-data.s3.amazonaws.com/photos/609379799/original.jpg,http://creativecommons.org/licenses/by-nc/4.0/,Leyton Reid,6130613067,2048,1536,0.0101
Acanthurus olivaceus,006_gbif_6130638987.jpg,https://inaturalist-open-data.s3.amazonaws.com/photos/609385124/original.jpg,http://creativecommons.org/licenses/by-nc/4.0/,Leyton Reid,6130638987,2048,1536,0.0234
Acanthurus olivaceus,007_gbif_6130723919.jpg,https://inaturalist-open-data.s3.amazonaws.com/photos/609863524/original.jpg,http://creativecommons.org/licenses/by-nc/4.0/,Leyton Reid,6130723919,2048,1536,0.0288
Acanthurus olivaceus,008_gbif_6130817568.jpg,https://inaturalist-open-data.s3.amazonaws.com/photos/610041279/original.jpg,http://creativecommons.org/licenses/by-nc/4.0/,Leyton Reid,6130817568,2048,1536,0.0123
Acanthurus olivaceus,009_gbif_6130871608.jpg,https://inaturalist-open-data.s3.amazonaws.com/photos/610039697/original.jpg,http://creativecommons.org/licenses/by-nc/4.0/,Leyton Reid,6130871608,2048,1536,0.0088
Acanthurus olivaceus,010_gbif_6131102490.jpg,https://inaturalist-open-data.s3.amazonaws.com/photos/609863513/original.jpg,http://creativecommons.org/licenses/by-nc/4.0/,Leyton Reid,6131102490,2048,1536,0.0127
Acanthurus olivaceus,011_gbif_6131205566.jpg,https://inaturalist-open-data.s3.amazonaws.com/photos/606769623/original.jpg,http://creativecommons.org/licenses/by-nc/4.0/,Tate Putman,6131205566,2048,1536,0.0113
Acanthurus olivaceus,012_gbif_6131263180.jpg,https://inaturalist-open-data.s3.amazonaws.com/photos/609385757/original.jpg,http://creativecommons.org/licenses/by-nc/4.0/,Leyton Reid,6131263180,2048,1536,0.0416
Acanthurus olivaceus,013_gbif_6131278677.jpg,https://inaturalist-open-data.s3.amazonaws.com/photos/609385854/original.jpg,http://creativecommons.org/licenses/by-nc/4.0/,Leyton Reid,6131278677,2048,1536,0.0141
Acanthurus olivaceus,014_gbif_6131614807.jpg,https://inaturalist-open-data.s3.amazonaws.com/photos/606221207/original.jpg,http://creativecommons.org/licenses/by-nc/4.0/,lwhitenack,6131614807,946,2048,0.0072
Acanthurus olivaceus,005_gbif_6131631882.jpg,https://inaturalist-open-data.s3.amazonaws.com/photos/609385756/original.jpg,http://creativecommons.org/licenses/by-nc/4.0/,Leyton Reid,6131631882,2048,1536,0.0131
Acanthurus olivaceus,016_gbif_6131633177.jpg,https://inaturalist-open-data.s3.amazonaws.com/photos/609385737/original.jpg,http://creativecommons.org/licenses/by-nc/4.0/,Leyton Reid,6131633177,2048,1536,0.0802
Acanthurus olivaceus,017_gbif_6131639797.jpg,https://inaturalist-open-data.s3.amazonaws.com/photos/609385874/original.jpg,http://creativecommons.org/licenses/by-nc/4.0/,Leyton Reid,6131639797,2048,1536,0.0339
Acanthurus olivaceus,009_gbif_6131666633.jpg,https://inaturalist-open-data.s3.amazonaws.com/photos/607641240/original.jpg,http://creativecommons.org/licenses/by-nc/4.0/,David R,6131666633,2048,1638,0.0585
Acanthurus olivaceus,011_gbif_6133240576.jpg,https://inaturalist-open-data.s3.amazonaws.com/photos/611112452/original.jpg,http://creativecommons.org/licenses/by-nc/4.0/,hummingbird19,6133240576,1596,898,0.0435
Acanthurus olivaceus,012_gbif_6133426909.jpg,https://inaturalist-open-data.s3.amazonaws.com/photos/611830928/original.jpg,http://creativecommons.org/licenses/by-nc/4.0/,Curtis Hart,6133426909,2048,1536,0.0261
Acanthurus olivaceus,015_gbif_6133434499.jpg,https://inaturalist-open-data.s3.amazonaws.com/photos/611138194/original.jpg,http://creativecommons.org/licenses/by-nc/4.0/,hummingbird19,6133434499,2048,1152,0.1266
Acanthurus olivaceus,022_gbif_6147638595.jpg,https://inaturalist-open-data.s3.amazonaws.com/photos/612948656/original.jpg,http://creativecommons.org/publicdomain/zero/1.0/,bitsandbugs,6147638595,2048,1152,0.0872
Acanthurus olivaceus,023_gbif_6162855513.jpg,https://inaturalist-open-data.s3.amazonaws.com/photos/617381106/original.jpg,http://creativecommons.org/licenses/by-nc/4.0/,Andy McGeoch,6162855513,2048,1276,0.0095
Acanthurus olivaceus,020_gbif_6163090414.jpg,https://inaturalist-open-data.s3.amazonaws.com/photos/617110806/original.jpg,http://creativecommons.org/licenses/by-nc/4.0/,Stypnzelda,6163090414,2048,1152,0.0247
Acanthurus pyroferus,001_gbif_6129834391.jpg,https://inaturalist-open-data.s3.amazonaws.com/photos/609801907/original.jpg,http://creativecommons.org/licenses/by-nc/4.0/,Jodie,6129834391,2048,1536,0.0387
Acanthurus pyroferus,002_gbif_6130270764.jpg,https://inaturalist-open-data.s3.amazonaws.com/photos/609579010/original.jpg,http://creativecommons.org/licenses/by-nc/4.0/,hokoonwong,6130270764,2048,1536,0.0431
Acanthurus pyroferus,003_gbif_6130489014.jpg,https://inaturalist-open-data.s3.amazonaws.com/photos/608855491/original.jpg,http://creativecommons.org/licenses/by-nc/4.0/,Jodie,6130489014,2048,1536,0.0904
Acanthurus pyroferus,004_gbif_6130716997.jpg,https://inaturalist-open-data.s3.amazonaws.com/photos/610093828/original.jpg,http://creativecommons.org/licenses/by-nc/4.0/,Curtis Hart,6130716997,1188,891,0.0976
Acanthurus pyroferus,005_gbif_6130862367.jpg,https://inaturalist-open-data.s3.amazonaws.com/photos/607547785/original.jpg,http://creativecommons.org/licenses/by/4.0/,cello caruso-turiello,6130862367,2048,1365,0.0132
Acanthurus pyroferus,006_gbif_6131037588.jpg,https://inaturalist-open-data.s3.amazonaws.com/photos/607524000/original.jpg,http://creativecommons.org/licenses/by/4.0/,cello caruso-turiello,6131037588,2048,1365,0.0254
Acanthurus pyroferus,007_gbif_6131535252.jpg,https://inaturalist-open-data.s3.amazonaws.com/photos/607523797/original.jpg,http://creativecommons.org/licenses/by/4.0/,cello caruso-turiello,6131535252,2048,1365,0.0403
Acanthurus pyroferus,008_gbif_6147268697.jpg,https://inaturalist-open-data.s3.amazonaws.com/photos/614338095/original.jpg,http://creativecommons.org/licenses/by/4.0/,Eric Knight,6147268697,1920,1080,0.1086
Acanthurus pyroferus,009_gbif_6147513780.jpg,https://inaturalist-open-data.s3.amazonaws.com/photos/614314250/original.jpg,http://creativecommons.org/licenses/by/4.0/,Eric Knight,6147513780,1920,1080,0.0562
Acanthurus pyroferus,010_gbif_6147296356.jpg,https://inaturalist-open-data.s3.amazonaws.com/photos/613844190/original.jpg,http://creativecommons.org/licenses/by-nc/4.0/,Curtis Hart,6147296356,2048,1536,0.0645
Acanthurus pyroferus,011_gbif_6159287416.jpg,https://inaturalist-open-data.s3.amazonaws.com/photos/615968519/original.jpg,http://creativecommons.org/licenses/by-nc/4.0/,Curtis Hart,6159287416,2048,1536,0.0267
Acanthurus pyroferus,012_gbif_6159387608.jpg,https://inaturalist-open-data.s3.amazonaws.com/photos/615968524/original.jpg,http://creativecommons.org/licenses/by-nc/4.0/,Curtis Hart,6159387608,2048,1536,0.0255
Acanthurus pyroferus,013_gbif_6159662081.jpg,https://inaturalist-open-data.s3.amazonaws.com/photos/615492682/original.jpg,http://creativecommons.org/licenses/by/4.0/,Nicola Crockford,6159662081,1585,892,0.033
Acanthurus pyroferus,014_gbif_6162765718.jpg,https://inaturalist-open-data.s3.amazonaws.com/photos/617065926/original.jpg,http://creativecommons.org/licenses/by/4.0/,Nicola Crockford,6162765718,1777,999,0.0289
Acanthurus pyroferus,015_gbif_6163164787.jpg,https://inaturalist-open-data.s3.amazonaws.com/photos/618081835/original.jpg,http://creativecommons.org/licenses/by-nc/4.0/,Ingo Rogalla,6163164787,2048,1363,0.0294
Acanthurus pyroferus,016_gbif_6163278980.jpg,https://inaturalist-open-data.s3.amazonaws.com/photos/617647257/original.jpg,http://creativecommons.org/licenses/by-nc/4.0/,Curtis Hart,6163278980,2048,1535,0.0319
Acanthurus pyroferus,017_gbif_6171015546.jpg,https://inaturalist-open-data.s3.amazonaws.com/photos/619772955/original.jpg,http://creativecommons.org/licenses/by-nc/4.0/,Curtis Hart,6171015546,2048,1536,0.0427
Acanthurus pyroferus,018_gbif_6178522351.jpg,https://inaturalist-open-data.s3.amazonaws.com/photos/620906675/original.jpg,http://creativecommons.org/licenses/by-nc/4.0/,sisi_ze,6178522351,2048,1536,0.3365
Acanthurus pyroferus,019_gbif_6178438804.jpg,https://inaturalist-open-data.s3.amazonaws.com/photos/622035369/original.jpg,http://creativecommons.org/licenses/by-nc/4.0/,wild___max,6178438804,2048,1536,0.09
Acanthurus pyroferus,020_gbif_6178526652.jpg,https://inaturalist-open-data.s3.amazonaws.com/photos/622366157/original.jpg,http://creativecommons.org/licenses/by/4.0/,Debra Baker,6178526652,2048,1536,0.0549
Acanthurus pyroferus,021_gbif_6179295634.jpg,https://inaturalist-open-data.s3.amazonaws.com/photos/624137512/original.jpg,http://creativecommons.org/licenses/by-nc/4.0/,Kent Ross,6179295634,2048,2042,0.0278
Acanthurus pyroferus,022_gbif_6179344278.jpg,https://inaturalist-open-data.s3.amazonaws.com/photos/625273779/original.jpg,http://creativecommons.org/licenses/by/4.0/,Debra Baker,6179344278,2048,1536,0.0504
Acanthurus pyroferus,023_gbif_6179427440.jpg,https://inaturalist-open-data.s3.amazonaws.com/photos/622035354/original.jpg,http://creativecommons.org/licenses/by-nc/4.0/,wild___max,6179427440,2048,1536,0.0495
Acanthurus pyroferus,024_gbif_6179474992.jpg,https://inaturalist-open-data.s3.amazonaws.com/photos/621950497/original.jpg,http://creativecommons.org/licenses/by-nc/4.0/,Curtis Hart,6179474992,2048,1536,0.0461
Acanthurus sohal,001_gbif_5938354441.jpg,https://inaturalist-open-data.s3.amazonaws.com/photos/605740102/original.jpg,http://creativecommons.org/licenses/by-nc/4.0/,Boris,5938354441,2048,1536,0.1315
Acanthurus sohal,002_gbif_6129838368.jpg,https://inaturalist-open-data.s3.amazonaws.com/photos/606113969/original.jpg,http://creativecommons.org/licenses/by-nc/4.0/,Boris,6129838368,2048,1427,0.0801
Acanthurus sohal,003_gbif_6130043535.jpg,https://inaturalist-open-data.s3.amazonaws.com/photos/607915919/original.jpg,http://creativecommons.org/licenses/by-nc/4.0/,nardine_saleh,6130043535,2048,1536,0.0712
Acanthurus sohal,004_gbif_6130089347.jpg,https://inaturalist-open-data.s3.amazonaws.com/photos/606364992/original.jpg,http://creativecommons.org/licenses/by-nc/4.0/,Boris,6130089347,1940,1289,0.1218
Acanthurus sohal,005_gbif_6130118478.jpg,https://inaturalist-open-data.s3.amazonaws.com/photos/605876080/original.jpg,http://creativecommons.org/licenses/by-nc/4.0/,Boris,6130118478,2048,1536,0.1321
Acanthurus sohal,006_gbif_6130244679.jpg,https://inaturalist-open-data.s3.amazonaws.com/photos/607395633/original.jpg,http://creativecommons.org/licenses/by-nc/4.0/,nardine_saleh,6130244679,2048,1536,0.0706
Acanthurus sohal,007_gbif_6130597396.jpg,https://inaturalist-open-data.s3.amazonaws.com/photos/610765938/original.jpg,http://creativecommons.org/licenses/by-nc/4.0/,emajorova,6130597396,1841,1496,0.0599
Acanthurus sohal,008_gbif_6130700237.jpg,https://inaturalist-open-data.s3.amazonaws.com/photos/606142583/original.jpg,http://creativecommons.org/licenses/by-nc/4.0/,Boris,6130700237,1222,1258,0.2024
Acanthurus sohal,009_gbif_6130719274.jpg,https://inaturalist-open-data.s3.amazonaws.com/photos/606838060/original.jpg,http://creativecommons.org/licenses/by-nc/4.0/,Boris,6130719274,1609,1250,0.1956
Acanthurus sohal,010_gbif_6130992858.jpg,https://inaturalist-open-data.s3.amazonaws.com/photos/607915730/original.jpg,http://creativecommons.org/licenses/by-nc/4.0/,nardine_saleh,6130992858,2048,1536,0.0959
Acanthurus sohal,011_gbif_6131003123.jpg,https://inaturalist-open-data.s3.amazonaws.com/photos/610774928/original.jpg,http://creativecommons.org/licenses/by-nc/4.0/,emajorova,6131003123,1504,1501,0.0316
Acanthurus sohal,012_gbif_6131006132.jpg,https://inaturalist-open-data.s3.amazonaws.com/photos/606826011/original.jpg,http://creativecommons.org/licenses/by-nc/4.0/,ferencnemeth,6131006132,2048,1365,0.0079
Acanthurus sohal,013_gbif_6131087218.jpg,https://inaturalist-open-data.s3.amazonaws.com/photos/610768021/original.jpg,http://creativecommons.org/licenses/by-nc/4.0/,emajorova,6131087218,2048,2032,0.0502
Acanthurus sohal,014_gbif_6131165795.jpg,https://inaturalist-open-data.s3.amazonaws.com/photos/606626497/original.jpg,http://creativecommons.org/licenses/by-nc/4.0/,Boris,6131165795,1651,1513,0.0964
Acanthurus sohal,015_gbif_6131233874.jpg,https://inaturalist-open-data.s3.amazonaws.com/photos/608588845/original.jpg,http://creativecommons.org/licenses/by-nc/4.0/,nagygg,6131233874,2048,894,0.0377
Acanthurus sohal,016_gbif_6131238380.jpg,https://inaturalist-open-data.s3.amazonaws.com/photos/606838163/original.jpg,http://creativecommons.org/licenses/by-nc/4.0/,Boris,6131238380,2048,1536,0.1647
Acanthurus sohal,017_gbif_6131525259.jpg,https://inaturalist-open-data.s3.amazonaws.com/photos/606111422/original.jpg,http://creativecommons.org/licenses/by-nc/4.0/,Boris,6131525259,1680,1238,0.0824
Acanthurus sohal,018_gbif_6131579061.jpg,https://inaturalist-open-data.s3.amazonaws.com/photos/610767978/original.jpg,http://creativecommons.org/licenses/by-nc/4.0/,emajorova,6131579061,1736,1755,0.0499
Acanthurus sohal,019_gbif_6133036965.jpg,https://inaturalist-open-data.s3.amazonaws.com/photos/611895919/original.jpg,http://creativecommons.org/licenses/by-nc/4.0/,Brenton Prigge,6133036965,2048,1536,0.0287
Acanthurus sohal,020_gbif_6133109949.jpg,https://inaturalist-open-data.s3.amazonaws.com/photos/612232195/original.jpg,http://creativecommons.org/licenses/by-nc/4.0/,Matteo Pia,6133109949,2048,1152,0.1671
Acanthurus sohal,021_gbif_6133200826.jpg,https://inaturalist-open-data.s3.amazonaws.com/photos/612154136/original.jpg,http://creativecommons.org/licenses/by-nc/4.0/,nardine_saleh,6133200826,2048,1536,0.1
Acanthurus sohal,022_gbif_6133229711.jpg,https://inaturalist-open-data.s3.amazonaws.com/photos/612486015/original.jpg,http://creativecommons.org/licenses/by-nc/4.0/,Jurga Motiejūnaitė,6133229711,1484,1145,0.0374
Acanthurus sohal,023_gbif_6133264969.jpg,https://inaturalist-open-data.s3.amazonaws.com/photos/611869382/original.jpg,http://creativecommons.org/licenses/by-nc/4.0/,Brenton Prigge,6133264969,2048,1536,0.0744
Acanthurus sohal,024_gbif_6133335300.jpg,https://inaturalist-open-data.s3.amazonaws.com/photos/611389532/original.jpg,http://creativecommons.org/licenses/by-nc/4.0/,nardine_saleh,6133335300,2048,1536,0.0498
Acanthurus tennentii,001_gbif_6129908624.jpg,https://inaturalist-open-data.s3.amazonaws.com/photos/607263417/original.jpg,http://creativecommons.org/licenses/by-nc/4.0/,Dev Simpkins,6129908624,2048,1364,0.0944
Acanthurus tennentii,002_gbif_6235388992.jpg,https://inaturalist-open-data.s3.amazonaws.com/photos/639248175/original.jpg,http://creativecommons.org/licenses/by-nc/4.0/,aitorindo,6235388992,862,968,0.1896
Acanthurus tennentii,003_gbif_6179540468.jpg,https://inaturalist-open-data.s3.amazonaws.com/photos/623499219/original.jpg,http://creativecommons.org/licenses/by-nc/4.0/,icaa80,6179540468,1833,1833,0.0055
Acanthurus tennentii,004_gbif_6334067774.jpg,https://inaturalist-open-data.s3.amazonaws.com/photos/640255910/original.jpg,http://creativecommons.org/licenses/by-nc/4.0/,nickbuys,6334067774,1229,1084,0.2628
Acanthurus tennentii,005_gbif_6236040585.jpg,https://inaturalist-open-data.s3.amazonaws.com/photos/638482962/original.jpg,http://creativecommons.org/licenses/by/4.0/,Lisa_James,6236040585,2048,1368,0.0362
Acanthurus tennentii,005_gbif_6422201755.jpg,https://inaturalist-open-data.s3.amazonaws.com/photos/686108272/original.jpg,http://creativecommons.org/licenses/by-nc/4.0/,Elke van der Walt,6422201755,2048,1536,0.0574
Acanthurus tennentii,007_gbif_5063782873.jpg,https://inaturalist-open-data.s3.amazonaws.com/photos/468006164/original.jpg,http://creativecommons.org/licenses/by-nc/4.0/,Marcus Hui,5063782873,1524,1143,0.0525
Acanthurus tennentii,006_gbif_5077072764.jpeg,https://inaturalist-open-data.s3.amazonaws.com/photos/472255683/original.jpeg,http://creativecommons.org/licenses/by-nc/4.0/,Nick Helme,5077072764,2048,1451,0.0154
Acanthurus tennentii,007_gbif_5087395495.jpg,https://inaturalist-open-data.s3.amazonaws.com/photos/473584380/original.jpg,http://creativecommons.org/licenses/by-nc/4.0/,daniellegeschiere,5087395495,2048,1643,0.0928
Acanthurus tennentii,008_gbif_5108364528.jpeg,https://inaturalist-open-data.s3.amazonaws.com/photos/480637966/original.jpeg,http://creativecommons.org/licenses/by-nc/4.0/,Edesse Begue,5108364528,2048,1151,0.0592
Acanthurus tennentii,009_gbif_6185323657.jpg,https://inaturalist-open-data.s3.amazonaws.com/photos/628402920/original.jpg,http://creativecommons.org/licenses/by-nc/4.0/,Pierre Malan,6185323657,2048,1301,0.2041
Acanthurus tennentii,012_gbif_6399485892.jpg,https://inaturalist-open-data.s3.amazonaws.com/photos/672169687/original.jpg,http://creativecommons.org/licenses/by-nc/4.0/,mimsa,6399485892,1424,1185,0.0314
Acanthurus tennentii,010_gbif_6400002781.jpg,https://inaturalist-open-data.s3.amazonaws.com/photos/674770569/original.jpg,http://creativecommons.org/licenses/by-nc/4.0/,mimsa,6400002781,2048,1689,0.0586
Acanthurus tennentii,011_gbif_6400143229.jpg,https://inaturalist-open-data.s3.amazonaws.com/photos/676529840/original.jpg,http://creativecommons.org/licenses/by-nc/4.0/,mimsa,6400143229,1503,1131,0.0553
Acanthurus tennentii,012_gbif_5134378358.jpg,https://inaturalist-open-data.s3.amazonaws.com/photos/483428750/original.jpg,http://creativecommons.org/licenses/by-nc/4.0/,aspearton,5134378358,2048,1536,0.1386
Acanthurus tennentii,013_gbif_5140787384.jpg,https://inaturalist-open-data.s3.amazonaws.com/photos/494889817/original.jpg,http://creativecommons.org/licenses/by-nc/4.0/,aspearton,5140787384,2048,1536,0.0724
Acanthurus tennentii,014_gbif_5153240362.jpg,https://inaturalist-open-data.s3.amazonaws.com/photos/503110311/original.jpg,http://creativecommons.org/licenses/by-nc/4.0/,martinradner,5153240362,2048,1152,0.0583
Acanthurus tennentii,015_gbif_5828909131.jpg,https://inaturalist-open-data.s3.amazonaws.com/photos/561794667/original.jpg,http://creativecommons.org/licenses/by-nc/4.0/,James Lefebvre,5828909131,1152,2048,0.0203
Acanthurus tennentii,019_gbif_6171209693.jpg,https://inaturalist-open-data.s3.amazonaws.com/photos/497610227/original.jpg,http://creativecommons.org/licenses/by-nc/4.0/,Clinton Duffy,6171209693,1499,1002,0.05
Acanthurus tennentii,020_gbif_5282005999.jpg,https://inaturalist-open-data.s3.amazonaws.com/photos/546481412/original.jpg,http://creativecommons.org/licenses/by-nc/4.0/,James Lefebvre,5282005999,1152,2048,0.0224
Acanthurus tennentii,017_gbif_5215860730.jpg,https://inaturalist-open-data.s3.amazonaws.com/photos/531344125/original.jpg,http://creativecommons.org/licenses/by-nc/4.0/,Peter Swart,5215860730,2048,1536,0.1311
Acanthurus tennentii,019_gbif_5216532707.jpg,https://inaturalist-open-data.s3.amazonaws.com/photos/531348347/original.jpg,http://creativecommons.org/licenses/by-nc/4.0/,Peter Swart,5216532707,2028,1521,0.0302
Acanthurus tennentii,023_gbif_5217012884.jpg,https://inaturalist-open-data.s3.amazonaws.com/photos/524474019/original.jpg,http://creativecommons.org/licenses/by-nc/4.0/,Kendall Ash,5217012884,1125,1528,0.2248
Acanthurus tennentii,023_gbif_5920386740.jpg,https://inaturalist-open-data.s3.amazonaws.com/photos/597922640/original.jpg,http://creativecommons.org/licenses/by-nc/4.0/,Sylvain Le Bris,5920386740,1600,1200,0.0538
Acanthurus tractus,001_gbif_5938051346.jpg,https://inaturalist-open-data.s3.amazonaws.com/photos/604948475/original.jpg,http://creativecommons.org/licenses/by-nc/4.0/,Carson,5938051346,946,2048,0.1395
Acanthurus tractus,002_gbif_5938094970.jpg,https://inaturalist-open-data.s3.amazonaws.com/photos/604661243/original.jpg,http://creativecommons.org/licenses/by-nc/4.0/,Sheldon Logan,5938094970,2048,1536,0.0408
Acanthurus tractus,003_gbif_5938168848.jpg,https://inaturalist-open-data.s3.amazonaws.com/photos/604793636/original.jpg,http://creativecommons.org/licenses/by-nc/4.0/,mkfierke,5938168848,1204,1052,0.0344
Acanthurus tractus,004_gbif_5938233806.jpg,https://inaturalist-open-data.s3.amazonaws.com/photos/604787724/original.jpg,http://creativecommons.org/licenses/by-nc/4.0/,mkfierke,5938233806,1852,1179,0.0338
Acanthurus tractus,002_gbif_5938348998.jpg,https://inaturalist-open-data.s3.amazonaws.com/photos/604601418/original.jpg,http://creativecommons.org/licenses/by-nc/4.0/,Guillaume Martin,5938348998,1580,1168,0.0719
Acanthurus tractus,006_gbif_5938404172.jpg,https://inaturalist-open-data.s3.amazonaws.com/photos/605445735/original.jpg,http://creativecommons.org/licenses/by-nc/4.0/,Guillaume Martin,5938404172,1591,1161,0.1146
Acanthurus tractus,007_gbif_5938578332.jpg,https://inaturalist-open-data.s3.amazonaws.com/photos/605447339/original.jpg,http://creativecommons.org/licenses/by-nc/4.0/,Guillaume Martin,5938578332,2048,1536,0.1454
Acanthurus tractus,003_gbif_5938680425.jpg,https://inaturalist-open-data.s3.amazonaws.com/photos/604597890/original.jpg,http://creativecommons.org/licenses/by-nc/4.0/,Guillaume Martin,5938680425,1424,1036,0.1237
Acanthurus tractus,004_gbif_5938715894.jpg,https://inaturalist-open-data.s3.amazonaws.com/photos/605553284/original.jpg,http://creativecommons.org/licenses/by-nc/4.0/,Taylor Justason,5938715894,1347,1796,0.1417
Acanthurus tractus,005_gbif_6129882465.jpg,https://inaturalist-open-data.s3.amazonaws.com/photos/610528787/original.jpg,http://creativecommons.org/licenses/by-nc/4.0/,Guillaume Martin,6129882465,1607,1198,0.1485
Acanthurus tractus,006_gbif_6129891362.jpg,https://inaturalist-open-data.s3.amazonaws.com/photos/608968042/original.jpg,http://creativecommons.org/licenses/by-nc/4.0/,Guillaume Martin,6129891362,1798,1286,0.0475
Acanthurus tractus,007_gbif_6129898385.jpg,https://inaturalist-open-data.s3.amazonaws.com/photos/610835807/original.jpg,http://creativecommons.org/licenses/by-nc/4.0/,Guillaume Martin,6129898385,2048,1608,0.0997
Acanthurus tractus,013_gbif_6129907429.jpg,https://inaturalist-open-data.s3.amazonaws.com/photos/606205035/original.jpg,http://creativecommons.org/licenses/by-nc/4.0/,Sheldon Logan,6129907429,2048,1536,0.0399
Acanthurus tractus,008_gbif_6130129856.jpg,https://inaturalist-open-data.s3.amazonaws.com/photos/607339920/original.jpg,http://creativecommons.org/licenses/by-nc/4.0/,gelamothe,6130129856,2048,1536,0.1213
Acanthurus tractus,015_gbif_6130133888.jpg,https://inaturalist-open-data.s3.amazonaws.com/photos/607309069/original.jpg,http://creativecommons.org/licenses/by-nc/4.0/,swimedward,6130133888,2048,1536,0.0093
Acanthurus tractus,010_gbif_6130153277.jpg,https://inaturalist-open-data.s3.amazonaws.com/photos/610527555/original.jpg,http://creativecommons.org/licenses/by-nc/4.0/,Guillaume Martin,6130153277,2048,1448,0.0991
Acanthurus tractus,017_gbif_6130255350.jpg,https://inaturalist-open-data.s3.amazonaws.com/photos/608997753/original.jpg,http://creativecommons.org/licenses/by/4.0/,Jan Ebr & Ivana Ebrová,6130255350,2048,1513,0.1479
Acanthurus tractus,013_gbif_6130285581.jpg,https://inaturalist-open-data.s3.amazonaws.com/photos/606875782/original.jpg,http://creativecommons.org/licenses/by-nc/4.0/,naturalistfishing,6130285581,2048,1518,0.023
Acanthurus tractus,015_gbif_6130554762.jpg,https://inaturalist-open-data.s3.amazonaws.com/photos/607547991/original.jpg,http://creativecommons.org/licenses/by-nc/4.0/,bladen02,6130554762,2048,1536,0.1729
Acanthurus tractus,020_gbif_6130586345.jpg,https://inaturalist-open-data.s3.amazonaws.com/photos/606784786/original.jpg,http://creativecommons.org/licenses/by-nc/4.0/,swimedward,6130586345,2048,1536,0.2366
Acanthurus tractus,021_gbif_6130593965.jpg,https://inaturalist-open-data.s3.amazonaws.com/photos/607547614/original.jpg,http://creativecommons.org/licenses/by-nc/4.0/,bladen02,6130593965,2048,1536,0.044
Acanthurus tractus,018_gbif_6130600514.jpg,https://inaturalist-open-data.s3.amazonaws.com/photos/609975190/original.jpg,http://creativecommons.org/licenses/by-nc/4.0/,MAEL ANDRIEUX,6130600514,2048,1155,0.0703
Acanthurus tractus,023_gbif_6130636775.jpg,https://inaturalist-open-data.s3.amazonaws.com/photos/610569717/original.jpg,http://creativecommons.org/licenses/by-nc/4.0/,Justin Ellis-Joyce,6130636775,2048,1365,0.0232
Acanthurus tractus,021_gbif_6130663251.jpg,https://inaturalist-open-data.s3.amazonaws.com/photos/607547169/original.jpg,http://creativecommons.org/licenses/by-nc/4.0/,bladen02,6130663251,2048,1536,0.036
Acanthurus triostegus,001_gbif_5938068992.jpg,https://inaturalist-open-data.s3.amazonaws.com/photos/605214092/original.jpg,http://creativecommons.org/licenses/by-nc/4.0/,Caroline Wolfe-Merritt,5938068992,2048,1536,0.0919
Acanthurus triostegus,002_gbif_5938136869.jpg,https://inaturalist-open-data.s3.amazonaws.com/photos/605274146/original.jpg,http://creativecommons.org/licenses/by-nc/4.0/,hummingbird19,5938136869,1902,1070,0.1564
Acanthurus triostegus,003_gbif_5938241817.jpg,https://inaturalist-open-data.s3.amazonaws.com/photos/605214041/original.jpg,http://creativecommons.org/licenses/by-nc/4.0/,Caroline Wolfe-Merritt,5938241817,2048,1473,0.0913
Acanthurus triostegus,004_gbif_5938286735.jpg,https://inaturalist-open-data.s3.amazonaws.com/photos/605212953/original.jpg,http://creativecommons.org/licenses/by-nc/4.0/,Masunosuke,5938286735,2048,1536,0.0091
Acanthurus triostegus,005_gbif_5938440470.jpg,https://inaturalist-open-data.s3.amazonaws.com/photos/605273731/original.jpg,http://creativecommons.org/licenses/by-nc/4.0/,hummingbird19,5938440470,1725,970,0.2276
Acanthurus triostegus,006_gbif_5938457872.jpg,https://inaturalist-open-data.s3.amazonaws.com/photos/605299830/original.jpg,http://creativecommons.org/licenses/by-nc/4.0/,Ben Stubbs,5938457872,1536,2048,0.0776
Acanthurus triostegus,007_gbif_6129816455.jpg,https://inaturalist-open-data.s3.amazonaws.com/photos/608069755/original.jpg,http://creativecommons.org/licenses/by-nc/4.0/,acadiasunrise,6129816455,2048,1536,0.0055
Acanthurus triostegus,008_gbif_6129862686.jpg,https://inaturalist-open-data.s3.amazonaws.com/photos/609618082/original.jpg,http://creativecommons.org/licenses/by-nc/4.0/,Leyton Reid,6129862686,2048,1536,0.0046
Acanthurus triostegus,009_gbif_6129886066.jpg,https://inaturalist-open-data.s3.amazonaws.com/photos/609379923/original.jpg,http://creativecommons.org/licenses/by-nc/4.0/,Leyton Reid,6129886066,2048,1536,0.0532
Acanthurus triostegus,010_gbif_6129887144.jpg,https://inaturalist-open-data.s3.amazonaws.com/photos/609383393/original.jpg,http://creativecommons.org/licenses/by-nc/4.0/,Leyton Reid,6129887144,2048,1536,0.0059
Acanthurus triostegus,011_gbif_6129891207.jpg,https://inaturalist-open-data.s3.amazonaws.com/photos/609618050/original.jpg,http://creativecommons.org/licenses/by-nc/4.0/,Leyton Reid,6129891207,2048,1536,0.0138
Acanthurus triostegus,012_gbif_6129899589.jpg,https://inaturalist-open-data.s3.amazonaws.com/photos/609330458/original.jpg,http://creativecommons.org/licenses/by-nc/4.0/,pnw.wildlife2001,6129899589,1536,2048,0.0456
Acanthurus triostegus,013_gbif_6129906052.jpg,https://inaturalist-open-data.s3.amazonaws.com/photos/606797297/original.jpg,http://creativecommons.org/licenses/by-nc/4.0/,Dev Simpkins,6129906052,2048,1139,0.0363
Acanthurus triostegus,014_gbif_6129935772.jpg,https://inaturalist-open-data.s3.amazonaws.com/photos/609379815/original.jpg,http://creativecommons.org/licenses/by-nc/4.0/,Leyton Reid,6129935772,2048,1536,0.0127
Acanthurus triostegus,015_gbif_6129952676.jpg,https://inaturalist-open-data.s3.amazonaws.com/photos/609385874/original.jpg,http://creativecommons.org/licenses/by-nc/4.0/,Leyton Reid,6129952676,2048,1536,0.0339
Acanthurus triostegus,016_gbif_6130014861.jpg,https://inaturalist-open-data.s3.amazonaws.com/photos/611028324/original.jpg,http://creativecommons.org/licenses/by-nc/4.0/,Steve Hampton,6130014861,2048,1232,0.063
Acanthurus triostegus,017_gbif_6130042286.jpg,https://inaturalist-open-data.s3.amazonaws.com/photos/610054711/original.jpg,http://creativecommons.org/licenses/by-nc/4.0/,jrwinter,6130042286,1152,2048,0.0336
Acanthurus triostegus,018_gbif_6130109645.jpg,https://inaturalist-open-data.s3.amazonaws.com/photos/609383481/original.jpg,http://creativecommons.org/licenses/by-nc/4.0/,Leyton Reid,6130109645,2048,1536,0.0183
Acanthurus triostegus,019_gbif_6130126677.jpg,https://inaturalist-open-data.s3.amazonaws.com/photos/609615139/original.jpg,http://creativecommons.org/licenses/by-nc/4.0/,Leyton Reid,6130126677,2048,1536,0.0098
Acanthurus triostegus,020_gbif_6130146954.jpg,https://inaturalist-open-data.s3.amazonaws.com/photos/609443962/original.jpg,http://creativecommons.org/licenses/by-nc/4.0/,lucyc42,6130146954,1178,1045,0.0854
Acanthurus triostegus,021_gbif_6130198838.jpg,https://inaturalist-open-data.s3.amazonaws.com/photos/607286350/original.jpg,http://creativecommons.org/licenses/by-nc/4.0/,Wade Hadwen,6130198838,2048,1152,0.0076
Acanthurus triostegus,022_gbif_6130199953.jpg,https://inaturalist-open-data.s3.amazonaws.com/photos/608769902/original.jpg,http://creativecommons.org/licenses/by/4.0/,Susan Prior,6130199953,1500,1500,0.1419
Acanthurus triostegus,023_gbif_6130305544.jpg,https://inaturalist-open-data.s3.amazonaws.com/photos/609383269/original.jpg,http://creativecommons.org/licenses/by-nc/4.0/,Leyton Reid,6130305544,2048,1536,0.0074
Acanthurus triostegus,024_gbif_6130349880.jpg,https://inaturalist-open-data.s3.amazonaws.com/photos/610039713/original.jpg,http://creativecommons.org/licenses/by-nc/4.0/,Leyton Reid,6130349880,2048,1536,0.0091
Acanthurus tristis,001_gbif_6178861558.jpg,https://inaturalist-open-data.s3.amazonaws.com/photos/622376829/original.jpg,http://creativecommons.org/licenses/by-nc/4.0/,Jens Sommer-Knudsen,6178861558,2048,1365,0.2118
Acanthurus tristis,002_gbif_6159660646.jpg,https://inaturalist-open-data.s3.amazonaws.com/photos/615478141/original.jpg,http://creativecommons.org/licenses/by-nc/4.0/,tuuret,6159660646,1152,2048,0.1526
Acanthurus tristis,003_gbif_6185319098.jpg,https://inaturalist-open-data.s3.amazonaws.com/photos/626041927/original.jpg,http://creativecommons.org/licenses/by-nc/4.0/,Suzu Sato,6185319098,2048,1536,0.0604
Acanthurus tristis,004_gbif_6441168825.jpg,https://inaturalist-open-data.s3.amazonaws.com/photos/697023415/original.jpg,http://creativecommons.org/licenses/by-nc/4.0/,sisi_ze,6441168825,2048,1536,0.2612
Acanthurus tristis,005_gbif_5076925129.jpeg,https://inaturalist-open-data.s3.amazonaws.com/photos/471584154/original.jpeg,http://creativecommons.org/licenses/by-nc/4.0/,Pauline Rico,5076925129,2048,1536,0.0792
Acanthurus tristis,006_gbif_5897434491.jpg,https://inaturalist-open-data.s3.amazonaws.com/photos/585178493/original.jpg,http://creativecommons.org/licenses/by-nc/4.0/,Aditya Gadkari,5897434491,2048,1536,0.0572
Acanthurus tristis,007_gbif_5077199435.jpeg,https://inaturalist-open-data.s3.amazonaws.com/photos/472464452/original.jpeg,http://creativecommons.org/licenses/by-nc/4.0/,Pauline Rico,5077199435,2048,1966,0.0464
Acanthurus tristis,008_gbif_5134272207.jpeg,https://inaturalist-open-data.s3.amazonaws.com/photos/483391785/original.jpeg,http://creativecommons.org/licenses/by-nc/4.0/,davidbeo,5134272207,2048,1364,0.0261
Acanthurus tristis,009_gbif_5134315205.jpeg,https://inaturalist-open-data.s3.amazonaws.com/photos/487813551/original.jpeg,http://creativecommons.org/licenses/by-nc/4.0/,davidbeo,5134315205,2048,1369,0.0286
Acanthurus tristis,010_gbif_5828395097.jpg,https://inaturalist-open-data.s3.amazonaws.com/photos/565058488/original.jpg,http://creativecommons.org/licenses/by/4.0/,Borja Fierro,5828395097,2048,1727,0.0101
Acanthurus tristis,011_gbif_5936197355.jpg,https://inaturalist-open-data.s3.amazonaws.com/photos/602118085/original.jpg,http://creativecommons.org/licenses/by/4.0/,Borja Fierro,5936197355,2048,1536,0.0545
Acanthurus tristis,012_gbif_6333866913.jpg,https://inaturalist-open-data.s3.amazonaws.com/photos/664996278/original.jpg,http://creativecommons.org/licenses/by-nc/4.0/,KJA,6333866913,1460,2048,0.006
Acanthurus tristis,013_gbif_4522810612.jpeg,https://inaturalist-open-data.s3.amazonaws.com/photos/351288640/original.jpeg,http://creativecommons.org/licenses/by-nc/4.0/,Thomas Menut,4522810612,2048,1367,0.0228
Acanthurus tristis,014_gbif_4926307452.jpg,https://inaturalist-open-data.s3.amazonaws.com/photos/405348641/original.jpg,http://creativecommons.org/publicdomain/zero/1.0/,Olly Morgan,4926307452,893,853,0.0173
Acanthurus tristis,015_gbif_4976242777.jpeg,https://inaturalist-open-data.s3.amazonaws.com/photos/444284377/original.jpeg,http://creativecommons.org/licenses/by-nc/4.0/,Marleen Schouten,4976242777,2048,1155,0.1473
Acanthurus tristis,016_gbif_5008009570.jpg,https://inaturalist-open-data.s3.amazonaws.com/photos/453230554/original.jpg,http://creativecommons.org/licenses/by-nc/4.0/,Martin Holladay,5008009570,2048,1524,0.2468
Acanthurus tristis,017_gbif_5897229589.jpg,https://inaturalist-open-data.s3.amazonaws.com/photos/590898480/original.jpg,http://creativecommons.org/licenses/by-nc/4.0/,Doug W,5897229589,2048,1365,0.0517
Acanthurus tristis,018_gbif_5008190987.jpg,https://inaturalist-open-data.s3.amazonaws.com/photos/318069290/original.jpg,http://creativecommons.org/licenses/by-nc/4.0/,wenzel17007,5008190987,1586,1208,0.171
Acanthurus tristis,019_gbif_3892375696.jpeg,https://inaturalist-open-data.s3.amazonaws.com/photos/221650167/original.jpeg,http://creativecommons.org/licenses/by-nc/4.0/,Rinaldi Gotama,3892375696,2048,1536,0.128
Acanthurus tristis,020_gbif_3892431548.jpeg,https://inaturalist-open-data.s3.amazonaws.com/photos/221194345/original.jpeg,http://creativecommons.org/licenses/by-nc/4.0/,Rinaldi Gotama,3892431548,2048,1536,0.1685
Acanthurus tristis,021_gbif_3986267085.jpg,https://inaturalist-open-data.s3.amazonaws.com/photos/245081758/original.jpg,http://creativecommons.org/licenses/by-nc/4.0/,blackdogto,3986267085,1549,1047,0.08
Acanthurus tristis,022_gbif_4121098204.jpg,https://inaturalist-open-data.s3.amazonaws.com/photos/281007613/original.jpg,http://creativecommons.org/licenses/by-nc/4.0/,blackdogto,4121098204,2048,1377,0.0457
Acanthurus tristis,023_gbif_4011648109.jpg,https://inaturalist-open-data.s3.amazonaws.com/photos/249962103/original.jpg,http://creativecommons.org/licenses/by/4.0/,Donald Davesne,4011648109,2048,1536,0.2898
Acanthurus tristis,024_gbif_6171068251.jpg,https://inaturalist-open-data.s3.amazonaws.com/photos/618713771/original.jpg,http://creativecommons.org/licenses/by-nc/4.0/,Andreas Muljadi,6171068251,2048,1536,0.0136
Acanthurus xanthopterus,001_gbif_6129883479.jpg,https://inaturalist-open-data.s3.amazonaws.com/photos/607823391/original.jpg,http://creativecommons.org/licenses/by-nc/4.0/,rokkenolan,6129883479,2048,1536,0.0309
Acanthurus xanthopterus,001_gbif_6129998921.jpg,https://inaturalist-open-data.s3.amazonaws.com/photos/606817351/original.jpg,http://creativecommons.org/licenses/by-nc/4.0/,ositodeagua,6129998921,1446,1233,0.0241
Acanthurus xanthopterus,002_gbif_6130161051.jpg,https://inaturalist-open-data.s3.amazonaws.com/photos/609107865/original.jpg,http://creativecommons.org/licenses/by-nc/4.0/,Jacob,6130161051,2048,1795,0.0193
Acanthurus xanthopterus,003_gbif_6130186683.jpg,https://inaturalist-open-data.s3.amazonaws.com/photos/608069034/original.jpg,http://creativecommons.org/licenses/by-nc/4.0/,acadiasunrise,6130186683,2048,1536,0.0062
Acanthurus xanthopterus,004_gbif_6130673386.jpg,https://inaturalist-open-data.s3.amazonaws.com/photos/609615338/original.jpg,http://creativecommons.org/licenses/by-nc/4.0/,Leyton Reid,6130673386,2048,1536,0.0138
Acanthurus xanthopterus,006_gbif_6130782030.jpg,https://inaturalist-open-data.s3.amazonaws.com/photos/608069049/original.jpg,http://creativecommons.org/licenses/by-nc/4.0/,acadiasunrise,6130782030,2048,1536,0.0054
Acanthurus xanthopterus,005_gbif_6130945270.jpg,https://inaturalist-open-data.s3.amazonaws.com/photos/609999189/original.jpg,http://creativecommons.org/licenses/by-nc/4.0/,patrickobrien3,6130945270,1250,1252,0.1022
Acanthurus xanthopterus,008_gbif_6131044393.jpg,https://inaturalist-open-data.s3.amazonaws.com/photos/610612525/original.jpg,http://creativecommons.org/licenses/by-nc/4.0/,cathylebouteiller,6131044393,2048,1536,0.0423
Acanthurus xanthopterus,006_gbif_6131168371.jpg,https://inaturalist-open-data.s3.amazonaws.com/photos/609615250/original.jpg,http://creativecommons.org/licenses/by-nc/4.0/,Leyton Reid,6131168371,2048,1536,0.0086
Acanthurus xanthopterus,010_gbif_6131308682.jpg,https://inaturalist-open-data.s3.amazonaws.com/photos/609615362/original.jpg,http://creativecommons.org/licenses/by-nc/4.0/,Leyton Reid,6131308682,2048,1536,0.0068
Acanthurus xanthopterus,007_gbif_6131325549.jpg,https://inaturalist-open-data.s3.amazonaws.com/photos/608099536/original.jpg,http://creativecommons.org/licenses/by-nc/4.0/,Tarciso Leão,6131325549,1233,925,0.0631
Acanthurus xanthopterus,012_gbif_6131581067.jpg,https://inaturalist-open-data.s3.amazonaws.com/photos/608459723/original.jpg,http://creativecommons.org/licenses/by-nc/4.0/,zihuadean,6131581067,1280,1280,0.0108
Acanthurus xanthopterus,013_gbif_6131636394.jpg,https://inaturalist-open-data.s3.amazonaws.com/photos/610001624/original.jpg,http://creativecommons.org/licenses/by-nc/4.0/,patrickobrien3,6131636394,1250,1252,0.0189
Acanthurus xanthopterus,008_gbif_6131639866.jpg,https://inaturalist-open-data.s3.amazonaws.com/photos/609617864/original.jpg,http://creativecommons.org/licenses/by-nc/4.0/,Leyton Reid,6131639866,2048,1536,0.0087
Acanthurus xanthopterus,015_gbif_6131639867.jpg,https://inaturalist-open-data.s3.amazonaws.com/photos/609618992/original.jpg,http://creativecommons.org/licenses/by-nc/4.0/,Leyton Reid,6131639867,2048,1536,0.0089
Acanthurus xanthopterus,009_gbif_6131662439.jpg,https://inaturalist-open-data.s3.amazonaws.com/photos/610114839/original.jpg,http://creativecommons.org/licenses/by-nc/4.0/,barthazes,6131662439,1658,1218,0.0103
Acanthurus xanthopterus,017_gbif_6133262568.jpg,https://inaturalist-open-data.s3.amazonaws.com/photos/611120791/original.jpg,http://creativecommons.org/licenses/by-nc/4.0/,marigrob,6133262568,2048,1536,0.3131
Acanthurus xanthopterus,011_gbif_6133269738.jpg,https://inaturalist-open-data.s3.amazonaws.com/photos/612494906/original.jpg,http://creativecommons.org/licenses/by-nc-sa/4.0/,Art Riz,6133269738,2048,1536,0.1123
Acanthurus xanthopterus,019_gbif_6133293093.jpg,https://inaturalist-open-data.s3.amazonaws.com/photos/611332414/original.jpg,http://creativecommons.org/licenses/by-nc/4.0/,marigrob,6133293093,2048,1536,0.2609
Acanthurus xanthopterus,015_gbif_6147384882.jpg,https://inaturalist-open-data.s3.amazonaws.com/photos/613736263/original.jpg,http://creativecommons.org/licenses/by-nc/4.0/,Atreau Hennessey,6147384882,1536,2048,0.3083
Acanthurus xanthopterus,016_gbif_6147555535.jpg,https://inaturalist-open-data.s3.amazonaws.com/photos/613029239/original.jpg,http://creativecommons.org/licenses/by-nc/4.0/,Paul Norwood,6147555535,2048,1536,0.022
Acanthurus xanthopterus,022_gbif_6147660471.jpg,https://inaturalist-open-data.s3.amazonaws.com/photos/613692660/original.jpg,http://creativecommons.org/licenses/by-nc/4.0/,Joe Paquin,6147660471,1861,1243,0.2144
Acanthurus xanthopterus,019_gbif_6159368190.jpg,https://inaturalist-open-data.s3.amazonaws.com/photos/614714970/original.jpg,http://creativecommons.org/licenses/by-nc/4.0/,ylsu,6159368190,2048,1154,0.0062
Acanthurus xanthopterus,021_gbif_6159397776.jpg,https://inaturalist-open-data.s3.amazonaws.com/photos/616095892/original.jpg,http://creativecommons.org/licenses/by/4.0/,Tommy Andriollo,6159397776,2048,1536,0.0055
Ctenochaetus binotatus,001_gbif_6129916535.jpg,https://inaturalist-open-data.s3.amazonaws.com/photos/607547456/original.jpg,http://creativecommons.org/licenses/by/4.0/,cello caruso-turiello,6129916535,2048,1365,0.1334
Ctenochaetus binotatus,002_gbif_6130090614.jpg,https://inaturalist-open-data.s3.amazonaws.com/photos/610093827/original.jpg,http://creativecommons.org/licenses/by-nc/4.0/,Curtis Hart,6130090614,1187,890,0.0969
Ctenochaetus binotatus,003_gbif_6130114816.jpg,https://inaturalist-open-data.s3.amazonaws.com/photos/607534394/original.jpg,http://creativecommons.org/licenses/by/4.0/,cello caruso-turiello,6130114816,2048,1365,0.0136
Ctenochaetus binotatus,004_gbif_6130154747.jpg,https://inaturalist-open-data.s3.amazonaws.com/photos/606579305/original.jpg,http://creativecommons.org/licenses/by-nc/4.0/,ae201,6130154747,2048,1536,0.0177
Ctenochaetus binotatus,005_gbif_6130221800.jpg,https://inaturalist-open-data.s3.amazonaws.com/photos/606579373/original.jpg,http://creativecommons.org/licenses/by-nc/4.0/,ae201,6130221800,2048,1536,0.0472
Ctenochaetus binotatus,006_gbif_6130581082.jpg,https://inaturalist-open-data.s3.amazonaws.com/photos/609120291/original.jpg,http://creativecommons.org/licenses/by/4.0/,Debra Baker,6130581082,2048,1590,0.088
Ctenochaetus binotatus,007_gbif_6130600174.jpg,https://inaturalist-open-data.s3.amazonaws.com/photos/606859587/original.jpg,http://creativecommons.org/licenses/by-nc/4.0/,ae201,6130600174,2048,1536,0.0598
Ctenochaetus binotatus,008_gbif_6130784036.jpg,https://inaturalist-open-data.s3.amazonaws.com/photos/606822390/original.jpg,http://creativecommons.org/licenses/by-nc/4.0/,Itsar Fuadi,6130784036,2048,1536,0.2054
Ctenochaetus binotatus,009_gbif_6130818806.jpg,https://inaturalist-open-data.s3.amazonaws.com/photos/606579356/original.jpg,http://creativecommons.org/licenses/by-nc/4.0/,ae201,6130818806,2048,1536,0.0662
Ctenochaetus binotatus,010_gbif_6130971629.jpg,https://inaturalist-open-data.s3.amazonaws.com/photos/606579388/original.jpg,http://creativecommons.org/licenses/by-nc/4.0/,ae201,6130971629,2048,1536,0.039
Ctenochaetus binotatus,011_gbif_6131195693.jpg,https://inaturalist-open-data.s3.amazonaws.com/photos/606579202/original.jpg,http://creativecommons.org/licenses/by-nc/4.0/,ae201,6131195693,2048,1536,0.029
Ctenochaetus binotatus,012_gbif_6147304811.jpg,https://inaturalist-open-data.s3.amazonaws.com/photos/613844174/original.jpg,http://creativecommons.org/licenses/by-nc/4.0/,Curtis Hart,6147304811,1758,1319,0.0494
Ctenochaetus binotatus,013_gbif_6147614321.jpg,https://inaturalist-open-data.s3.amazonaws.com/photos/613848215/original.jpg,http://creativecommons.org/licenses/by-nc/4.0/,Curtis Hart,6147614321,1984,1488,0.034
Ctenochaetus binotatus,014_gbif_6159185556.jpg,https://inaturalist-open-data.s3.amazonaws.com/photos/615968515/original.jpg,http://creativecommons.org/licenses/by-nc/4.0/,Curtis Hart,6159185556,2048,1536,0.0496
Ctenochaetus binotatus,015_gbif_6159473236.jpg,https://inaturalist-open-data.s3.amazonaws.com/photos/615492695/original.jpg,http://creativecommons.org/licenses/by/4.0/,Nicola Crockford,6159473236,2048,1152,0.0432
Ctenochaetus binotatus,015_gbif_6159666526.jpg,https://inaturalist-open-data.s3.amazonaws.com/photos/615672705/original.jpg,http://creativecommons.org/licenses/by-nc/4.0/,Michal,6159666526,2048,1366,0.088
Ctenochaetus binotatus,016_gbif_6162936942.jpg,https://inaturalist-open-data.s3.amazonaws.com/photos/618064599/original.jpg,http://creativecommons.org/licenses/by-nc/4.0/,Ingo Rogalla,6162936942,2048,1362,0.0067
Ctenochaetus binotatus,017_gbif_6170851276.jpg,https://inaturalist-open-data.s3.amazonaws.com/photos/619773199/original.jpg,http://creativecommons.org/licenses/by-nc/4.0/,Curtis Hart,6170851276,2048,1536,0.0514
Ctenochaetus binotatus,019_gbif_6170896316.jpg,https://inaturalist-open-data.s3.amazonaws.com/photos/619772943/original.jpg,http://creativecommons.org/licenses/by-nc/4.0/,Curtis Hart,6170896316,2048,1536,0.0942
Ctenochaetus binotatus,018_gbif_6171081370.jpg,https://inaturalist-open-data.s3.amazonaws.com/photos/619509301/original.jpg,http://creativecommons.org/licenses/by-nc/4.0/,Curtis Hart,6171081370,2048,1536,0.0691
Ctenochaetus binotatus,019_gbif_6178978952.jpg,https://inaturalist-open-data.s3.amazonaws.com/photos/621136358/original.jpg,http://creativecommons.org/licenses/by-nc/4.0/,nongiftedman,6178978952,2048,1536,0.0106
Ctenochaetus binotatus,020_gbif_6178382498.jpg,https://inaturalist-open-data.s3.amazonaws.com/photos/622369266/original.jpg,http://creativecommons.org/licenses/by/4.0/,Debra Baker,6178382498,1473,1152,0.075
Ctenochaetus binotatus,021_gbif_6178476177.jpg,https://inaturalist-open-data.s3.amazonaws.com/photos/624841333/original.jpg,http://creativecommons.org/licenses/by-nc/4.0/,mualeyyy,6178476177,2048,1639,0.1068
Ctenochaetus binotatus,022_gbif_6178666057.jpg,https://inaturalist-open-data.s3.amazonaws.com/photos/622805705/original.jpg,http://creativecommons.org/licenses/by/4.0/,Debra Baker,6178666057,2048,1591,0.0554
Ctenochaetus cyanocheilus,001_gbif_6130261814.jpg,https://inaturalist-open-data.s3.amazonaws.com/photos/610314855/original.jpg,http://creativecommons.org/licenses/by-nc/4.0/,Curtis Hart,6130261814,2023,1517,0.0109
Ctenochaetus cyanocheilus,002_gbif_6130388604.jpg,https://inaturalist-open-data.s3.amazonaws.com/photos/610341813/original.jpg,http://creativecommons.org/licenses/by-nc/4.0/,Timothy E Myer,6130388604,1286,858,0.1662
Ctenochaetus cyanocheilus,003_gbif_6162856416.jpg,https://inaturalist-open-data.s3.amazonaws.com/photos/618333799/original.jpg,http://creativecommons.org/licenses/by/4.0/,Debra Baker,6162856416,1219,988,0.0852
Ctenochaetus cyanocheilus,004_gbif_6159587548.jpg,https://inaturalist-open-data.s3.amazonaws.com/photos/615325138/original.jpg,http://creativecommons.org/licenses/by-nc/4.0/,Ocean Ventures Fiji,6159587548,2048,1536,0.0476
Ctenochaetus cyanocheilus,005_gbif_6185884193.jpg,https://inaturalist-open-data.s3.amazonaws.com/photos/626643975/original.jpg,http://creativecommons.org/licenses/by-nc/4.0/,Kent Ross,6185884193,2048,1498,0.0686
Ctenochaetus cyanocheilus,006_gbif_6185910022.jpg,https://inaturalist-open-data.s3.amazonaws.com/photos/630303191/original.jpg,http://creativecommons.org/licenses/by-nc/4.0/,Itsar Fuadi,6185910022,2048,1155,0.1013
Ctenochaetus cyanocheilus,007_gbif_6188666410.jpg,https://inaturalist-open-data.s3.amazonaws.com/photos/631314077/original.jpg,http://creativecommons.org/licenses/by-nc/4.0/,Corinne THOMAS / Etienne VILLARET,6188666410,1169,1158,0.0435
Ctenochaetus cyanocheilus,008_gbif_6234471428.jpg,https://inaturalist-open-data.s3.amazonaws.com/photos/641646991/original.jpg,http://creativecommons.org/licenses/by/4.0/,Annika Lindqvist,6234471428,1609,1207,0.132
Ctenochaetus cyanocheilus,009_gbif_6234655476.jpg,https://inaturalist-open-data.s3.amazonaws.com/photos/640417899/original.jpg,http://creativecommons.org/licenses/by-nc/4.0/,catta,6234655476,2048,1536,0.0153
Ctenochaetus cyanocheilus,010_gbif_6235127112.jpg,https://inaturalist-open-data.s3.amazonaws.com/photos/640415586/original.jpg,http://creativecommons.org/licenses/by-nc/4.0/,catta,6235127112,2048,1536,0.0428
Ctenochaetus cyanocheilus,011_gbif_6188479676.jpg,https://inaturalist-open-data.s3.amazonaws.com/photos/631737363/original.jpg,http://creativecommons.org/licenses/by-nc/4.0/,Curtis Hart,6188479676,1940,1455,0.0467
Ctenochaetus cyanocheilus,012_gbif_6195574118.jpg,https://inaturalist-open-data.s3.amazonaws.com/photos/635029510/original.jpg,http://creativecommons.org/licenses/by-nc/4.0/,Curtis Hart,6195574118,2048,1536,0.0297
Ctenochaetus cyanocheilus,013_gbif_6195910429.jpg,https://inaturalist-open-data.s3.amazonaws.com/photos/635492051/original.jpg,http://creativecommons.org/licenses/by-nc/4.0/,wild___max,6195910429,2048,1536,0.0279
Ctenochaetus cyanocheilus,014_gbif_6234562857.jpg,https://inaturalist-open-data.s3.amazonaws.com/photos/643346043/original.jpg,http://creativecommons.org/licenses/by-nc/4.0/,cathylebouteiller,6234562857,1970,1963,0.1345
Ctenochaetus cyanocheilus,015_gbif_6235630536.jpg,https://inaturalist-open-data.s3.amazonaws.com/photos/641211999/original.jpg,http://creativecommons.org/licenses/by/4.0/,Debra Baker,6235630536,1496,1305,0.1713
Ctenochaetus cyanocheilus,016_gbif_6251610278.jpg,https://inaturalist-open-data.s3.amazonaws.com/photos/649127475/original.jpg,http://creativecommons.org/licenses/by/4.0/,Ben Costamagna,6251610278,1879,1409,0.0548
Ctenochaetus cyanocheilus,017_gbif_6252369980.jpg,https://inaturalist-open-data.s3.amazonaws.com/photos/651124162/original.jpg,http://creativecommons.org/licenses/by-nc/4.0/,Mark Rosenstein,6252369980,1199,800,0.0714
Ctenochaetus cyanocheilus,018_gbif_6253251080.jpg,https://inaturalist-open-data.s3.amazonaws.com/photos/650441523/original.jpg,http://creativecommons.org/licenses/by/4.0/,Ben Costamagna,6253251080,2048,1535,0.0572
Ctenochaetus cyanocheilus,019_gbif_6333881534.jpg,https://inaturalist-open-data.s3.amazonaws.com/photos/657939014/original.jpg,http://creativecommons.org/licenses/by-nc/4.0/,Squirrellychops,6333881534,2048,1536,0.0149
Ctenochaetus cyanocheilus,020_gbif_6334977710.jpg,https://inaturalist-open-data.s3.amazonaws.com/photos/652634937/original.jpg,http://creativecommons.org/licenses/by-nc/4.0/,Mark Rosenstein,6334977710,1200,800,0.0412
Ctenochaetus cyanocheilus,021_gbif_6251827957.jpg,https://inaturalist-open-data.s3.amazonaws.com/photos/653435467/original.jpg,http://creativecommons.org/licenses/by-nc/4.0/,Claire Goiran,6251827957,938,945,0.0377
Ctenochaetus cyanocheilus,022_gbif_6273822152.jpg,https://inaturalist-open-data.s3.amazonaws.com/photos/657866436/original.jpg,http://creativecommons.org/licenses/by-nc/4.0/,Eva Paulus,6273822152,2048,1536,0.0656
Ctenochaetus cyanocheilus,023_gbif_6320130951.jpg,https://inaturalist-open-data.s3.amazonaws.com/photos/658480891/original.jpg,http://creativecommons.org/licenses/by-nc/4.0/,Eva Paulus,6320130951,2048,1536,0.0302
Ctenochaetus cyanocheilus,024_gbif_6400191572.jpg,https://inaturalist-open-data.s3.amazonaws.com/photos/672700173/original.jpg,http://creativecommons.org/licenses/by-nc/4.0/,TGriffin,6400191572,1440,1080,0.0541
Ctenochaetus flavicauda,001_gbif_6252417779.jpg,https://inaturalist-open-data.s3.amazonaws.com/photos/651121538/original.jpg,http://creativecommons.org/licenses/by/4.0/,Antoine MARNAT,6252417779,2048,1536,0.0601
Ctenochaetus flavicauda,002_gbif_6252883709.jpg,https://inaturalist-open-data.s3.amazonaws.com/photos/651120365/original.jpg,http://creativecommons.org/licenses/by/4.0/,Antoine MARNAT,6252883709,2048,1536,0.0538
Ctenochaetus flavicauda,003_gbif_6412953305.jpg,https://inaturalist-open-data.s3.amazonaws.com/photos/683235414/original.jpg,http://creativecommons.org/licenses/by-nc/4.0/,estebanbranchereau,6412953305,2048,1536,0.0369
Ctenochaetus flavicauda,004_gbif_6441296889.jpg,https://inaturalist-open-data.s3.amazonaws.com/photos/693784186/original.jpg,http://creativecommons.org/licenses/by-nc/4.0/,estebanbranchereau,6441296889,2048,1536,0.0395
Ctenochaetus flavicauda,005_gbif_5206697764.jpg,https://inaturalist-open-data.s3.amazonaws.com/photos/525903361/original.jpg,http://creativecommons.org/licenses/by-nc/4.0/,imcote,5206697764,2048,1431,0.1039
Ctenochaetus flavicauda,006_gbif_5216965925.jpg,https://inaturalist-open-data.s3.amazonaws.com/photos/526343709/original.jpg,http://creativecommons.org/licenses/by-nc/4.0/,imcote,5216965925,2048,1776,0.1084
Ctenochaetus flavicauda,007_gbif_5217104996.jpg,https://inaturalist-open-data.s3.amazonaws.com/photos/526343350/original.jpg,http://creativecommons.org/licenses/by-nc/4.0/,imcote,5217104996,1882,1372,0.1233
Ctenochaetus flavicauda,008_gbif_5237566648.jpg,https://inaturalist-open-data.s3.amazonaws.com/photos/543753495/original.jpg,http://creativecommons.org/licenses/by-nc/4.0/,David R,5237566648,2048,1638,0.0524
Ctenochaetus flavicauda,009_gbif_5828607320.jpg,https://inaturalist-open-data.s3.amazonaws.com/photos/564897344/original.jpg,http://creativecommons.org/licenses/by-nc/4.0/,David R,5828607320,2048,1639,0.0137
Ctenochaetus flavicauda,010_gbif_5292659470.jpg,https://inaturalist-open-data.s3.amazonaws.com/photos/548527286/original.jpg,http://creativecommons.org/licenses/by-nc/4.0/,ethan currens,5292659470,2000,1500,0.0144
Ctenochaetus flavicauda,011_gbif_5292663486.jpg,https://inaturalist-open-data.s3.amazonaws.com/photos/548526602/original.jpg,http://creativecommons.org/licenses/by-nc/4.0/,ethan currens,5292663486,1501,2000,0.0567
Ctenochaetus flavicauda,012_gbif_5868011587.jpg,https://inaturalist-open-data.s3.amazonaws.com/photos/570661054/original.jpg,http://creativecommons.org/licenses/by-nc/4.0/,elodie_courtois,5868011587,2048,1536,0.1433
Ctenochaetus flavicauda,013_gbif_5889825037.jpg,https://inaturalist-open-data.s3.amazonaws.com/photos/584142807/original.jpg,http://creativecommons.org/licenses/by-nc/4.0/,gbrunvoll,5889825037,922,816,0.2043
Ctenochaetus flavicauda,014_gbif_5932309670.jpg,https://inaturalist-open-data.s3.amazonaws.com/photos/600115629/original.jpg,http://creativecommons.org/licenses/by-nc/4.0/,Abel Dupré,5932309670,2048,1536,0.0298
Ctenochaetus flavicauda,015_gbif_5839901767.jpg,https://inaturalist-open-data.s3.amazonaws.com/photos/575072812/original.jpg,http://creativecommons.org/licenses/by-nc/4.0/,Tom Smith,5839901767,2048,1536,0.0193
Ctenochaetus flavicauda,016_gbif_4519290826.jpeg,https://inaturalist-open-data.s3.amazonaws.com/photos/349679395/original.jpeg,http://creativecommons.org/licenses/by-nc/4.0/,Enot Poluskuns,4519290826,2048,1536,0.1459
Ctenochaetus flavicauda,017_gbif_4952984893.jpeg,https://inaturalist-open-data.s3.amazonaws.com/photos/436351042/original.jpeg,http://creativecommons.org/licenses/by-nc/4.0/,Leona Kustra,4952984893,1074,958,0.0583
Ctenochaetus flavicauda,018_gbif_3915632341.jpeg,https://inaturalist-open-data.s3.amazonaws.com/photos/231825552/original.jpeg,http://creativecommons.org/licenses/by-nc/4.0/,Richard Hasegawa,3915632341,2048,1536,0.0736
Ctenochaetus flavicauda,019_gbif_4009668554.jpeg,https://inaturalist-open-data.s3.amazonaws.com/photos/231324071/original.jpeg,http://creativecommons.org/licenses/by-nc/4.0/,Richard Hasegawa,4009668554,1098,823,0.1097
Ctenochaetus flavicauda,020_gbif_4009731559.jpeg,https://inaturalist-open-data.s3.amazonaws.com/photos/231324685/original.jpeg,http://creativecommons.org/licenses/by-nc/4.0/,Richard Hasegawa,4009731559,2025,1519,0.0982
Ctenochaetus flavicauda,021_gbif_4009787563.jpeg,https://inaturalist-open-data.s3.amazonaws.com/photos/231324783/original.jpeg,http://creativecommons.org/licenses/by-nc/4.0/,Richard Hasegawa,4009787563,2048,1536,0.0291
Ctenochaetus flavicauda,022_gbif_4901500923.jpeg,https://inaturalist-open-data.s3.amazonaws.com/photos/379563638/original.jpeg,http://creativecommons.org/licenses/by-nc/4.0/,ethan currens,4901500923,2048,1536,0.1106
Ctenochaetus flavicauda,023_gbif_4006534202.jpeg,https://inaturalist-open-data.s3.amazonaws.com/photos/248460878/original.jpeg,http://creativecommons.org/licenses/by-nc/4.0/,Pierre-Louis Stenger,4006534202,2048,1365,0.0097
Ctenochaetus flavicauda,024_gbif_4171700270.jpg,https://inaturalist-open-data.s3.amazonaws.com/photos/301425197/original.jpg,http://creativecommons.org/licenses/by/4.0/,Debra Baker,4171700270,2048,1536,0.0909
Ctenochaetus hawaiiensis,001_gbif_6129850945.jpg,https://inaturalist-open-data.s3.amazonaws.com/photos/610314840/original.jpg,http://creativecommons.org/licenses/by-nc/4.0/,Curtis Hart,6129850945,1098,823,0.1035
Ctenochaetus hawaiiensis,001_gbif_6129852895.jpg,https://inaturalist-open-data.s3.amazonaws.com/photos/607315660/original.jpg,http://creativecommons.org/licenses/by-nc/4.0/,David R,6129852895,2048,1639,0.0125
Ctenochaetus hawaiiensis,002_gbif_6130404734.jpg,https://inaturalist-open-data.s3.amazonaws.com/photos/609724354/original.jpg,http://creativecommons.org/licenses/by-nc/4.0/,Andrew Plant,6130404734,2048,1536,0.01
Ctenochaetus hawaiiensis,004_gbif_6130523815.jpg,https://inaturalist-open-data.s3.amazonaws.com/photos/606220024/original.jpg,http://creativecommons.org/licenses/by-nc/4.0/,lwhitenack,6130523815,946,2048,0.0073
Ctenochaetus hawaiiensis,003_gbif_6188665935.jpg,https://inaturalist-open-data.s3.amazonaws.com/photos/634137268/original.jpg,http://creativecommons.org/licenses/by-nc/4.0/,David R,6188665935,2048,1638,0.0412
Ctenochaetus hawaiiensis,006_gbif_6195531449.jpg,https://inaturalist-open-data.s3.amazonaws.com/photos/636319373/original.jpg,http://creativecommons.org/licenses/by-nc/4.0/,Brian Spence,6195531449,2048,1529,0.0353
Ctenochaetus hawaiiensis,007_gbif_6195681554.jpg,https://inaturalist-open-data.s3.amazonaws.com/photos/636257011/original.jpg,http://creativecommons.org/licenses/by-nc/4.0/,Shannon DeVaney,6195681554,2048,1536,0.0394
Ctenochaetus hawaiiensis,008_gbif_6195931177.jpg,https://inaturalist-open-data.s3.amazonaws.com/photos/637390197/original.jpg,http://creativecommons.org/licenses/by-nc/4.0/,Brian Spence,6195931177,2048,1536,0.0187
Ctenochaetus hawaiiensis,004_gbif_6234418887.jpg,https://inaturalist-open-data.s3.amazonaws.com/photos/642437714/original.jpg,http://creativecommons.org/licenses/by-nc/4.0/,cjmatheson,6234418887,2048,1365,0.0297
Ctenochaetus hawaiiensis,010_gbif_6399323444.jpg,https://inaturalist-open-data.s3.amazonaws.com/photos/678521138/original.jpg,http://creativecommons.org/licenses/by-nc/4.0/,estebanbranchereau,6399323444,2048,1536,0.0387
Ctenochaetus hawaiiensis,005_gbif_6441300366.jpg,https://inaturalist-open-data.s3.amazonaws.com/photos/693653127/original.jpg,http://creativecommons.org/licenses/by-nc/4.0/,calvao,6441300366,1206,1319,0.0083
Ctenochaetus hawaiiensis,006_gbif_6470573035.jpg,https://inaturalist-open-data.s3.amazonaws.com/photos/703153836/original.jpg,http://creativecommons.org/licenses/by-nc/4.0/,josh_demartino,6470573035,1435,1076,0.0714
Ctenochaetus hawaiiensis,007_gbif_5007845769.jpg,https://inaturalist-open-data.s3.amazonaws.com/photos/461283082/original.jpg,http://creativecommons.org/publicdomain/zero/1.0/,Steph Brulot-Sawchyn,5007845769,2048,1536,0.0454
Ctenochaetus hawaiiensis,008_gbif_5076992062.jpeg,https://inaturalist-open-data.s3.amazonaws.com/photos/471957416/original.jpeg,http://creativecommons.org/licenses/by-nc/4.0/,rolandwirth,5076992062,2048,1536,0.0824
Ctenochaetus hawaiiensis,009_gbif_5077173489.jpeg,https://inaturalist-open-data.s3.amazonaws.com/photos/472540910/original.jpeg,http://creativecommons.org/licenses/by-nc/4.0/,rolandwirth,5077173489,2048,1536,0.131
Ctenochaetus hawaiiensis,010_gbif_5077178516.jpeg,https://inaturalist-open-data.s3.amazonaws.com/photos/472539139/original.jpeg,http://creativecommons.org/licenses/by-nc/4.0/,rolandwirth,5077178516,2048,1536,0.0796
Ctenochaetus hawaiiensis,017_gbif_5087941013.jpeg,https://inaturalist-open-data.s3.amazonaws.com/photos/476290835/original.jpeg,http://creativecommons.org/licenses/by-nc/4.0/,Brian Spence,5087941013,2048,1536,0.0094
Ctenochaetus hawaiiensis,014_gbif_5932587945.jpg,https://inaturalist-open-data.s3.amazonaws.com/photos/598694752/original.jpg,http://creativecommons.org/licenses/by-nc/4.0/,National Coral Reef Monitoring Program - Pacific Region,5932587945,2048,1365,0.1505
Ctenochaetus hawaiiensis,015_gbif_5206164285.jpg,https://inaturalist-open-data.s3.amazonaws.com/photos/524351068/original.jpg,http://creativecommons.org/licenses/by-nc/4.0/,nmi_fishguy,5206164285,2048,1404,0.0383
Ctenochaetus hawaiiensis,016_gbif_5206393248.jpg,https://inaturalist-open-data.s3.amazonaws.com/photos/524348692/original.jpg,http://creativecommons.org/licenses/by-nc/4.0/,nmi_fishguy,5206393248,2048,1513,0.0345
Ctenochaetus hawaiiensis,021_gbif_5827431022.jpg,https://inaturalist-open-data.s3.amazonaws.com/photos/565663704/original.jpg,http://creativecommons.org/licenses/by-nc/4.0/,Mark Brown,5827431022,2048,1504,0.0955
Ctenochaetus hawaiiensis,019_gbif_5892948815.jpg,https://inaturalist-open-data.s3.amazonaws.com/photos/588340605/original.jpg,http://creativecommons.org/licenses/by-nc/4.0/,David R,5892948815,2048,1639,0.1716
Ctenochaetus hawaiiensis,021_gbif_5932344572.jpg,https://inaturalist-open-data.s3.amazonaws.com/photos/598699285/original.jpg,http://creativecommons.org/licenses/by/4.0/,Cricket Raspet,5932344572,1661,1246,0.032
Ctenochaetus hawaiiensis,024_gbif_5932500605.jpg,https://inaturalist-open-data.s3.amazonaws.com/photos/598691053/original.jpg,http://creativecommons.org/licenses/by/4.0/,Cricket Raspet,5932500605,1976,1482,0.0211
Ctenochaetus marginatus,001_gbif_6130620231.jpg,https://inaturalist-open-data.s3.amazonaws.com/photos/605922305/original.jpg,http://creativecommons.org/licenses/by/4.0/,keesgroenendijk,6130620231,2048,1536,0.0772
Ctenochaetus marginatus,002_gbif_6131657426.jpg,https://inaturalist-open-data.s3.amazonaws.com/photos/610704939/original.jpg,http://creativecommons.org/licenses/by/4.0/,keesgroenendijk,6131657426,2048,1536,0.0564
Ctenochaetus marginatus,003_gbif_6234564580.jpg,https://inaturalist-open-data.s3.amazonaws.com/photos/639613566/original.jpg,http://creativecommons.org/licenses/by-nc/4.0/,R Lai,6234564580,1456,820,0.0885
Ctenochaetus marginatus,001_gbif_6431100842.jpg,https://inaturalist-open-data.s3.amazonaws.com/photos/692998363/original.jpg,http://creativecommons.org/licenses/by-nc/4.0/,Leonardo Gómez,6431100842,2048,1368,0.0458
Ctenochaetus marginatus,002_gbif_5036804515.jpg,https://inaturalist-open-data.s3.amazonaws.com/photos/463492989/original.jpg,http://creativecommons.org/licenses/by-nc/4.0/,pmino,5036804515,2048,1536,0.0181
Ctenochaetus marginatus,003_gbif_5063568508.jpeg,https://inaturalist-open-data.s3.amazonaws.com/photos/466414099/original.jpeg,http://creativecommons.org/licenses/by/4.0/,keesgroenendijk,5063568508,2048,1536,0.0369
Ctenochaetus marginatus,004_gbif_5063625184.jpeg,https://inaturalist-open-data.s3.amazonaws.com/photos/467009817/original.jpeg,http://creativecommons.org/licenses/by-nc/4.0/,Daniel González-Suárez,5063625184,2048,1155,0.0494
Ctenochaetus marginatus,005_gbif_5168191533.jpg,https://inaturalist-open-data.s3.amazonaws.com/photos/509039004/original.jpg,http://creativecommons.org/licenses/by-nc/4.0/,Billy Bensted-Smith,5168191533,2048,1536,0.0133
Ctenochaetus marginatus,009_gbif_5908915097.jpg,https://inaturalist-open-data.s3.amazonaws.com/photos/594655443/original.jpg,http://creativecommons.org/licenses/by-nc/4.0/,moranoch,5908915097,2048,1792,0.0101
Ctenochaetus marginatus,006_gbif_5167257973.jpg,https://inaturalist-open-data.s3.amazonaws.com/photos/511206060/original.jpg,http://creativecommons.org/licenses/by-nc/4.0/,Billy Bensted-Smith,5167257973,2048,1536,0.0792
Ctenochaetus marginatus,007_gbif_5167306247.jpg,https://inaturalist-open-data.s3.amazonaws.com/photos/511199969/original.jpg,http://creativecommons.org/licenses/by-nc/4.0/,Billy Bensted-Smith,5167306247,2048,1536,0.0394
Ctenochaetus marginatus,008_gbif_5292535903.jpg,https://inaturalist-open-data.s3.amazonaws.com/photos/513190024/original.jpg,http://creativecommons.org/licenses/by-nc/4.0/,Billy Bensted-Smith,5292535903,2048,1536,0.0446
Ctenochaetus marginatus,009_gbif_5292547943.jpg,https://inaturalist-open-data.s3.amazonaws.com/photos/513195923/original.jpg,http://creativecommons.org/licenses/by-nc/4.0/,Billy Bensted-Smith,5292547943,2048,1536,0.0278
Ctenochaetus marginatus,010_gbif_5199038751.jpg,https://inaturalist-open-data.s3.amazonaws.com/photos/522291999/original.jpg,http://creativecommons.org/licenses/by-nc/4.0/,David R,5199038751,2048,1638,0.0825
Ctenochaetus marginatus,011_gbif_5216500477.jpg,https://inaturalist-open-data.s3.amazonaws.com/photos/527903448/original.jpg,http://creativecommons.org/licenses/by-nc/4.0/,David R,5216500477,2048,1639,0.0053
Ctenochaetus marginatus,012_gbif_5217556482.jpg,https://inaturalist-open-data.s3.amazonaws.com/photos/530644427/original.jpg,http://creativecommons.org/licenses/by-nc/4.0/,David R,5217556482,2048,1638,0.1885
Ctenochaetus marginatus,017_gbif_5908706484.jpg,https://inaturalist-open-data.s3.amazonaws.com/photos/594747573/original.jpg,http://creativecommons.org/licenses/by-nc/4.0/,Marisa Agarwal,5908706484,2048,1536,0.0208
Ctenochaetus marginatus,013_gbif_5892631065.jpg,https://inaturalist-open-data.s3.amazonaws.com/photos/588423791/original.jpg,http://creativecommons.org/licenses/by-nc/4.0/,Harry Grant,5892631065,2048,1551,0.1052
Ctenochaetus marginatus,015_gbif_5892803740.jpg,https://inaturalist-open-data.s3.amazonaws.com/photos/588423380/original.jpg,http://creativecommons.org/licenses/by-nc/4.0/,Harry Grant,5892803740,2048,1150,0.0079
Ctenochaetus marginatus,016_gbif_4525097690.jpeg,https://inaturalist-open-data.s3.amazonaws.com/photos/348619002/original.jpeg,http://creativecommons.org/licenses/by-nc/4.0/,John Bromilow,4525097690,2048,1536,0.0972
Ctenochaetus marginatus,021_gbif_4936370500.jpeg,https://inaturalist-open-data.s3.amazonaws.com/photos/346389233/original.jpeg,http://creativecommons.org/licenses/by/4.0/,keesgroenendijk,4936370500,2048,1536,0.089
Ctenochaetus marginatus,019_gbif_4528285502.jpeg,https://inaturalist-open-data.s3.amazonaws.com/photos/352735894/original.jpeg,http://creativecommons.org/licenses/by/4.0/,Debra Baker,4528285502,2048,1536,0.019
Ctenochaetus marginatus,021_gbif_4528290534.jpg,https://inaturalist-open-data.s3.amazonaws.com/photos/352728959/original.jpg,http://creativecommons.org/licenses/by/4.0/,Debra Baker,4528290534,2048,1536,0.1091
Ctenochaetus marginatus,023_gbif_4851771065.jpeg,https://inaturalist-open-data.s3.amazonaws.com/photos/356710819/original.jpeg,http://creativecommons.org/licenses/by/4.0/,Debra Baker,4851771065,2048,1536,0.0564
Ctenochaetus striatus,001_gbif_5938132977.jpg,https://inaturalist-open-data.s3.amazonaws.com/photos/605075146/original.jpg,http://creativecommons.org/licenses/by-nc/4.0/,Charley Hesse,5938132977,1464,976,0.1045
Ctenochaetus striatus,002_gbif_5938421051.jpg,https://inaturalist-open-data.s3.amazonaws.com/photos/605741211/original.jpg,http://creativecommons.org/licenses/by-nc/4.0/,Boris,5938421051,2048,1633,0.1319
Ctenochaetus striatus,003_gbif_5938527570.jpg,https://inaturalist-open-data.s3.amazonaws.com/photos/605743763/original.jpg,http://creativecommons.org/licenses/by-nc/4.0/,Boris,5938527570,1341,1247,0.0954
Ctenochaetus striatus,004_gbif_5938632290.jpg,https://inaturalist-open-data.s3.amazonaws.com/photos/605740127/original.jpg,http://creativecommons.org/licenses/by-nc/4.0/,Boris,5938632290,2048,1896,0.0932
Ctenochaetus striatus,005_gbif_5938703592.jpg,https://inaturalist-open-data.s3.amazonaws.com/photos/605611669/original.jpg,http://creativecommons.org/licenses/by-nc/4.0/,epauletteshark,5938703592,2048,1536,0.0378
Ctenochaetus striatus,006_gbif_5938720730.jpg,https://inaturalist-open-data.s3.amazonaws.com/photos/606356550/original.jpg,http://creativecommons.org/licenses/by-nc/4.0/,Simon,5938720730,2048,1365,0.0219
Ctenochaetus striatus,007_gbif_6130015989.jpg,https://inaturalist-open-data.s3.amazonaws.com/photos/605877703/original.jpg,http://creativecommons.org/licenses/by-nc/4.0/,Boris,6130015989,1987,1339,0.1468
Ctenochaetus striatus,008_gbif_6130022236.jpg,https://inaturalist-open-data.s3.amazonaws.com/photos/608134210/original.jpg,http://creativecommons.org/licenses/by-nc/4.0/,Marleen Schouten,6130022236,2048,1155,0.072
Ctenochaetus striatus,009_gbif_6130194314.jpg,https://inaturalist-open-data.s3.amazonaws.com/photos/610907930/original.jpg,http://creativecommons.org/licenses/by-nc/4.0/,Curtis Hart,6130194314,2048,1536,0.0501
Ctenochaetus striatus,010_gbif_6130339467.jpg,https://inaturalist-open-data.s3.amazonaws.com/photos/610638081/original.jpg,http://creativecommons.org/licenses/by-nc/4.0/,Curtis Hart,6130339467,2048,1536,0.1188
Ctenochaetus striatus,011_gbif_6130437630.jpg,https://inaturalist-open-data.s3.amazonaws.com/photos/608665809/original.jpg,http://creativecommons.org/licenses/by-nc/4.0/,Marleen Schouten,6130437630,2048,1155,0.0722
Ctenochaetus striatus,012_gbif_6130491329.jpg,https://inaturalist-open-data.s3.amazonaws.com/photos/611001723/original.jpg,http://creativecommons.org/licenses/by-nc/4.0/,Brenton Prigge,6130491329,2048,1536,0.0708
Ctenochaetus striatus,013_gbif_6130625996.jpg,https://inaturalist-open-data.s3.amazonaws.com/photos/607220945/original.jpg,http://creativecommons.org/licenses/by-nc/4.0/,Marleen Schouten,6130625996,2048,1155,0.0659
Ctenochaetus striatus,014_gbif_6130802552.jpg,https://inaturalist-open-data.s3.amazonaws.com/photos/608135857/original.jpg,http://creativecommons.org/licenses/by-nc/4.0/,Marleen Schouten,6130802552,2048,1155,0.0731
Ctenochaetus striatus,015_gbif_6131064466.jpg,https://inaturalist-open-data.s3.amazonaws.com/photos/607221232/original.jpg,http://creativecommons.org/licenses/by-nc/4.0/,Marleen Schouten,6131064466,2048,1155,0.033
Ctenochaetus striatus,016_gbif_6131065713.jpg,https://inaturalist-open-data.s3.amazonaws.com/photos/608665784/original.jpg,http://creativecommons.org/licenses/by-nc/4.0/,Marleen Schouten,6131065713,2048,1155,0.1347
Ctenochaetus striatus,017_gbif_6131082036.jpg,https://inaturalist-open-data.s3.amazonaws.com/photos/608665007/original.jpg,http://creativecommons.org/licenses/by-nc/4.0/,Marleen Schouten,6131082036,2048,1155,0.061
Ctenochaetus striatus,018_gbif_6131097192.jpg,https://inaturalist-open-data.s3.amazonaws.com/photos/608665530/original.jpg,http://creativecommons.org/licenses/by-nc/4.0/,Marleen Schouten,6131097192,2048,1155,0.0574
Ctenochaetus striatus,019_gbif_6131166005.jpg,https://inaturalist-open-data.s3.amazonaws.com/photos/607220458/original.jpg,http://creativecommons.org/licenses/by-nc/4.0/,Marleen Schouten,6131166005,2048,1155,0.0923
Ctenochaetus striatus,020_gbif_6131325567.jpg,https://inaturalist-open-data.s3.amazonaws.com/photos/608134597/original.jpg,http://creativecommons.org/licenses/by-nc/4.0/,Marleen Schouten,6131325567,2048,1155,0.0559
Ctenochaetus striatus,021_gbif_6131362842.jpg,https://inaturalist-open-data.s3.amazonaws.com/photos/610168812/original.jpg,http://creativecommons.org/licenses/by-nc/4.0/,SachadeRuiter,6131362842,2048,1536,0.1384
Ctenochaetus striatus,022_gbif_6131363757.jpg,https://inaturalist-open-data.s3.amazonaws.com/photos/608664748/original.jpg,http://creativecommons.org/licenses/by-nc/4.0/,Marleen Schouten,6131363757,2048,1155,0.0616
Ctenochaetus striatus,023_gbif_6131375698.jpg,https://inaturalist-open-data.s3.amazonaws.com/photos/608610941/original.jpg,http://creativecommons.org/licenses/by-nc/4.0/,Marleen Schouten,6131375698,2048,1155,0.0621
Ctenochaetus striatus,024_gbif_6131501885.jpg,https://inaturalist-open-data.s3.amazonaws.com/photos/611027657/original.jpg,http://creativecommons.org/licenses/by-nc/4.0/,Steve Hampton,6131501885,2048,1474,0.1458
Ctenochaetus strigosus,001_gbif_5938036827.jpg,https://inaturalist-open-data.s3.amazonaws.com/photos/605214032/original.jpg,http://creativecommons.org/licenses/by-nc/4.0/,Caroline Wolfe-Merritt,5938036827,2048,1472,0.1031
Ctenochaetus strigosus,002_gbif_5938643687.jpg,https://inaturalist-open-data.s3.amazonaws.com/photos/605214071/original.jpg,http://creativecommons.org/licenses/by-nc/4.0/,Caroline Wolfe-Merritt,5938643687,2048,1536,0.0277
Ctenochaetus strigosus,003_gbif_6130075464.jpg,https://inaturalist-open-data.s3.amazonaws.com/photos/610451544/original.jpg,http://creativecommons.org/licenses/by-nc/4.0/,markymark5,6130075464,2048,1536,0.0357
Ctenochaetus strigosus,004_gbif_6130507451.jpg,https://inaturalist-open-data.s3.amazonaws.com/photos/608071243/original.jpg,http://creativecommons.org/licenses/by-nc/4.0/,David R,6130507451,2048,1638,0.007
Ctenochaetus strigosus,005_gbif_6130902977.jpg,https://inaturalist-open-data.s3.amazonaws.com/photos/610451567/original.jpg,http://creativecommons.org/licenses/by-nc/4.0/,markymark5,6130902977,2048,1536,0.0578
Ctenochaetus strigosus,006_gbif_6131120109.jpg,https://inaturalist-open-data.s3.amazonaws.com/photos/609725504/original.jpg,http://creativecommons.org/licenses/by-nc/4.0/,Andrew Plant,6131120109,2048,1536,0.0089
Ctenochaetus strigosus,007_gbif_6131132734.jpg,https://inaturalist-open-data.s3.amazonaws.com/photos/606219622/original.jpg,http://creativecommons.org/licenses/by-nc/4.0/,lwhitenack,6131132734,946,2048,0.0068
Ctenochaetus strigosus,008_gbif_6131444122.jpg,https://inaturalist-open-data.s3.amazonaws.com/photos/610443078/original.jpg,http://creativecommons.org/licenses/by-nc/4.0/,markymark5,6131444122,2048,1536,0.0148
Ctenochaetus strigosus,009_gbif_6131578790.jpg,https://inaturalist-open-data.s3.amazonaws.com/photos/609007043/original.jpg,http://creativecommons.org/licenses/by-nc/4.0/,JimsWildLife,6131578790,948,816,0.0234
Ctenochaetus strigosus,010_gbif_6133267887.jpg,https://inaturalist-open-data.s3.amazonaws.com/photos/611126579/original.jpg,http://creativecommons.org/licenses/by-nc/4.0/,marigrob,6133267887,1722,1185,0.2787
Ctenochaetus strigosus,011_gbif_6133406354.jpg,https://inaturalist-open-data.s3.amazonaws.com/photos/611613086/original.jpg,http://creativecommons.org/licenses/by-nc/4.0/,David R,6133406354,2048,1638,0.0112
Ctenochaetus strigosus,012_gbif_6147504164.jpg,https://inaturalist-open-data.s3.amazonaws.com/photos/613985128/original.jpg,http://creativecommons.org/licenses/by-nc/4.0/,Joe Paquin,6147504164,2048,1368,0.2015
Ctenochaetus strigosus,013_gbif_6147579037.jpg,https://inaturalist-open-data.s3.amazonaws.com/photos/613985607/original.jpg,http://creativecommons.org/licenses/by-nc/4.0/,Joe Paquin,6147579037,2048,1368,0.1208
Ctenochaetus strigosus,014_gbif_6162819302.jpg,https://inaturalist-open-data.s3.amazonaws.com/photos/617110578/original.jpg,http://creativecommons.org/licenses/by-nc/4.0/,Stypnzelda,6162819302,2048,1152,0.0139
Ctenochaetus strigosus,015_gbif_6162846714.jpg,https://inaturalist-open-data.s3.amazonaws.com/photos/617108916/original.jpg,http://creativecommons.org/licenses/by-nc/4.0/,Stypnzelda,6162846714,2048,1152,0.0305
Ctenochaetus strigosus,016_gbif_6163185084.jpg,https://inaturalist-open-data.s3.amazonaws.com/photos/617110078/original.jpg,http://creativecommons.org/licenses/by-nc/4.0/,Stypnzelda,6163185084,2048,1152,0.0153
Ctenochaetus strigosus,017_gbif_6413605096.jpg,https://inaturalist-open-data.s3.amazonaws.com/photos/680582892/original.jpg,http://creativecommons.org/licenses/by-nc/4.0/,aproseto,6413605096,2048,1152,0.0181
Ctenochaetus strigosus,018_gbif_6159248363.jpg,https://inaturalist-open-data.s3.amazonaws.com/photos/615877500/original.jpg,http://creativecommons.org/licenses/by-nc/4.0/,orionsmcc,6159248363,2048,1536,0.0103
Ctenochaetus strigosus,019_gbif_6162866697.jpg,https://inaturalist-open-data.s3.amazonaws.com/photos/618000373/original.jpg,http://creativecommons.org/licenses/by-nc/4.0/,MDrevininkas,6162866697,1409,885,0.0115
Ctenochaetus strigosus,020_gbif_6170861445.jpg,https://inaturalist-open-data.s3.amazonaws.com/photos/619622824/original.jpg,http://creativecommons.org/licenses/by-nc/4.0/,Landon Ellis,6170861445,1536,2048,0.0772
Ctenochaetus strigosus,021_gbif_6179169844.jpg,https://inaturalist-open-data.s3.amazonaws.com/photos/621054954/original.jpg,http://creativecommons.org/licenses/by-nc/4.0/,pattabi,6179169844,2048,1280,0.1294
Ctenochaetus strigosus,022_gbif_6179444141.jpg,https://inaturalist-open-data.s3.amazonaws.com/photos/621060839/original.jpg,http://creativecommons.org/publicdomain/zero/1.0/,Thompson Hyggen,6179444141,2048,1536,0.0132
Ctenochaetus strigosus,023_gbif_6179544114.jpg,https://inaturalist-open-data.s3.amazonaws.com/photos/621060947/original.jpg,http://creativecommons.org/publicdomain/zero/1.0/,Thompson Hyggen,6179544114,2048,1536,0.0319
Ctenochaetus strigosus,024_gbif_6178701780.jpg,https://inaturalist-open-data.s3.amazonaws.com/photos/621910686/original.jpg,http://creativecommons.org/licenses/by-nc/4.0/,Ryan Shaw,6178701780,2000,1334,0.1486
Ctenochaetus tominiensis,001_gbif_6179346063.jpg,https://inaturalist-open-data.s3.amazonaws.com/photos/624111363/original.jpg,http://creativecommons.org/licenses/by-nc/4.0/,divercraig,6179346063,2048,1536,0.0479
Ctenochaetus tominiensis,002_gbif_6179166888.jpg,https://inaturalist-open-data.s3.amazonaws.com/photos/624135770/original.jpg,http://creativecommons.org/licenses/by/4.0/,Debra Baker,6179166888,1629,1379,0.032
Ctenochaetus tominiensis,002_gbif_6187913576.jpg,https://inaturalist-open-data.s3.amazonaws.com/photos/631288195/original.jpg,http://creativecommons.org/licenses/by-nc/4.0/,deblee5,6187913576,2048,1490,0.0902
Ctenochaetus tominiensis,004_gbif_6236322275.jpg,https://inaturalist-open-data.s3.amazonaws.com/photos/642744327/original.jpg,http://creativecommons.org/licenses/by-nc/4.0/,wild___max,6236322275,2048,1536,0.0404
Ctenochaetus tominiensis,003_gbif_6399253658.jpg,https://inaturalist-open-data.s3.amazonaws.com/photos/672216313/original.jpg,http://creativecommons.org/licenses/by-nc/4.0/,TGriffin,6399253658,1440,1080,0.1188
Ctenochaetus tominiensis,006_gbif_6413208395.jpg,https://inaturalist-open-data.s3.amazonaws.com/photos/681372693/original.jpg,http://creativecommons.org/licenses/by-nc/4.0/,Guy Pinneo,6413208395,1536,2048,0.2259
Ctenochaetus tominiensis,007_gbif_6452239468.jpg,https://inaturalist-open-data.s3.amazonaws.com/photos/697993179/original.jpg,http://creativecommons.org/licenses/by/4.0/,Roger Rittmaster,6452239468,1980,1584,0.0846
Ctenochaetus tominiensis,004_gbif_6440936484.jpg,https://inaturalist-open-data.s3.amazonaws.com/photos/695697723/original.jpg,http://creativecommons.org/licenses/by-nc/4.0/,Prat,6440936484,1432,2048,0.0872
Ctenochaetus tominiensis,009_gbif_6441247116.jpg,https://inaturalist-open-data.s3.amazonaws.com/photos/695192777/original.jpg,http://creativecommons.org/licenses/by-nc/4.0/,Prat,6441247116,2048,1361,0.0703
Ctenochaetus tominiensis,010_gbif_6441368010.jpg,https://inaturalist-open-data.s3.amazonaws.com/photos/695054435/original.jpg,http://creativecommons.org/licenses/by-nc/4.0/,Xavier Rufray,6441368010,2048,1261,0.0111
Ctenochaetus tominiensis,005_gbif_6441566129.jpg,https://inaturalist-open-data.s3.amazonaws.com/photos/694621149/original.jpg,http://creativecommons.org/licenses/by-nc/4.0/,Adrien Lowenstein - Anaïs Berry,6441566129,2048,1536,0.1911
Ctenochaetus tominiensis,006_gbif_6441982394.jpg,https://inaturalist-open-data.s3.amazonaws.com/photos/695070791/original.jpg,http://creativecommons.org/licenses/by-nc/4.0/,Xavier Rufray,6441982394,2048,1430,0.019
Ctenochaetus tominiensis,007_gbif_6452159446.jpg,https://inaturalist-open-data.s3.amazonaws.com/photos/701579034/original.jpg,http://creativecommons.org/licenses/by-nc/4.0/,Prat,6452159446,2048,1365,0.0387
Ctenochaetus tominiensis,008_gbif_6452261792.jpg,https://inaturalist-open-data.s3.amazonaws.com/photos/699457252/original.jpg,http://creativecommons.org/licenses/by-nc/4.0/,vraybaud,6452261792,2048,1536,0.1391
Ctenochaetus tominiensis,015_gbif_6469736033.jpg,https://inaturalist-open-data.s3.amazonaws.com/photos/705848964/original.jpg,http://creativecommons.org/licenses/by-nc/4.0/,Thomas Menut,6469736033,2048,1403,0.0167
Ctenochaetus tominiensis,009_gbif_6469919399.jpg,https://inaturalist-open-data.s3.amazonaws.com/photos/704550843/original.jpg,http://creativecommons.org/licenses/by-nc/4.0/,SLouisy,6469919399,2048,1405,0.0249
Ctenochaetus tominiensis,017_gbif_6470032150.jpg,https://inaturalist-open-data.s3.amazonaws.com/photos/704546174/original.jpg,http://creativecommons.org/licenses/by-nc/4.0/,SLouisy,6470032150,2048,1264,0.0322
Ctenochaetus tominiensis,011_gbif_5168187511.jpg,https://inaturalist-open-data.s3.amazonaws.com/photos/509656383/original.jpg,http://creativecommons.org/licenses/by-nc/4.0/,terence zahner,5168187511,1500,1000,0.04
Ctenochaetus tominiensis,012_gbif_5154807639.jpeg,https://inaturalist-open-data.s3.amazonaws.com/photos/502451358/original.jpeg,http://creativecommons.org/licenses/by-nc/4.0/,Marisa Agarwal,5154807639,2048,1536,0.0092
Ctenochaetus tominiensis,020_gbif_5167163941.jpg,https://inaturalist-open-data.s3.amazonaws.com/photos/510711299/original.jpg,http://creativecommons.org/licenses/by-nc/4.0/,ldkm8,5167163941,2048,1536,0.1361
Ctenochaetus tominiensis,015_gbif_5198584728.jpg,https://inaturalist-open-data.s3.amazonaws.com/photos/519089907/original.jpg,http://creativecommons.org/licenses/by-nc/4.0/,Mark Rosenstein,5198584728,1200,800,0.1445
Ctenochaetus tominiensis,018_gbif_6147295086.jpg,https://inaturalist-open-data.s3.amazonaws.com/photos/556850874/original.jpg,http://creativecommons.org/licenses/by/4.0/,Bernard DUPONT,6147295086,2048,1275,0.1802
Ctenochaetus tominiensis,020_gbif_6147444377.jpg,https://inaturalist-open-data.s3.amazonaws.com/photos/556860445/original.jpg,http://creativecommons.org/licenses/by/4.0/,Bernard DUPONT,6147444377,1376,2048,0.0402
Ctenochaetus tominiensis,023_gbif_6147538265.jpg,https://inaturalist-open-data.s3.amazonaws.com/photos/556353906/original.jpg,http://creativecommons.org/licenses/by/4.0/,Bernard DUPONT,6147538265,2048,1173,0.0397
Ctenochaetus truncatus,001_gbif_6130250059.jpg,https://inaturalist-open-data.s3.amazonaws.com/photos/609205244/original.jpg,http://creativecommons.org/licenses/by-nc/4.0/,wilnasteenkamp,6130250059,2048,1096,0.0876
Ctenochaetus truncatus,002_gbif_6171040216.jpg,https://inaturalist-open-data.s3.amazonaws.com/photos/619860484/original.jpg,http://creativecommons.org/licenses/by-nc/4.0/,mirriliem,6171040216,1152,2048,0.0909
Ctenochaetus truncatus,003_gbif_6178349763.jpg,https://inaturalist-open-data.s3.amazonaws.com/photos/623317301/original.jpg,http://creativecommons.org/licenses/by/4.0/,Zac Peterson,6178349763,1455,939,0.039
Ctenochaetus truncatus,004_gbif_6179147706.jpg,https://inaturalist-open-data.s3.amazonaws.com/photos/623297507/original.jpg,http://creativecommons.org/licenses/by/4.0/,Zac Peterson,6179147706,2048,1542,0.0401
Ctenochaetus truncatus,005_gbif_6187902766.jpg,https://inaturalist-open-data.s3.amazonaws.com/photos/631851093/original.jpg,http://creativecommons.org/licenses/by-nc/4.0/,sandrinelecomte13,6187902766,2048,1536,0.1184
Ctenochaetus truncatus,006_gbif_6184835971.jpg,https://inaturalist-open-data.s3.amazonaws.com/photos/625932999/original.jpg,http://creativecommons.org/licenses/by-nc/4.0/,DZIVULA GUBE,6184835971,2048,1536,0.194
Ctenochaetus truncatus,007_gbif_6185767486.jpg,https://inaturalist-open-data.s3.amazonaws.com/photos/629177998/original.jpg,http://creativecommons.org/licenses/by-nc/4.0/,mwanaisha_musa,6185767486,2048,1536,0.0203
Ctenochaetus truncatus,008_gbif_6185772136.jpg,https://inaturalist-open-data.s3.amazonaws.com/photos/627232896/original.jpg,http://creativecommons.org/licenses/by-nc/4.0/,barbesploratore,6185772136,2048,1206,0.0117
Ctenochaetus truncatus,009_gbif_6185944852.jpg,https://inaturalist-open-data.s3.amazonaws.com/photos/626035057/original.jpg,http://creativecommons.org/licenses/by-nc/4.0/,Suzu Sato,6185944852,2048,1536,0.008
Ctenochaetus truncatus,010_gbif_6430837569.jpg,https://inaturalist-open-data.s3.amazonaws.com/photos/690439461/original.jpg,http://creativecommons.org/licenses/by-nc/4.0/,Hamadi Mwamlavya,6430837569,1440,1080,0.0639
Ctenochaetus truncatus,011_gbif_6431940406.jpg,https://inaturalist-open-data.s3.amazonaws.com/photos/690439420/original.jpg,http://creativecommons.org/licenses/by-nc/4.0/,Hamadi Mwamlavya,6431940406,1440,1080,0.0348
Ctenochaetus truncatus,012_gbif_6195546715.jpg,https://inaturalist-open-data.s3.amazonaws.com/photos/634648168/original.jpg,http://creativecommons.org/licenses/by/4.0/,Lisa_James,6195546715,2032,1357,0.0669
Ctenochaetus truncatus,013_gbif_6235632287.jpg,https://inaturalist-open-data.s3.amazonaws.com/photos/647879359/original.jpg,http://creativecommons.org/licenses/by-nc/4.0/,azimmusthag,6235632287,2048,1536,0.0767
Ctenochaetus truncatus,014_gbif_6252902010.jpg,https://inaturalist-open-data.s3.amazonaws.com/photos/653435942/original.jpg,http://creativecommons.org/licenses/by-nc/4.0/,mwanaisha_musa,6252902010,2048,1536,0.0149
Ctenochaetus truncatus,015_gbif_6252239033.jpg,https://inaturalist-open-data.s3.amazonaws.com/photos/653468732/original.jpg,http://creativecommons.org/licenses/by-nc/4.0/,summernewton,6252239033,2048,1536,0.0409
Ctenochaetus truncatus,016_gbif_6252371479.jpg,https://inaturalist-open-data.s3.amazonaws.com/photos/653468483/original.jpg,http://creativecommons.org/licenses/by-nc/4.0/,summernewton,6252371479,2048,1536,0.0545
Ctenochaetus truncatus,017_gbif_6252400085.jpg,https://inaturalist-open-data.s3.amazonaws.com/photos/652731684/original.jpg,http://creativecommons.org/licenses/by-nc/4.0/,aslam aslam,6252400085,2048,1536,0.0497
Ctenochaetus truncatus,018_gbif_6252521428.jpg,https://inaturalist-open-data.s3.amazonaws.com/photos/653521155/original.jpg,http://creativecommons.org/licenses/by-nc/4.0/,summernewton,6252521428,2048,1536,0.0619
Ctenochaetus truncatus,019_gbif_6253246187.jpg,https://inaturalist-open-data.s3.amazonaws.com/photos/653468834/original.jpg,http://creativecommons.org/licenses/by-nc/4.0/,summernewton,6253246187,2048,1536,0.0346
Ctenochaetus truncatus,020_gbif_6273712369.jpg,https://inaturalist-open-data.s3.amazonaws.com/photos/655914994/original.jpg,http://creativecommons.org/licenses/by-nc/4.0/,k_freemantle,6273712369,2048,1264,0.0047
Ctenochaetus truncatus,021_gbif_6273738847.jpg,https://inaturalist-open-data.s3.amazonaws.com/photos/654706555/original.jpg,http://creativecommons.org/licenses/by-nc/4.0/,k_freemantle,6273738847,2048,1299,0.1628
Ctenochaetus truncatus,022_gbif_6273774494.jpg,https://inaturalist-open-data.s3.amazonaws.com/photos/654716364/original.jpg,http://creativecommons.org/licenses/by-nc/4.0/,nishagoldsworthy,6273774494,2048,1536,0.0138
Ctenochaetus truncatus,023_gbif_6273918896.jpg,https://inaturalist-open-data.s3.amazonaws.com/photos/654252508/original.jpg,http://creativecommons.org/licenses/by-nc/4.0/,elinehanna,6273918896,2048,1536,0.0164
Ctenochaetus truncatus,024_gbif_6274167556.jpg,https://inaturalist-open-data.s3.amazonaws.com/photos/654251670/original.jpg,http://creativecommons.org/licenses/by-nc/4.0/,elinehanna,6274167556,2048,1536,0.0132
Naso annulatus,001_gbif_6130011069.jpg,https://inaturalist-open-data.s3.amazonaws.com/photos/607791716/original.jpg,http://creativecommons.org/licenses/by/4.0/,Debra Baker,6130011069,2048,1536,0.0507
Naso annulatus,002_gbif_6130757871.jpg,https://inaturalist-open-data.s3.amazonaws.com/photos/610396753/original.jpg,http://creativecommons.org/licenses/by-nc/4.0/,Franco Colnago,6130757871,2048,1367,0.0128
Naso annulatus,003_gbif_6147215748.jpg,https://inaturalist-open-data.s3.amazonaws.com/photos/613829454/original.jpg,http://creativecommons.org/licenses/by-nc/4.0/,Paul Norwood,6147215748,2048,1536,0.0113
Naso annulatus,004_gbif_6147509046.jpg,https://inaturalist-open-data.s3.amazonaws.com/photos/613693026/original.jpg,http://creativecommons.org/licenses/by-nc/4.0/,Joe Paquin,6147509046,2022,1351,0.3354
Naso annulatus,005_gbif_6147661260.jpg,https://inaturalist-open-data.s3.amazonaws.com/photos/613692642/original.jpg,http://creativecommons.org/licenses/by-nc/4.0/,Joe Paquin,6147661260,2048,1368,0.1305
Naso annulatus,006_gbif_6159533545.jpg,https://inaturalist-open-data.s3.amazonaws.com/photos/616008715/original.jpg,http://creativecommons.org/licenses/by/4.0/,Jan Ebr & Ivana Ebrová,6159533545,1585,1235,0.0552
Naso annulatus,007_gbif_6159162153.jpg,https://inaturalist-open-data.s3.amazonaws.com/photos/614832527/original.jpg,http://creativecommons.org/licenses/by-nc/4.0/,Lana,6159162153,2048,1368,0.0896
Naso annulatus,008_gbif_6159225764.jpg,https://inaturalist-open-data.s3.amazonaws.com/photos/614649027/original.jpg,http://creativecommons.org/licenses/by-nc/4.0/,Felix Harper,6159225764,2048,1536,0.0395
Naso annulatus,009_gbif_6159342798.jpg,https://inaturalist-open-data.s3.amazonaws.com/photos/615672668/original.jpg,http://creativecommons.org/licenses/by-nc/4.0/,Michal,6159342798,2048,1366,0.0539
Naso annulatus,010_gbif_6159358527.jpg,https://inaturalist-open-data.s3.amazonaws.com/photos/615198278/original.jpg,http://creativecommons.org/licenses/by-nc/4.0/,Emily Sonter,6159358527,2048,1536,0.0139
Naso annulatus,011_gbif_6159477258.jpg,https://inaturalist-open-data.s3.amazonaws.com/photos/615894521/original.jpg,http://creativecommons.org/licenses/by-nc/4.0/,洪海瑞,6159477258,2048,1536,0.0068
Naso annulatus,012_gbif_6162929196.jpg,https://inaturalist-open-data.s3.amazonaws.com/photos/617661353/original.jpg,http://creativecommons.org/licenses/by-nc/4.0/,offshore_,6162929196,1464,1464,0.1979
Naso annulatus,013_gbif_6163114804.jpg,https://inaturalist-open-data.s3.amazonaws.com/photos/617338409/original.jpg,http://creativecommons.org/licenses/by-nc/4.0/,diana88jingfung,6163114804,1400,926,0.1756
Naso annulatus,014_gbif_6171250927.jpg,https://inaturalist-open-data.s3.amazonaws.com/photos/619441414/original.jpg,http://creativecommons.org/licenses/by-nc/4.0/,Peter de Jongh,6171250927,1071,868,0.0833
Naso annulatus,015_gbif_6178885920.jpg,https://inaturalist-open-data.s3.amazonaws.com/photos/621316541/original.jpg,http://creativecommons.org/licenses/by-nc/4.0/,jamesunsworth,6178885920,2048,2048,0.1088
Naso annulatus,016_gbif_6179185927.jpg,https://inaturalist-open-data.s3.amazonaws.com/photos/621063676/original.jpg,http://creativecommons.org/publicdomain/zero/1.0/,Thompson Hyggen,6179185927,2048,1536,0.008
Naso annulatus,017_gbif_6333995062.jpg,https://inaturalist-open-data.s3.amazonaws.com/photos/664163781/original.jpg,http://creativecommons.org/licenses/by-nc/4.0/,Marinebio,6333995062,2048,1361,0.0191
Naso annulatus,018_gbif_6178379183.jpg,https://inaturalist-open-data.s3.amazonaws.com/photos/624896088/original.jpg,http://creativecommons.org/licenses/by-nc/4.0/,John Sear,6178379183,2048,1489,0.0058
Naso annulatus,019_gbif_6178919771.jpg,https://inaturalist-open-data.s3.amazonaws.com/photos/623884691/original.jpg,http://creativecommons.org/licenses/by-nc/4.0/,Andy,6178919771,2048,1363,0.0238
Naso annulatus,020_gbif_6185206723.jpg,https://inaturalist-open-data.s3.amazonaws.com/photos/625967014/original.jpg,http://creativecommons.org/licenses/by-nc/4.0/,Michal,6185206723,2048,1366,0.0118
Naso annulatus,021_gbif_6185268177.jpg,https://inaturalist-open-data.s3.amazonaws.com/photos/628761880/original.jpg,http://creativecommons.org/licenses/by-nc/4.0/,Erik Schlögl,6185268177,1800,1184,0.0611
Naso annulatus,022_gbif_6185301615.jpg,https://inaturalist-open-data.s3.amazonaws.com/photos/627959943/original.jpg,http://creativecommons.org/licenses/by-nc/4.0/,jenbird88,6185301615,2048,1536,0.0257
Naso annulatus,023_gbif_6185419056.jpg,https://inaturalist-open-data.s3.amazonaws.com/photos/628759262/original.jpg,http://creativecommons.org/licenses/by-nc/4.0/,offshore_,6185419056,1198,1198,0.2523
Naso annulatus,024_gbif_6186067786.jpg,https://inaturalist-open-data.s3.amazonaws.com/photos/628407919/original.jpg,http://creativecommons.org/licenses/by-nc/4.0/,Michal,6186067786,2048,1366,0.1324
Naso brachycentron,001_gbif_6131342110.jpg,https://inaturalist-open-data.s3.amazonaws.com/photos/606056958/original.jpg,http://creativecommons.org/licenses/by-nc/4.0/,Arno,6131342110,2048,1152,0.0532
Naso brachycentron,002_gbif_6178488835.jpg,https://inaturalist-open-data.s3.amazonaws.com/photos/621945397/original.jpg,http://creativecommons.org/licenses/by-nc/4.0/,Jens Sommer-Knudsen,6178488835,2048,1365,0.2574
Naso brachycentron,003_gbif_6179127606.jpg,https://inaturalist-open-data.s3.amazonaws.com/photos/621945374/original.jpg,http://creativecommons.org/licenses/by-nc/4.0/,Jens Sommer-Knudsen,6179127606,2048,1366,0.1769
Naso brachycentron,004_gbif_6163050858.jpg,https://inaturalist-open-data.s3.amazonaws.com/photos/617055348/original.jpg,http://creativecommons.org/licenses/by/4.0/,Nicola Crockford,6163050858,2048,1152,0.0089
Naso brachycentron,005_gbif_6163284139.jpg,https://inaturalist-open-data.s3.amazonaws.com/photos/617055381/original.jpg,http://creativecommons.org/licenses/by/4.0/,Nicola Crockford,6163284139,2048,1152,0.0277
Naso brachycentron,006_gbif_6163374735.jpg,https://inaturalist-open-data.s3.amazonaws.com/photos/617055345/original.jpg,http://creativecommons.org/licenses/by/4.0/,Nicola Crockford,6163374735,1826,1027,0.047
Naso brachycentron,007_gbif_6185004224.jpg,https://inaturalist-open-data.s3.amazonaws.com/photos/627934761/original.jpg,http://creativecommons.org/licenses/by-nc/4.0/,Marinebio,6185004224,2048,1365,0.02
Naso brachycentron,008_gbif_6170853569.jpg,https://inaturalist-open-data.s3.amazonaws.com/photos/620538889/original.jpg,http://creativecommons.org/licenses/by-nc/4.0/,roberttheintrepid,6170853569,1920,1440,0.0463
Naso brachycentron,009_gbif_6171010277.jpg,https://inaturalist-open-data.s3.amazonaws.com/photos/620504118/original.jpg,http://creativecommons.org/licenses/by/4.0/,PampaSorro,6171010277,1965,1478,0.0265
Naso brachycentron,010_gbif_6178986390.jpg,https://inaturalist-open-data.s3.amazonaws.com/photos/621500937/original.jpg,http://creativecommons.org/licenses/by-nc/4.0/,Paul,6178986390,1920,1080,0.0377
Naso brachycentron,011_gbif_6185434491.jpg,https://inaturalist-open-data.s3.amazonaws.com/photos/625616173/original.jpg,http://creativecommons.org/licenses/by-nc/4.0/,mualeyyy,6185434491,2048,1152,0.0751
Naso brachycentron,012_gbif_6185935172.jpg,https://inaturalist-open-data.s3.amazonaws.com/photos/625747857/original.jpg,http://creativecommons.org/licenses/by/4.0/,PampaSorro,6185935172,976,866,0.0508
Naso brachycentron,013_gbif_6274047491.jpg,https://inaturalist-open-data.s3.amazonaws.com/photos/654062179/original.jpg,http://creativecommons.org/licenses/by-nc/4.0/,gbrbiology,6274047491,2048,1536,0.0313
Naso brachycentron,014_gbif_6441846890.jpg,https://inaturalist-open-data.s3.amazonaws.com/photos/693214773/original.jpg,http://creativecommons.org/licenses/by-nc/4.0/,Anas Louhenapessy,6441846890,2048,1536,0.047
Naso brachycentron,015_gbif_6251444693.jpg,https://inaturalist-open-data.s3.amazonaws.com/photos/653520639/original.jpg,http://creativecommons.org/licenses/by-nc/4.0/,summernewton,6251444693,2048,1536,0.0469
Naso brachycentron,016_gbif_6252203471.jpg,https://inaturalist-open-data.s3.amazonaws.com/photos/653520759/original.jpg,http://creativecommons.org/licenses/by-nc/4.0/,summernewton,6252203471,2048,1536,0.0497
Naso brachycentron,017_gbif_6253235255.jpg,https://inaturalist-open-data.s3.amazonaws.com/photos/652528211/original.jpg,http://creativecommons.org/licenses/by-nc/4.0/,nishagoldsworthy,6253235255,2048,1536,0.0196
Naso brachycentron,018_gbif_6273205663.jpg,https://inaturalist-open-data.s3.amazonaws.com/photos/654269055/original.jpg,http://creativecommons.org/licenses/by/4.0/,Lisa_James,6273205663,1666,1113,0.0072
Naso brachycentron,019_gbif_6273785026.jpg,https://inaturalist-open-data.s3.amazonaws.com/photos/654846881/original.jpg,http://creativecommons.org/licenses/by-nc/4.0/,professor_thahey,6273785026,1000,2048,0.0715
Naso brachycentron,020_gbif_6273912421.jpg,https://inaturalist-open-data.s3.amazonaws.com/photos/654311326/original.jpg,http://creativecommons.org/licenses/by-nc/4.0/,Aryan Thakur,6273912421,2048,1368,0.0783
Naso brachycentron,021_gbif_6274166600.jpg,https://inaturalist-open-data.s3.amazonaws.com/photos/654250306/original.jpg,http://creativecommons.org/licenses/by-nc/4.0/,elinehanna,6274166600,2048,1536,0.0139
Naso brachycentron,022_gbif_6320588501.jpg,https://inaturalist-open-data.s3.amazonaws.com/photos/659434373/original.jpg,http://creativecommons.org/licenses/by-nc/4.0/,Malte Sellin,6320588501,1819,1364,0.0949
Naso brachycentron,023_gbif_6334171370.jpg,https://inaturalist-open-data.s3.amazonaws.com/photos/666230754/original.jpg,http://creativecommons.org/licenses/by-nc/4.0/,gbrbiology,6334171370,2048,1562,0.0303
Naso brachycentron,024_gbif_6353197573.jpg,https://inaturalist-open-data.s3.amazonaws.com/photos/666928431/original.jpg,http://creativecommons.org/licenses/by-nc/4.0/,gbrbiology,6353197573,1899,1424,0.0182
Naso brevirostris,001_gbif_5938280749.jpg,https://inaturalist-open-data.s3.amazonaws.com/photos/605241547/original.jpg,http://creativecommons.org/licenses/by-nc/4.0/,argentinosaurus,5938280749,1449,1018,0.046
Naso brevirostris,001_gbif_6129976804.jpg,https://inaturalist-open-data.s3.amazonaws.com/photos/607862560/original.jpg,http://creativecommons.org/licenses/by-nc/4.0/,David R,6129976804,2048,1638,0.0056
Naso brevirostris,002_gbif_6130517893.jpg,https://inaturalist-open-data.s3.amazonaws.com/photos/607096944/original.jpg,http://creativecommons.org/licenses/by-nc/4.0/,boussion_magali,6130517893,2048,1536,0.0065
Naso brevirostris,004_gbif_6130641598.jpg,https://inaturalist-open-data.s3.amazonaws.com/photos/608122701/original.jpg,http://creativecommons.org/licenses/by-nc/4.0/,Dwight Baker,6130641598,985,985,0.0222
Naso brevirostris,005_gbif_6130901332.jpg,https://inaturalist-open-data.s3.amazonaws.com/photos/609990369/original.jpg,http://creativecommons.org/licenses/by-nc/4.0/,starryseaexplorer,6130901332,2048,1152,0.0645
Naso brevirostris,003_gbif_6131573335.jpg,https://inaturalist-open-data.s3.amazonaws.com/photos/608639329/original.jpg,http://creativecommons.org/licenses/by-nc/4.0/,milesleask,6131573335,2048,1536,0.0726
Naso brevirostris,007_gbif_6133374089.jpg,https://inaturalist-open-data.s3.amazonaws.com/photos/611203214/original.jpg,http://creativecommons.org/licenses/by-nc/4.0/,jimburger,6133374089,2048,1792,0.0296
Naso brevirostris,008_gbif_6133374784.jpg,https://inaturalist-open-data.s3.amazonaws.com/photos/611227890/original.jpg,http://creativecommons.org/licenses/by-nc/4.0/,jimburger,6133374784,948,829,0.1996
Naso brevirostris,009_gbif_6133464126.jpg,https://inaturalist-open-data.s3.amazonaws.com/photos/611225775/original.jpg,http://creativecommons.org/licenses/by-nc/4.0/,Tahn Miller,6133464126,2048,1536,0.0834
Naso brevirostris,010_gbif_6147468545.jpg,https://inaturalist-open-data.s3.amazonaws.com/photos/613985202/original.jpg,http://creativecommons.org/licenses/by-nc/4.0/,Joe Paquin,6147468545,2048,1368,0.259
Naso brevirostris,004_gbif_6178421315.jpg,https://inaturalist-open-data.s3.amazonaws.com/photos/622376910/original.jpg,http://creativecommons.org/licenses/by-nc/4.0/,Jens Sommer-Knudsen,6178421315,2048,1366,0.2323
Naso brevirostris,012_gbif_6147462292.jpg,https://inaturalist-open-data.s3.amazonaws.com/photos/614032744/original.jpg,http://creativecommons.org/licenses/by-nc/4.0/,salty_borg,6147462292,1469,981,0.0864
Naso brevirostris,007_gbif_6159141137.jpg,https://inaturalist-open-data.s3.amazonaws.com/photos/615893910/original.jpg,http://creativecommons.org/licenses/by-nc/4.0/,洪海瑞,6159141137,2048,1536,0.0347
Naso brevirostris,014_gbif_6159192374.jpg,https://inaturalist-open-data.s3.amazonaws.com/photos/615456112/original.jpg,http://creativecommons.org/licenses/by-nc/4.0/,mrjacobeee,6159192374,945,2048,0.0169
Naso brevirostris,015_gbif_6159218623.jpg,https://inaturalist-open-data.s3.amazonaws.com/photos/615455725/original.jpg,http://creativecommons.org/licenses/by-nc/4.0/,mrjacobeee,6159218623,945,2048,0.0216
Naso brevirostris,016_gbif_6159319288.jpg,https://inaturalist-open-data.s3.amazonaws.com/photos/615458954/original.jpg,http://creativecommons.org/licenses/by-nc/4.0/,mrjacobeee,6159319288,945,2048,0.0138
Naso brevirostris,011_gbif_6170972478.jpg,https://inaturalist-open-data.s3.amazonaws.com/photos/618669584/original.jpg,http://creativecommons.org/licenses/by-nc/4.0/,Timothy E Myer,6170972478,1884,1260,0.0364
Naso brevirostris,013_gbif_6178837182.jpg,https://inaturalist-open-data.s3.amazonaws.com/photos/621786058/original.jpg,http://creativecommons.org/licenses/by/4.0/,Nicola Crockford,6178837182,1638,922,0.0157
Naso brevirostris,019_gbif_6178887045.jpg,https://inaturalist-open-data.s3.amazonaws.com/photos/624140354/original.jpg,http://creativecommons.org/licenses/by-nc/4.0/,divercraig,6178887045,2048,1536,0.0126
Naso brevirostris,020_gbif_6320552570.jpg,https://inaturalist-open-data.s3.amazonaws.com/photos/659464415/original.jpg,http://creativecommons.org/licenses/by-nc/4.0/,chumbeisland,6320552570,2048,1536,0.024
Naso brevirostris,017_gbif_6414101554.jpg,https://inaturalist-open-data.s3.amazonaws.com/photos/682112143/original.jpg,http://creativecommons.org/licenses/by-nc/4.0/,CORDENOS Thierry,6414101554,2048,1365,0.035
Naso brevirostris,018_gbif_6171162878.jpg,https://inaturalist-open-data.s3.amazonaws.com/photos/620547031/original.jpg,http://creativecommons.org/licenses/by-nc/4.0/,tombooze,6171162878,1440,1080,0.0078
Naso brevirostris,023_gbif_6178709335.jpg,https://inaturalist-open-data.s3.amazonaws.com/photos/622403761/original.jpg,http://creativecommons.org/licenses/by-nc/4.0/,momaz,6178709335,2048,1707,0.1575
Naso brevirostris,022_gbif_6178711679.jpg,https://inaturalist-open-data.s3.amazonaws.com/photos/622403563/original.jpg,http://creativecommons.org/licenses/by-nc/4.0/,momaz,6178711679,2048,1490,0.1396
Naso caesius,001_gbif_6159292376.jpg,https://inaturalist-open-data.s3.amazonaws.com/photos/615454655/original.jpg,http://creativecommons.org/licenses/by-nc/4.0/,Curtis Hart,6159292376,2048,1536,0.0346
Naso caesius,002_gbif_6163118245.jpg,https://inaturalist-open-data.s3.amazonaws.com/photos/618010910/original.jpg,http://creativecommons.org/licenses/by-nc/4.0/,Pauline Fey,6163118245,2048,1536,0.1579
Naso caesius,003_gbif_6195755084.jpg,https://inaturalist-open-data.s3.amazonaws.com/photos/635296627/original.jpg,http://creativecommons.org/licenses/by-nc/4.0/,Abel Dupré,6195755084,2048,1792,0.0219
Naso caesius,004_gbif_5062950996.jpeg,https://inaturalist-open-data.s3.amazonaws.com/photos/463868271/original.jpeg,http://creativecommons.org/licenses/by-nc/4.0/,Chee Koi Jun,5062950996,1536,2048,0.0622
Naso caesius,005_gbif_5062952787.jpeg,https://inaturalist-open-data.s3.amazonaws.com/photos/463868348/original.jpeg,http://creativecommons.org/licenses/by-nc/4.0/,Chee Koi Jun,5062952787,1536,2048,0.1219
Naso caesius,006_gbif_5063000058.jpeg,https://inaturalist-open-data.s3.amazonaws.com/photos/463868286/original.jpeg,http://creativecommons.org/licenses/by-nc/4.0/,Chee Koi Jun,5063000058,1536,2048,0.0574
Naso caesius,007_gbif_5932492665.jpg,https://inaturalist-open-data.s3.amazonaws.com/photos/598693673/original.jpg,http://creativecommons.org/licenses/by-nc/4.0/,National Coral Reef Monitoring Program - Pacific Region,5932492665,2048,1365,0.0246
Naso caesius,008_gbif_5932606106.jpg,https://inaturalist-open-data.s3.amazonaws.com/photos/598693976/original.jpg,http://creativecommons.org/licenses/by-nc/4.0/,National Coral Reef Monitoring Program - Pacific Region,5932606106,2048,1365,0.0736
Naso caesius,003_gbif_5198884524.jpg,https://inaturalist-open-data.s3.amazonaws.com/photos/521786549/original.jpg,http://creativecommons.org/licenses/by-nc/4.0/,Curtis Hart,5198884524,1302,977,0.0342
Naso caesius,010_gbif_5216443185.jpg,https://inaturalist-open-data.s3.amazonaws.com/photos/527015648/original.jpg,http://creativecommons.org/licenses/by-nc/4.0/,nmi_fishguy,5216443185,2048,1638,0.0209
Naso caesius,004_gbif_5292723157.jpg,https://inaturalist-open-data.s3.amazonaws.com/photos/548538752/original.jpg,http://creativecommons.org/licenses/by-nc/4.0/,ethan currens,5292723157,2000,1500,0.0758
Naso caesius,005_gbif_5868133131.jpg,https://inaturalist-open-data.s3.amazonaws.com/photos/580852912/original.jpg,http://creativecommons.org/licenses/by-nc/4.0/,Jens Sommer-Knudsen,5868133131,2048,1365,0.2138
Naso caesius,013_gbif_4516670188.jpeg,https://inaturalist-open-data.s3.amazonaws.com/photos/347897015/original.jpeg,http://creativecommons.org/licenses/by-nc/4.0/,Ryan Yue Wah Chan,4516670188,1785,1370,0.0054
Naso caesius,006_gbif_5839950943.jpg,https://inaturalist-open-data.s3.amazonaws.com/photos/575068079/original.jpg,http://creativecommons.org/licenses/by-nc/4.0/,Tom Smith,5839950943,2048,1536,0.0082
Naso caesius,015_gbif_4923957767.jpeg,https://inaturalist-open-data.s3.amazonaws.com/photos/416359214/original.jpeg,http://creativecommons.org/licenses/by/4.0/,Kristiina Hurme,4923957767,1920,1080,0.0063
Naso caesius,016_gbif_4863444587.jpeg,https://inaturalist-open-data.s3.amazonaws.com/photos/381298621/original.jpeg,http://creativecommons.org/licenses/by-nc/4.0/,nmi_fishguy,4863444587,922,2048,0.1538
Naso caesius,008_gbif_4438770327.jpg,https://inaturalist-open-data.s3.amazonaws.com/photos/332495116/original.jpg,http://creativecommons.org/licenses/by-nc/4.0/,Mark Rosenstein,4438770327,1378,918,0.024
Naso caesius,018_gbif_4438899915.jpeg,https://inaturalist-open-data.s3.amazonaws.com/photos/332387321/original.jpeg,http://creativecommons.org/licenses/by-nc/4.0/,joseph_dibattista,4438899915,2048,1536,0.0141
Naso caesius,019_gbif_4500760604.png,https://inaturalist-open-data.s3.amazonaws.com/photos/332349555/original.png,http://creativecommons.org/licenses/by-nc/4.0/,Adam Smith,4500760604,1352,1072,0.0726
Naso caesius,020_gbif_3986296230.jpeg,https://inaturalist-open-data.s3.amazonaws.com/photos/245276721/original.jpeg,http://creativecommons.org/licenses/by-nc/4.0/,Peter,3986296230,2048,1577,0.1624
Naso caesius,014_gbif_3988511792.jpeg,https://inaturalist-open-data.s3.amazonaws.com/photos/245942767/original.jpeg,http://creativecommons.org/licenses/by-nc/4.0/,Jens Sommer-Knudsen,3988511792,2048,1365,0.0538
Naso caesius,016_gbif_3988536256.jpeg,https://inaturalist-open-data.s3.amazonaws.com/photos/246639016/original.jpeg,http://creativecommons.org/licenses/by-nc/4.0/,Jens Sommer-Knudsen,3988536256,2048,1365,0.0061
Naso caesius,019_gbif_5133340427.jpg,https://inaturalist-open-data.s3.amazonaws.com/photos/485349000/original.jpg,http://creativecommons.org/licenses/by-nc/4.0/,Alexandra Hoschke,5133340427,2048,1365,0.0202
Naso caesius,020_gbif_2981006625.jpeg,https://inaturalist-open-data.s3.amazonaws.com/photos/102472134/original.jpeg,http://creativecommons.org/licenses/by-nc/4.0/,Glen Whisson,2981006625,1331,1064,0.1427
Naso fageni,001_gbif_5153201399.jpg,https://inaturalist-open-data.s3.amazonaws.com/photos/505325681/original.jpg,http://creativecommons.org/licenses/by-nc/4.0/,Sue Manning,5153201399,2048,1536,0.0623
Naso fageni,002_gbif_5168193911.jpg,https://inaturalist-open-data.s3.amazonaws.com/photos/508698770/original.jpg,http://creativecommons.org/licenses/by-nc/4.0/,Harry Rosenthal,5168193911,2048,1511,0.1163
Naso fageni,003_gbif_5205878957.jpg,https://inaturalist-open-data.s3.amazonaws.com/photos/523434535/original.jpg,http://creativecommons.org/licenses/by-nc/4.0/,warren cameron,5205878957,2048,1360,0.1077
Naso fageni,004_gbif_5205963995.jpg,https://inaturalist-open-data.s3.amazonaws.com/photos/523434525/original.jpg,http://creativecommons.org/licenses/by-nc/4.0/,warren cameron,5205963995,2048,1360,0.0203
Naso fageni,005_gbif_6178945778.jpg,https://inaturalist-open-data.s3.amazonaws.com/photos/622090678/original.jpg,http://creativecommons.org/licenses/by-nc/4.0/,KristovaIndra,6178945778,2048,1536,0.1208
Naso fageni,006_gbif_4952930199.jpg,https://inaturalist-open-data.s3.amazonaws.com/photos/435665296/original.jpg,http://creativecommons.org/publicdomain/zero/1.0/,Justin Philbois,4952930199,2048,1536,0.286
Naso fageni,007_gbif_4075919732.jpg,https://inaturalist-open-data.s3.amazonaws.com/photos/263248045/original.jpg,http://creativecommons.org/licenses/by-nc/4.0/,Alex Bairstow,4075919732,2048,1536,0.093
Naso fageni,008_gbif_5139965744.jpeg,https://inaturalist-open-data.s3.amazonaws.com/photos/287140901/original.jpeg,http://creativecommons.org/licenses/by-nc/4.0/,Enot Poluskuns,5139965744,2048,1536,0.1497
Naso fageni,009_gbif_2826471337.jpg,https://inaturalist-open-data.s3.amazonaws.com/photos/86744630/original.jpg,http://creativecommons.org/licenses/by/4.0/,blackdogto,2826471337,2048,1255,0.0302
Naso fageni,010_gbif_2283073087.jpg,https://inaturalist-open-data.s3.amazonaws.com/photos/43445931/original.jpg,http://creativecommons.org/licenses/by/4.0/,desertnaturalist,2283073087,1746,1367,0.157
Naso fageni,011_gbif_2294450582.jpg,https://inaturalist-open-data.s3.amazonaws.com/photos/44677847/original.jpg,http://creativecommons.org/licenses/by-nc/4.0/,Alexandra Hoschke,2294450582,2048,1365,0.0141
Naso fageni,012_gbif_2460112928.jpg,https://inaturalist-open-data.s3.amazonaws.com/photos/56376962/original.jpg,http://creativecommons.org/licenses/by-nc/4.0/,Alexandra Hoschke,2460112928,2048,1365,0.0916
Naso fageni,013_gbif_2236868896.jpg,https://inaturalist-open-data.s3.amazonaws.com/photos/34783876/original.jpg,http://creativecommons.org/licenses/by-nc/4.0/,Ray Turnbull,2236868896,1775,1183,0.0282
Naso fageni,014_gbif_2294409139.jpg,https://inaturalist-open-data.s3.amazonaws.com/photos/33650762/original.jpg,http://creativecommons.org/licenses/by-nc/4.0/,Ray Turnbull,2294409139,1886,1257,0.0895
Naso fageni,015_gbif_4111979020.jpeg,https://inaturalist-open-data.s3.amazonaws.com/photos/277430181/original.jpeg,http://creativecommons.org/licenses/by-nc/4.0/,margot_oorebeek,4111979020,2048,1536,0.0224
Naso fageni,016_gbif_2294450465.jpg,https://inaturalist-open-data.s3.amazonaws.com/photos/44678157/original.jpg,http://creativecommons.org/licenses/by-nc/4.0/,Alexandra Hoschke,2294450465,2048,1365,0.0182
Naso fageni,017_gbif_2235476424.jpg,https://inaturalist-open-data.s3.amazonaws.com/photos/33284589/original.jpg,http://creativecommons.org/licenses/by-nc/4.0/,collmg9,2235476424,2048,1536,0.0072
Naso fageni,018_gbif_2864587507.jpg,https://inaturalist-open-data.s3.amazonaws.com/photos/87083613/original.jpg,http://creativecommons.org/licenses/by-nc/4.0/,John Sear,2864587507,1165,878,0.01
Naso fageni,019_gbif_3383835240.jpeg,https://inaturalist-open-data.s3.amazonaws.com/photos/156404261/original.jpeg,http://creativecommons.org/licenses/by-nc/4.0/,Roxanne Lazarus,3383835240,2048,1536,0.1061
Naso fageni,020_gbif_1230334288.jpg,https://specify.saiab.ac.za/fileget?coll=Biodiversity+Occurrences&type=O&filename=sp67432487610118409876.att.jpg,http://creativecommons.org/licenses/by/4.0/,unknown,1230334288,8236,5492,0.0036
Naso fageni,021_gbif_1230333888.jpg,https://specify.saiab.ac.za/fileget?coll=Biodiversity+Occurrences&type=O&filename=sp62313651443600785404.att.jpg,http://creativecommons.org/licenses/by/4.0/,unknown,1230333888,8254,5502,0.0035
Naso hexacanthus,001_gbif_6162976380.jpg,https://inaturalist-open-data.s3.amazonaws.com/photos/616975924/original.jpg,http://creativecommons.org/licenses/by-nc/4.0/,emajorova,6162976380,2008,1538,0.0227
Naso hexacanthus,002_gbif_6162988534.jpg,https://inaturalist-open-data.s3.amazonaws.com/photos/616341315/original.jpg,http://creativecommons.org/licenses/by-nc/4.0/,Nick K,6162988534,2048,1536,0.0114
Naso hexacanthus,003_gbif_6171309522.jpg,https://inaturalist-open-data.s3.amazonaws.com/photos/618694568/original.jpg,http://creativecommons.org/licenses/by-nc/4.0/,Ingmar Rondeel,6171309522,2048,1536,0.0523
Naso hexacanthus,004_gbif_6178688040.jpg,https://inaturalist-open-data.s3.amazonaws.com/photos/624895647/original.jpg,http://creativecommons.org/licenses/by-nc/4.0/,boussion_magali,6178688040,2048,1536,0.0793
Naso hexacanthus,005_gbif_6179163369.jpg,https://inaturalist-open-data.s3.amazonaws.com/photos/622640497/original.jpg,http://creativecommons.org/licenses/by-nc/4.0/,mbp349,6179163369,2048,1536,0.0243
Naso hexacanthus,006_gbif_6179259832.jpg,https://inaturalist-open-data.s3.amazonaws.com/photos/622633348/original.jpg,http://creativecommons.org/licenses/by-nc/4.0/,mbp349,6179259832,2048,1536,0.0074
Naso hexacanthus,007_gbif_6184764481.jpg,https://inaturalist-open-data.s3.amazonaws.com/photos/626374416/original.jpg,http://creativecommons.org/licenses/by-nc/4.0/,Bryan J,6184764481,2048,1557,0.0283
Naso hexacanthus,008_gbif_6171354158.jpg,https://inaturalist-open-data.s3.amazonaws.com/photos/620538795/original.jpg,http://creativecommons.org/licenses/by-nc/4.0/,roberttheintrepid,6171354158,1920,1440,0.0439
Naso hexacanthus,009_gbif_6185631089.jpg,https://inaturalist-open-data.s3.amazonaws.com/photos/625612766/original.jpg,http://creativecommons.org/licenses/by/4.0/,Debra Baker,6185631089,1957,2048,0.0338
Naso hexacanthus,010_gbif_6195246521.jpg,https://inaturalist-open-data.s3.amazonaws.com/photos/636039541/original.jpg,http://creativecommons.org/licenses/by-nc/4.0/,Hubert Lagrange,6195246521,2048,1365,0.0062
Naso hexacanthus,011_gbif_6195525576.jpg,https://inaturalist-open-data.s3.amazonaws.com/photos/636039516/original.jpg,http://creativecommons.org/licenses/by-nc/4.0/,Hubert Lagrange,6195525576,2048,1365,0.0249
Naso hexacanthus,012_gbif_6188488286.jpg,https://inaturalist-open-data.s3.amazonaws.com/photos/632091101/original.jpg,http://creativecommons.org/licenses/by-nc/4.0/,David R,6188488286,2048,1638,0.0382
Naso hexacanthus,013_gbif_6234714808.jpg,https://inaturalist-open-data.s3.amazonaws.com/photos/642952101/original.jpg,http://creativecommons.org/licenses/by-nc/4.0/,cjmatheson,6234714808,2048,1364,0.0119
Naso hexacanthus,014_gbif_6252112391.jpg,https://inaturalist-open-data.s3.amazonaws.com/photos/653401585/original.jpg,http://creativecommons.org/licenses/by-nc/4.0/,Mark Rosenstein,6252112391,1200,800,0.0197
Naso hexacanthus,015_gbif_6252319358.jpg,https://inaturalist-open-data.s3.amazonaws.com/photos/652627033/original.jpg,http://creativecommons.org/licenses/by-nc/4.0/,Mark Rosenstein,6252319358,1201,800,0.0133
Naso hexacanthus,016_gbif_6252989310.jpg,https://inaturalist-open-data.s3.amazonaws.com/photos/653401618/original.jpg,http://creativecommons.org/licenses/by-nc/4.0/,Mark Rosenstein,6252989310,1201,800,0.001
Naso hexacanthus,017_gbif_6253068048.jpg,https://inaturalist-open-data.s3.amazonaws.com/photos/653529483/original.jpg,http://creativecommons.org/licenses/by-nc/4.0/,aslam aslam,6253068048,2048,1536,0.033
Naso hexacanthus,018_gbif_6253198721.jpg,https://inaturalist-open-data.s3.amazonaws.com/photos/653434790/original.jpg,http://creativecommons.org/licenses/by-nc/4.0/,Claire Goiran,6253198721,1129,1130,0.0679
Naso hexacanthus,019_gbif_6273786745.jpg,https://inaturalist-open-data.s3.amazonaws.com/photos/655274115/original.jpg,http://creativecommons.org/licenses/by-nc/4.0/,summernewton,6273786745,2048,1536,0.0439
Naso hexacanthus,020_gbif_6273876140.jpg,https://inaturalist-open-data.s3.amazonaws.com/photos/657147374/original.jpg,http://creativecommons.org/licenses/by-nc/4.0/,aslam aslam,6273876140,2048,1536,0.039
Naso hexacanthus,021_gbif_6321095346.jpg,https://inaturalist-open-data.s3.amazonaws.com/photos/660052092/original.jpg,http://creativecommons.org/licenses/by-nc/4.0/,summernewton,6321095346,2048,1536,0.0538
Naso hexacanthus,022_gbif_6334240044.jpg,https://inaturalist-open-data.s3.amazonaws.com/photos/654770863/original.jpg,http://creativecommons.org/licenses/by-nc/4.0/,nishagoldsworthy,6334240044,2048,1536,0.0376
Naso hexacanthus,023_gbif_6334849387.jpg,https://inaturalist-open-data.s3.amazonaws.com/photos/665542512/original.jpg,http://creativecommons.org/licenses/by-nc/4.0/,Malte Sellin,6334849387,2048,1536,0.1752
Naso hexacanthus,024_gbif_6352984963.jpg,https://inaturalist-open-data.s3.amazonaws.com/photos/668849552/original.jpg,http://creativecommons.org/licenses/by-nc/4.0/,carissr,6352984963,2048,1365,0.1127
Naso lituratus,001_gbif_5938715719.jpg,https://inaturalist-open-data.s3.amazonaws.com/photos/605273835/original.jpg,http://creativecommons.org/licenses/by-nc/4.0/,hummingbird19,5938715719,1328,1162,0.0914
Naso lituratus,002_gbif_6129882913.jpg,https://inaturalist-open-data.s3.amazonaws.com/photos/608068773/original.jpg,http://creativecommons.org/licenses/by-nc/4.0/,acadiasunrise,6129882913,2048,1536,0.0093
Naso lituratus,003_gbif_6130141133.jpg,https://inaturalist-open-data.s3.amazonaws.com/photos/609701714/original.jpg,http://creativecommons.org/licenses/by-nc/4.0/,lammergeier1288,6130141133,1096,847,0.0109
Naso lituratus,003_gbif_6130234557.jpg,https://inaturalist-open-data.s3.amazonaws.com/photos/606930429/original.jpg,http://creativecommons.org/licenses/by-nc/4.0/,kaitlyntunick,6130234557,2048,1536,0.0268
Naso lituratus,005_gbif_6130263357.jpg,https://inaturalist-open-data.s3.amazonaws.com/photos/608024974/original.jpg,http://creativecommons.org/licenses/by-nc/4.0/,Kyhl Austin,6130263357,1536,2048,0.2558
Naso lituratus,004_gbif_6130303146.jpg,https://inaturalist-open-data.s3.amazonaws.com/photos/607823475/original.jpg,http://creativecommons.org/licenses/by-nc/4.0/,rokkenolan,6130303146,2048,1536,0.0613
Naso lituratus,007_gbif_6130492696.jpg,https://inaturalist-open-data.s3.amazonaws.com/photos/606219184/original.jpg,http://creativecommons.org/licenses/by-nc/4.0/,lwhitenack,6130492696,946,2048,0.0082
Naso lituratus,005_gbif_6130523838.jpg,https://inaturalist-open-data.s3.amazonaws.com/photos/606262153/original.jpg,http://creativecommons.org/licenses/by-nc/4.0/,greenquester,6130523838,1287,1195,0.0152
Naso lituratus,009_gbif_6130595722.jpg,https://inaturalist-open-data.s3.amazonaws.com/photos/609385979/original.jpg,http://creativecommons.org/licenses/by-nc/4.0/,Leyton Reid,6130595722,2048,1536,0.0433
Naso lituratus,006_gbif_6130643997.jpg,https://inaturalist-open-data.s3.amazonaws.com/photos/606769688/original.jpg,http://creativecommons.org/licenses/by-nc/4.0/,Tate Putman,6130643997,2048,1467,0.0074
Naso lituratus,011_gbif_6130796071.jpg,https://inaturalist-open-data.s3.amazonaws.com/photos/606746124/original.jpg,http://creativecommons.org/licenses/by-nc/4.0/,Tate Putman,6130796071,1628,1221,0.0153
Naso lituratus,007_gbif_6130801380.jpg,https://inaturalist-open-data.s3.amazonaws.com/photos/606844185/original.jpg,http://creativecommons.org/licenses/by-nc/4.0/,epauletteshark,6130801380,2048,1536,0.0353
Naso lituratus,013_gbif_6130864733.jpg,https://inaturalist-open-data.s3.amazonaws.com/photos/609383445/original.jpg,http://creativecommons.org/licenses/by-nc/4.0/,Leyton Reid,6130864733,2048,1536,0.041
Naso lituratus,014_gbif_6130930634.jpg,https://inaturalist-open-data.s3.amazonaws.com/photos/609874932/original.jpg,http://creativecommons.org/licenses/by-nc/4.0/,Jenny Hanwell,6130930634,1302,950,0.0666
Naso lituratus,008_gbif_6131089846.jpg,https://inaturalist-open-data.s3.amazonaws.com/photos/609385714/original.jpg,http://creativecommons.org/licenses/by-nc/4.0/,Leyton Reid,6131089846,2048,1536,0.0122
Naso lituratus,016_gbif_6131138896.jpg,https://inaturalist-open-data.s3.amazonaws.com/photos/608068807/original.jpg,http://creativecommons.org/licenses/by-nc/4.0/,acadiasunrise,6131138896,2048,1536,0.0054
Naso lituratus,009_gbif_6131187808.jpg,https://inaturalist-open-data.s3.amazonaws.com/photos/609592376/original.jpg,http://creativecommons.org/licenses/by-nc/4.0/,Bobby Brittingham,6131187808,2048,946,0.0428
Naso lituratus,011_gbif_6131264940.jpg,https://inaturalist-open-data.s3.amazonaws.com/photos/609239706/original.jpg,http://creativecommons.org/licenses/by-nc/4.0/,Dwight Baker,6131264940,2048,2048,0.027
Naso lituratus,013_gbif_6131399726.jpg,https://inaturalist-open-data.s3.amazonaws.com/photos/609647197/original.jpg,http://creativecommons.org/licenses/by-nc/4.0/,salty_borg,6131399726,2048,1368,0.0117
Naso lituratus,014_gbif_6131406070.jpg,https://inaturalist-open-data.s3.amazonaws.com/photos/608069145/original.jpg,http://creativecommons.org/licenses/by-nc/4.0/,acadiasunrise,6131406070,2048,1536,0.0055
Naso lituratus,016_gbif_6131416337.jpg,https://inaturalist-open-data.s3.amazonaws.com/photos/605882997/original.jpg,http://creativecommons.org/licenses/by-nc/4.0/,ae201,6131416337,2048,1536,0.0189
Naso lituratus,018_gbif_6131432681.jpg,https://inaturalist-open-data.s3.amazonaws.com/photos/610448749/original.jpg,http://creativecommons.org/licenses/by-nc/4.0/,markymark5,6131432681,2048,1536,0.0184
Naso lituratus,020_gbif_6131458782.jpg,https://inaturalist-open-data.s3.amazonaws.com/photos/610321647/original.jpg,http://creativecommons.org/licenses/by-nc/4.0/,Curtis Hart,6131458782,2048,1536,0.0498
Naso lituratus,024_gbif_6131553032.jpg,https://inaturalist-open-data.s3.amazonaws.com/photos/609729634/original.jpg,http://creativecommons.org/licenses/by-nc/4.0/,Andrew Plant,6131553032,1729,1197,0.0195
Naso maculatus,001_gbif_1056590988.jpg,https://data.nhm.ac.uk/media/04b72a91-45e6-48db-8786-f85ee49de18f,http://creativecommons.org/licenses/by/4.0/,"The Trustees of the Natural History Museum, London",1056590988,1440,1058,0.1211
Naso minor,001_gbif_6179405273.jpg,https://inaturalist-open-data.s3.amazonaws.com/photos/623817415/original.jpg,http://creativecommons.org/licenses/by-nc/4.0/,icaa80,6179405273,890,1276,0.0091
Naso minor,002_gbif_6234235158.jpg,https://inaturalist-open-data.s3.amazonaws.com/photos/640478055/original.jpg,http://creativecommons.org/licenses/by-nc/4.0/,Ella Pennington,6234235158,1389,923,0.012
Naso minor,003_gbif_6234692741.jpg,https://inaturalist-open-data.s3.amazonaws.com/photos/641315871/original.jpg,http://creativecommons.org/licenses/by-nc/4.0/,wild___max,6234692741,2048,1536,0.0102
Naso minor,004_gbif_6235667415.jpg,https://inaturalist-open-data.s3.amazonaws.com/photos/647736168/original.jpg,http://creativecommons.org/licenses/by/4.0/,Ben Costamagna,6235667415,1538,1153,0.0367
Naso minor,005_gbif_6251959012.jpg,https://inaturalist-open-data.s3.amazonaws.com/photos/648854957/original.jpg,http://creativecommons.org/licenses/by/4.0/,Ben Costamagna,6251959012,1939,1454,0.0871
Naso minor,006_gbif_6252355313.jpg,https://inaturalist-open-data.s3.amazonaws.com/photos/650079928/original.jpg,http://creativecommons.org/licenses/by/4.0/,Ben Costamagna,6252355313,2048,1535,0.0773
Naso minor,007_gbif_6273624965.jpg,https://inaturalist-open-data.s3.amazonaws.com/photos/655968776/original.jpg,http://creativecommons.org/licenses/by/4.0/,Ben Costamagna,6273624965,2048,1536,0.0945
Naso minor,008_gbif_6273733735.jpg,https://inaturalist-open-data.s3.amazonaws.com/photos/654486835/original.jpg,http://creativecommons.org/licenses/by-nc/4.0/,Mark Rosenstein,6273733735,1201,800,0.2189
Naso minor,009_gbif_6399033315.jpg,https://inaturalist-open-data.s3.amazonaws.com/photos/676387049/original.jpg,http://creativecommons.org/licenses/by-nc/4.0/,Malte Sellin,6399033315,1839,1379,0.2275
Naso minor,010_gbif_6413244988.jpg,https://inaturalist-open-data.s3.amazonaws.com/photos/681421254/original.jpg,http://creativecommons.org/licenses/by/4.0/,呂一起(Lyu yi-chi),6413244988,2048,1536,0.0388
Naso minor,011_gbif_6441592535.jpg,https://inaturalist-open-data.s3.amazonaws.com/photos/697038496/original.jpg,http://creativecommons.org/licenses/by-nc/4.0/,Thomas Menut,6441592535,2048,1483,0.0091
Naso minor,012_gbif_6451901512.jpg,https://inaturalist-open-data.s3.amazonaws.com/photos/700186146/original.jpg,http://creativecommons.org/licenses/by-nc/4.0/,Xavier Rufray,6451901512,2048,1140,0.0403
Naso minor,013_gbif_6469797380.jpg,https://inaturalist-open-data.s3.amazonaws.com/photos/704522062/original.jpg,http://creativecommons.org/licenses/by-nc/4.0/,vraybaud,6469797380,2048,1536,0.0927
Naso minor,014_gbif_5153782356.jpg,https://inaturalist-open-data.s3.amazonaws.com/photos/498679809/original.jpg,http://creativecommons.org/publicdomain/zero/1.0/,Justin Philbois,5153782356,2048,1536,0.2788
Naso minor,015_gbif_5176949590.jpg,https://inaturalist-open-data.s3.amazonaws.com/photos/515101525/original.jpg,http://creativecommons.org/licenses/by/4.0/,rashidchan,5176949590,2048,1536,0.0364
Naso minor,016_gbif_5920095224.jpg,https://inaturalist-open-data.s3.amazonaws.com/photos/597928004/original.jpg,http://creativecommons.org/licenses/by-nc/4.0/,Sylvain Le Bris,5920095224,1600,1200,0.017
Naso minor,017_gbif_5932454434.jpg,https://inaturalist-open-data.s3.amazonaws.com/photos/597511876/original.jpg,http://creativecommons.org/licenses/by-nc/4.0/,Sylvain Le Bris,5932454434,1600,1202,0.0408
Naso minor,018_gbif_5292165305.jpg,https://inaturalist-open-data.s3.amazonaws.com/photos/554572512/original.jpg,http://creativecommons.org/licenses/by-nc/4.0/,Pete McGee,5292165305,1473,817,0.2339
Naso minor,019_gbif_5292276070.jpg,https://inaturalist-open-data.s3.amazonaws.com/photos/554572566/original.jpg,http://creativecommons.org/licenses/by-nc/4.0/,Pete McGee,5292276070,2048,1028,0.0142
Naso minor,020_gbif_5293164447.jpg,https://inaturalist-open-data.s3.amazonaws.com/photos/554324049/original.jpg,http://creativecommons.org/licenses/by/4.0/,Piotr Lukasik,5293164447,1920,1920,0.2461
Naso minor,021_gbif_5936076025.jpg,https://inaturalist-open-data.s3.amazonaws.com/photos/578446401/original.jpg,http://creativecommons.org/licenses/by-nc/4.0/,Marleen Schouten,5936076025,2048,1155,0.092
Naso minor,022_gbif_5936372661.jpg,https://inaturalist-open-data.s3.amazonaws.com/photos/578446319/original.jpg,http://creativecommons.org/licenses/by-nc/4.0/,Marleen Schouten,5936372661,2048,1155,0.0322
Naso minor,023_gbif_5938098478.jpg,https://inaturalist-open-data.s3.amazonaws.com/photos/604571861/original.jpg,http://creativecommons.org/licenses/by-nc/4.0/,Jens Sommer-Knudsen,5938098478,2048,1365,0.0762
Naso minor,024_gbif_5063683678.jpeg,https://inaturalist-open-data.s3.amazonaws.com/photos/467147425/original.jpeg,http://creativecommons.org/licenses/by-nc/4.0/,Nico K. Michiels,5063683678,1280,853,0.009
Naso tonganus,001_gbif_6129839224.jpg,https://inaturalist-open-data.s3.amazonaws.com/photos/609121821/original.jpg,http://creativecommons.org/licenses/by/4.0/,Debra Baker,6129839224,2048,1536,0.0313
Naso tonganus,002_gbif_6131181889.jpg,https://inaturalist-open-data.s3.amazonaws.com/photos/606840645/original.jpg,http://creativecommons.org/licenses/by-nc/4.0/,epauletteshark,6131181889,2048,1536,0.0246
Naso tonganus,003_gbif_6171206744.jpg,https://inaturalist-open-data.s3.amazonaws.com/photos/618534410/original.jpg,http://creativecommons.org/licenses/by/4.0/,Debra Baker,6171206744,2048,1536,0.0481
Naso tonganus,004_gbif_6178938336.jpg,https://inaturalist-open-data.s3.amazonaws.com/photos/622376512/original.jpg,http://creativecommons.org/licenses/by-nc/4.0/,Jens Sommer-Knudsen,6178938336,2048,1366,0.072
Naso tonganus,005_gbif_6184799203.jpg,https://inaturalist-open-data.s3.amazonaws.com/photos/627918372/original.jpg,http://creativecommons.org/licenses/by-nc/4.0/,Marinebio,6184799203,2048,1365,0.0064
Naso tonganus,006_gbif_6251465565.jpg,https://inaturalist-open-data.s3.amazonaws.com/photos/651778190/original.jpg,http://creativecommons.org/licenses/by/4.0/,Debra Baker,6251465565,1832,1387,0.0225
Naso tonganus,007_gbif_6273198750.jpg,https://inaturalist-open-data.s3.amazonaws.com/photos/654187069/original.jpg,http://creativecommons.org/licenses/by-nc/4.0/,k_freemantle,6273198750,2048,1536,0.1198
Naso tonganus,008_gbif_6273415791.jpg,https://inaturalist-open-data.s3.amazonaws.com/photos/654728987/original.jpg,http://creativecommons.org/licenses/by-nc/4.0/,jamescordery,6273415791,2048,1536,0.0564
Naso tonganus,009_gbif_6334057517.jpg,https://inaturalist-open-data.s3.amazonaws.com/photos/666230948/original.jpg,http://creativecommons.org/licenses/by-nc/4.0/,gbrbiology,6334057517,2048,1610,0.2785
Naso tonganus,010_gbif_6334200378.jpg,https://inaturalist-open-data.s3.amazonaws.com/photos/665648021/original.jpg,http://creativecommons.org/licenses/by-nc/4.0/,Michal,6334200378,2048,1366,0.0094
Naso tonganus,011_gbif_6353194304.jpg,https://inaturalist-open-data.s3.amazonaws.com/photos/666285931/original.jpg,http://creativecommons.org/licenses/by-nc/4.0/,Natalie Scott,6353194304,2048,1536,0.0207
Naso tonganus,012_gbif_6353368911.jpg,https://inaturalist-open-data.s3.amazonaws.com/photos/662671404/original.jpg,http://creativecommons.org/licenses/by-nc/4.0/,Nic Katherine,6353368911,1801,1351,0.0676
Naso tonganus,013_gbif_6398866893.jpg,https://inaturalist-open-data.s3.amazonaws.com/photos/675774970/original.jpg,http://creativecommons.org/licenses/by-nc/4.0/,Matt Tank,6398866893,2048,1364,0.0478
Naso tonganus,014_gbif_6413298699.jpg,https://inaturalist-open-data.s3.amazonaws.com/photos/683346214/original.jpg,http://creativecommons.org/licenses/by-nc/4.0/,nmi_fishguy,6413298699,2048,1536,0.0379
Naso tonganus,015_gbif_6441972617.jpg,https://inaturalist-open-data.s3.amazonaws.com/photos/696991665/original.jpg,http://creativecommons.org/licenses/by-nc/4.0/,hallechoeres,6441972617,2048,1536,0.0333
Naso tonganus,016_gbif_6441585890.jpg,https://inaturalist-open-data.s3.amazonaws.com/photos/693284258/original.jpg,http://creativecommons.org/licenses/by-nc/4.0/,lukaz123,6441585890,945,2048,0.0768
Naso tonganus,017_gbif_6470347878.jpg,https://inaturalist-open-data.s3.amazonaws.com/photos/701848820/original.jpg,http://creativecommons.org/licenses/by-nc/4.0/,ivansmirnov,6470347878,2048,1680,0.0344
Naso tonganus,018_gbif_5087758256.jpeg,https://inaturalist-open-data.s3.amazonaws.com/photos/475789400/original.jpeg,http://creativecommons.org/licenses/by-nc/4.0/,Qinthan,5087758256,2048,1536,0.0068
Naso tonganus,019_gbif_5932621609.jpg,https://inaturalist-open-data.s3.amazonaws.com/photos/598694778/original.jpg,http://creativecommons.org/licenses/by-nc/4.0/,National Coral Reef Monitoring Program - Pacific Region,5932621609,2048,1365,0.0418
Naso tonganus,020_gbif_5230443223.jpg,https://inaturalist-open-data.s3.amazonaws.com/photos/537048347/original.jpg,http://creativecommons.org/publicdomain/zero/1.0/,Jean-Paul Boerekamps,5230443223,2048,1249,0.1617
Naso tonganus,021_gbif_5889243409.jpg,https://inaturalist-open-data.s3.amazonaws.com/photos/587707570/original.jpg,http://creativecommons.org/licenses/by-nc/4.0/,roxham,5889243409,2048,1366,0.1033
Naso tonganus,022_gbif_5292370148.jpg,https://inaturalist-open-data.s3.amazonaws.com/photos/553614142/original.jpg,http://creativecommons.org/licenses/by/4.0/,Debra Baker,5292370148,1383,1117,0.0181
Naso tonganus,023_gbif_6399024343.jpg,https://inaturalist-open-data.s3.amazonaws.com/photos/673814354/original.jpg,http://creativecommons.org/licenses/by-nc/4.0/,Kingfish,6399024343,2048,1152,0.1126
Naso tonganus,024_gbif_6131367145.jpg,https://inaturalist-open-data.s3.amazonaws.com/photos/610002074/original.jpg,http://creativecommons.org/licenses/by/4.0/,CaracalShan,6131367145,1992,1494,0.0076
Naso tuberosus,001_gbif_4868057561.jpg,https://inaturalist-open-data.s3.amazonaws.com/photos/368423700/original.jpg,http://creativecommons.org/licenses/by-nc/4.0/,ambre_damour,4868057561,1152,2048,0.0569
Naso tuberosus,002_gbif_1230401578.jpg,https://specify.saiab.ac.za/fileget?coll=Biodiversity+Occurrences&type=O&filename=10808.jpg,http://creativecommons.org/licenses/by/4.0/,unknown,1230401578,3346,1341,0.0109
Naso tuberosus,003_gbif_1056879413.jpg,https://data.nhm.ac.uk/media/c369fc39-df6f-4032-b087-47993496f363,http://creativecommons.org/licenses/by/4.0/,"The Trustees of the Natural History Museum, London",1056879413,1440,1164,0.0514
Naso tuberosus,004_gbif_1055538031.jpg,https://data.nhm.ac.uk/media/588bbd18-1dc4-4cff-9d39-5f1efba9852c,http://creativecommons.org/licenses/by/4.0/,"The Trustees of the Natural History Museum, London",1055538031,1440,1248,0.1004
Naso tuberosus,005_gbif_1055678970.jpg,https://data.nhm.ac.uk/media/224400d8-31c2-4150-b4f9-3810876d36a6,http://creativecommons.org/licenses/by/4.0/,"The Trustees of the Natural History Museum, London",1055678970,1440,1184,0.0729
Naso tuberosus,006_gbif_1055899677.jpg,https://data.nhm.ac.uk/media/32ca540b-9196-492d-b913-a86f6a6462f1,http://creativecommons.org/licenses/by/4.0/,"The Trustees of the Natural History Museum, London",1055899677,1440,1202,0.0983
Naso tuberosus,007_gbif_1055916377.jpg,https://data.nhm.ac.uk/media/dd5b1da3-8d0c-4dca-985a-6e1920529041,http://creativecommons.org/licenses/by/4.0/,"The Trustees of the Natural History Museum, London",1055916377,1440,1129,0.0604
Naso tuberosus,008_gbif_1056110241.jpg,https://data.nhm.ac.uk/media/31ef921d-a170-492d-87b1-05c761707a85,http://creativecommons.org/licenses/by/4.0/,"The Trustees of the Natural History Museum, London",1056110241,1440,1206,0.0767
Naso tuberosus,009_gbif_1056146540.jpg,https://data.nhm.ac.uk/media/002f1276-09ba-4d49-a76c-08691a61ccb1,http://creativecommons.org/licenses/by/4.0/,"The Trustees of the Natural History Museum, London",1056146540,1440,1245,0.0993
Naso tuberosus,010_gbif_1317484026.jpg,https://collections.nmnh.si.edu/media/?i=11104920&h=2000,http://creativecommons.org/publicdomain/zero/1.0/,Division of Fishes,1317484026,2000,1626,0.0506
Naso tuberosus,011_gbif_1317623280.jpg,https://collections.nmnh.si.edu/media/?i=11104925&h=2000,http://creativecommons.org/publicdomain/zero/1.0/,Division of Fishes,1317623280,2000,1599,0.039
Naso tuberosus,012_gbif_1319125384.jpg,https://collections.nmnh.si.edu/media/?i=13094915&h=2000,http://creativecommons.org/publicdomain/zero/1.0/,Smithsonian Institution NMNH Division of Fishes,1319125384,2000,898,0.0202
Naso unicornis,001_gbif_5938241825.jpg,https://inaturalist-open-data.s3.amazonaws.com/photos/605248386/original.jpg,http://creativecommons.org/licenses/by-nc/4.0/,abdarrell,5938241825,1320,925,0.0087
Naso unicornis,002_gbif_5938465121.jpg,https://inaturalist-open-data.s3.amazonaws.com/photos/604973010/original.jpg,http://creativecommons.org/licenses/by-nc/4.0/,momaz,5938465121,2048,1587,0.2185
Naso unicornis,003_gbif_5938513845.jpg,https://inaturalist-open-data.s3.amazonaws.com/photos/606362685/original.jpg,http://creativecommons.org/licenses/by-nc/4.0/,Simon,5938513845,2048,1365,0.0391
Naso unicornis,004_gbif_6129894027.jpg,https://inaturalist-open-data.s3.amazonaws.com/photos/608768942/original.jpg,http://creativecommons.org/licenses/by/4.0/,Susan Prior,6129894027,1500,1500,0.221
Naso unicornis,005_gbif_6130012245.jpg,https://inaturalist-open-data.s3.amazonaws.com/photos/608135654/original.jpg,http://creativecommons.org/licenses/by-nc/4.0/,Marleen Schouten,6130012245,2048,1155,0.0534
Naso unicornis,006_gbif_6130027914.jpg,https://inaturalist-open-data.s3.amazonaws.com/photos/606305704/original.jpg,http://creativecommons.org/licenses/by-nc/4.0/,mayer212,6130027914,2048,1536,0.0087
Naso unicornis,007_gbif_6130047890.jpg,https://inaturalist-open-data.s3.amazonaws.com/photos/611027179/original.jpg,http://creativecommons.org/licenses/by-nc/4.0/,Steve Hampton,6130047890,1219,824,0.1283
Naso unicornis,008_gbif_6130178685.jpg,https://inaturalist-open-data.s3.amazonaws.com/photos/610457490/original.jpg,http://creativecommons.org/licenses/by-nc/4.0/,markymark5,6130178685,2048,1536,0.0086
Naso unicornis,009_gbif_6130293804.jpg,https://inaturalist-open-data.s3.amazonaws.com/photos/610922495/original.jpg,http://creativecommons.org/licenses/by-nc/4.0/,momaz,6130293804,2048,1430,0.111
Naso unicornis,010_gbif_6130321837.jpg,https://inaturalist-open-data.s3.amazonaws.com/photos/606978020/original.jpg,http://creativecommons.org/licenses/by-nc/4.0/,greenquester,6130321837,1390,1206,0.0573
Naso unicornis,011_gbif_6130456922.jpg,https://inaturalist-open-data.s3.amazonaws.com/photos/606794015/original.jpg,http://creativecommons.org/licenses/by-nc/4.0/,Dev Simpkins,6130456922,2048,1174,0.1589
Naso unicornis,012_gbif_6130504301.jpg,https://inaturalist-open-data.s3.amazonaws.com/photos/606844082/original.jpg,http://creativecommons.org/licenses/by-nc/4.0/,epauletteshark,6130504301,2048,1536,0.0585
Naso unicornis,013_gbif_6130516569.jpg,https://inaturalist-open-data.s3.amazonaws.com/photos/608836923/original.jpg,http://creativecommons.org/licenses/by-nc/4.0/,afguemas,6130516569,2033,1435,0.0569
Naso unicornis,014_gbif_6130525628.jpg,https://inaturalist-open-data.s3.amazonaws.com/photos/608769189/original.jpg,http://creativecommons.org/licenses/by/4.0/,Susan Prior,6130525628,1500,1500,0.1207
Naso unicornis,015_gbif_6130540063.jpg,https://inaturalist-open-data.s3.amazonaws.com/photos/610920939/original.jpg,http://creativecommons.org/licenses/by-nc/4.0/,tristanbfried,6130540063,2048,1536,0.0795
Naso unicornis,016_gbif_6130564132.jpg,https://inaturalist-open-data.s3.amazonaws.com/photos/608617253/original.jpg,http://creativecommons.org/licenses/by-nc/4.0/,Sylvia Wolf,6130564132,2048,2045,0.0106
Naso unicornis,017_gbif_6130693934.jpg,https://inaturalist-open-data.s3.amazonaws.com/photos/608134531/original.jpg,http://creativecommons.org/licenses/by-nc/4.0/,Marleen Schouten,6130693934,2048,1155,0.0158
Naso unicornis,018_gbif_6130784521.jpg,https://inaturalist-open-data.s3.amazonaws.com/photos/610618819/original.jpg,http://creativecommons.org/licenses/by-nc/4.0/,Ocyrhoe,6130784521,2048,1435,0.0551
Naso unicornis,019_gbif_6130817792.jpg,https://inaturalist-open-data.s3.amazonaws.com/photos/610472461/original.jpg,http://creativecommons.org/licenses/by-nc/4.0/,SachadeRuiter,6130817792,2048,1536,0.1988
Naso unicornis,020_gbif_6130817865.jpg,https://inaturalist-open-data.s3.amazonaws.com/photos/610619818/original.jpg,http://creativecommons.org/licenses/by-nc/4.0/,cathylebouteiller,6130817865,1918,2048,0.0469
Naso unicornis,021_gbif_6130832732.jpg,https://inaturalist-open-data.s3.amazonaws.com/photos/610711937/original.jpg,http://creativecommons.org/licenses/by-nc/4.0/,SachadeRuiter,6130832732,2048,1536,0.2578
Naso unicornis,022_gbif_6130849316.jpg,https://inaturalist-open-data.s3.amazonaws.com/photos/608769161/original.jpg,http://creativecommons.org/licenses/by/4.0/,Susan Prior,6130849316,1500,1500,0.1901
Naso unicornis,023_gbif_6131349544.jpg,https://inaturalist-open-data.s3.amazonaws.com/photos/608135445/original.jpg,http://creativecommons.org/licenses/by-nc/4.0/,Marleen Schouten,6131349544,2048,1155,0.0127
Naso unicornis,024_gbif_6131421565.jpg,https://inaturalist-open-data.s3.amazonaws.com/photos/608851728/original.jpg,http://creativecommons.org/licenses/by-nc/4.0/,momaz,6131421565,2048,1583,0.0798
Naso vlamingii,001_gbif_6133395221.jpg,https://inaturalist-open-data.s3.amazonaws.com/photos/611204044/original.jpg,http://creativecommons.org/licenses/by-nc/4.0/,jimburger,6133395221,2048,1792,0.0231
Naso vlamingii,001_gbif_6147390087.jpg,https://inaturalist-open-data.s3.amazonaws.com/photos/613822197/original.jpg,http://creativecommons.org/licenses/by-nc/4.0/,talaok,6147390087,1363,1125,0.0077
Naso vlamingii,002_gbif_6178727729.jpg,https://inaturalist-open-data.s3.amazonaws.com/photos/624673548/original.jpg,http://creativecommons.org/licenses/by/4.0/,Nicola Crockford,6178727729,2048,1152,0.0639
Naso vlamingii,004_gbif_6159294618.jpg,https://inaturalist-open-data.s3.amazonaws.com/photos/615455844/original.jpg,http://creativecommons.org/licenses/by-nc/4.0/,mrjacobeee,6159294618,945,2048,0.0101
Naso vlamingii,003_gbif_6159384686.jpg,https://inaturalist-open-data.s3.amazonaws.com/photos/615455203/original.jpg,http://creativecommons.org/licenses/by-nc/4.0/,Curtis Hart,6159384686,2048,1536,0.1377
Naso vlamingii,006_gbif_6159704728.jpg,https://inaturalist-open-data.s3.amazonaws.com/photos/615894732/original.jpg,http://creativecommons.org/licenses/by-nc/4.0/,洪海瑞,6159704728,2048,1536,0.036
Naso vlamingii,004_gbif_6163080294.jpg,https://inaturalist-open-data.s3.amazonaws.com/photos/617056025/original.jpg,http://creativecommons.org/licenses/by/4.0/,Nicola Crockford,6163080294,2048,1152,0.0896
Naso vlamingii,005_gbif_6163414408.jpg,https://inaturalist-open-data.s3.amazonaws.com/photos/618010631/original.jpg,http://creativecommons.org/licenses/by-nc/4.0/,Pauline Fey,6163414408,2048,1536,0.2725
Naso vlamingii,009_gbif_6171358196.jpg,https://inaturalist-open-data.s3.amazonaws.com/photos/620002870/original.jpg,http://creativecommons.org/licenses/by-nc/4.0/,Davis Provan,6171358196,2048,1365,0.006
Naso vlamingii,006_gbif_6178369079.jpg,https://inaturalist-open-data.s3.amazonaws.com/photos/624030150/original.jpg,http://creativecommons.org/licenses/by-nc/4.0/,divercraig,6178369079,1536,2048,0.018
Naso vlamingii,007_gbif_6178469238.jpg,https://inaturalist-open-data.s3.amazonaws.com/photos/620764706/original.jpg,http://creativecommons.org/licenses/by-nc/4.0/,奇拉,6178469238,960,1280,0.0159
Naso vlamingii,012_gbif_6178735477.jpg,https://inaturalist-open-data.s3.amazonaws.com/photos/620925925/original.jpg,http://creativecommons.org/licenses/by-nc-sa/4.0/,ealcaniz,6178735477,2048,1536,0.0701
Naso vlamingii,008_gbif_6187898983.jpg,https://inaturalist-open-data.s3.amazonaws.com/photos/620002974/original.jpg,http://creativecommons.org/licenses/by-nc/4.0/,Davis Provan,6187898983,2048,1365,0.0057
Naso vlamingii,014_gbif_6185521751.jpg,https://inaturalist-open-data.s3.amazonaws.com/photos/627568180/original.jpg,http://creativecommons.org/licenses/by-nc/4.0/,crittercollector00,6185521751,2048,1152,0.026
Naso vlamingii,009_gbif_6185609581.jpg,https://inaturalist-open-data.s3.amazonaws.com/photos/630777203/original.jpg,http://creativecommons.org/licenses/by-nc/4.0/,deblee5,6185609581,2048,1243,0.011
Naso vlamingii,010_gbif_6188083509.jpg,https://inaturalist-open-data.s3.amazonaws.com/photos/631177367/original.jpg,http://creativecommons.org/licenses/by-nc/4.0/,mleithead,6188083509,2048,1365,0.2195
Naso vlamingii,011_gbif_6188161732.jpg,https://inaturalist-open-data.s3.amazonaws.com/photos/632204323/original.jpg,http://creativecommons.org/licenses/by-nc/4.0/,Joe MDO,6188161732,2044,2048,0.0156
Naso vlamingii,012_gbif_6195470920.jpg,https://inaturalist-open-data.s3.amazonaws.com/photos/635651687/original.jpg,http://creativecommons.org/licenses/by-nc/4.0/,Hubert Lagrange,6195470920,2048,1365,0.0877
Naso vlamingii,014_gbif_6195749322.jpg,https://inaturalist-open-data.s3.amazonaws.com/photos/635115518/original.jpg,http://creativecommons.org/licenses/by-nc/4.0/,tarredandfeathered,6195749322,1251,1668,0.007
Naso vlamingii,020_gbif_6195755931.jpg,https://inaturalist-open-data.s3.amazonaws.com/photos/634680832/original.jpg,http://creativecommons.org/licenses/by-nc/4.0/,tarredandfeathered,6195755931,2048,1536,0.0729
Naso vlamingii,015_gbif_6195867629.jpg,https://inaturalist-open-data.s3.amazonaws.com/photos/634690997/original.jpg,http://creativecommons.org/licenses/by-nc/4.0/,tarredandfeathered,6195867629,2048,1536,0.0074
Naso vlamingii,017_gbif_6196033491.jpg,https://inaturalist-open-data.s3.amazonaws.com/photos/635987330/original.jpg,http://creativecommons.org/licenses/by-nc/4.0/,tarredandfeathered,6196033491,2048,1487,0.0058
Naso vlamingii,020_gbif_6234269555.jpg,https://inaturalist-open-data.s3.amazonaws.com/photos/640416619/original.jpg,http://creativecommons.org/licenses/by-nc/4.0/,catta,6234269555,2048,1536,0.03
Naso vlamingii,024_gbif_6188140848.jpg,https://inaturalist-open-data.s3.amazonaws.com/photos/632522039/original.jpg,http://creativecommons.org/licenses/by/4.0/,Kishore,6188140848,2048,1152,0.0185
Paracanthurus hepatus,001_gbif_6133052113.jpg,https://inaturalist-open-data.s3.amazonaws.com/photos/612600398/original.jpg,http://creativecommons.org/licenses/by-nc/4.0/,Lukas Fuxjäger,6133052113,2048,1366,0.0025
Paracanthurus hepatus,002_gbif_6159517557.jpg,https://inaturalist-open-data.s3.amazonaws.com/photos/615894157/original.jpg,http://creativecommons.org/licenses/by-nc/4.0/,洪海瑞,6159517557,2048,1536,0.036
Paracanthurus hepatus,003_gbif_6163253077.jpg,https://inaturalist-open-data.s3.amazonaws.com/photos/617070866/original.jpg,http://creativecommons.org/licenses/by/4.0/,Nicola Crockford,6163253077,2048,1152,0.0301
Paracanthurus hepatus,001_gbif_6170966799.jpg,https://inaturalist-open-data.s3.amazonaws.com/photos/619784062/original.jpg,http://creativecommons.org/licenses/by-nc/4.0/,Graham McMartin,6170966799,2048,1638,0.153
Paracanthurus hepatus,005_gbif_6234236782.jpg,https://inaturalist-open-data.s3.amazonaws.com/photos/644381806/original.jpg,http://creativecommons.org/licenses/by-nc/4.0/,Francois Libert,6234236782,2048,1366,0.0058
Paracanthurus hepatus,006_gbif_6352282068.jpg,https://inaturalist-open-data.s3.amazonaws.com/photos/669408099/original.jpg,http://creativecommons.org/licenses/by-nc/4.0/,Kingfish,6352282068,2048,1152,0.053
Paracanthurus hepatus,002_gbif_6178311661.jpg,https://inaturalist-open-data.s3.amazonaws.com/photos/622415251/original.jpg,http://creativecommons.org/licenses/by/4.0/,PampaSorro,6178311661,2048,1536,0.0155
Paracanthurus hepatus,003_gbif_6184748676.jpg,https://inaturalist-open-data.s3.amazonaws.com/photos/627361091/original.jpg,http://creativecommons.org/licenses/by-nc/4.0/,Bill Carrett,6184748676,2048,945,0.089
Paracanthurus hepatus,009_gbif_6185133058.jpg,https://inaturalist-open-data.s3.amazonaws.com/photos/626641725/original.jpg,http://creativecommons.org/licenses/by-nc/4.0/,Kent Ross,6185133058,2048,1649,0.0261
Paracanthurus hepatus,010_gbif_6195315656.jpg,https://inaturalist-open-data.s3.amazonaws.com/photos/635890612/original.jpg,http://creativecommons.org/licenses/by-nc/4.0/,Claire Goiran,6195315656,2044,2048,0.1418
Paracanthurus hepatus,004_gbif_6195483906.jpg,https://inaturalist-open-data.s3.amazonaws.com/photos/635891019/original.jpg,http://creativecommons.org/licenses/by-nc/4.0/,Claire Goiran,6195483906,1677,1679,0.1315
Paracanthurus hepatus,005_gbif_6195648618.jpg,https://inaturalist-open-data.s3.amazonaws.com/photos/636420815/original.jpg,http://creativecommons.org/licenses/by-nc/4.0/,divercraig,6195648618,2048,1536,0.0176
Paracanthurus hepatus,013_gbif_6235093685.jpg,https://inaturalist-open-data.s3.amazonaws.com/photos/642844857/original.jpg,http://creativecommons.org/licenses/by-nc/4.0/,Daniel McKenna,6235093685,2048,1166,0.0146
Paracanthurus hepatus,007_gbif_6252721175.jpg,https://inaturalist-open-data.s3.amazonaws.com/photos/653216545/original.jpg,http://creativecommons.org/licenses/by-nc/4.0/,Mark Rosenstein,6252721175,1202,800,0.0105
Paracanthurus hepatus,015_gbif_6441905107.jpg,https://inaturalist-open-data.s3.amazonaws.com/photos/693139793/original.jpg,http://creativecommons.org/licenses/by-nc/4.0/,Anas Louhenapessy,6441905107,2048,1536,0.0572
Paracanthurus hepatus,016_gbif_6273251340.jpg,https://inaturalist-open-data.s3.amazonaws.com/photos/654268985/original.jpg,http://creativecommons.org/licenses/by/4.0/,Lisa_James,6273251340,2048,1368,0.0058
Paracanthurus hepatus,011_gbif_6273730401.jpg,https://inaturalist-open-data.s3.amazonaws.com/photos/654238454/original.jpg,http://creativecommons.org/licenses/by-nc/4.0/,elinehanna,6273730401,2048,1536,0.0064
Paracanthurus hepatus,012_gbif_6274166978.jpg,https://inaturalist-open-data.s3.amazonaws.com/photos/657175375/original.jpg,http://creativecommons.org/licenses/by-nc/4.0/,Malte Sellin,6274166978,1788,1341,0.0767
Paracanthurus hepatus,019_gbif_6274169731.jpg,https://inaturalist-open-data.s3.amazonaws.com/photos/654224485/original.jpg,http://creativecommons.org/licenses/by-nc/4.0/,k_freemantle,6274169731,2048,1536,0.0288
Paracanthurus hepatus,014_gbif_6320786735.jpg,https://inaturalist-open-data.s3.amazonaws.com/photos/659431080/original.jpg,http://creativecommons.org/licenses/by-nc/4.0/,nmi_fishguy,6320786735,2048,1536,0.0505
Paracanthurus hepatus,021_gbif_6321067814.jpg,https://inaturalist-open-data.s3.amazonaws.com/photos/658976317/original.jpg,http://creativecommons.org/licenses/by-nc/4.0/,Alison Ravenscraft,6321067814,2048,1536,0.0108
Paracanthurus hepatus,017_gbif_6399997559.jpg,https://inaturalist-open-data.s3.amazonaws.com/photos/673757100/original.jpg,http://creativecommons.org/licenses/by-nc/4.0/,Julien Ueda,6399997559,1970,1441,0.0058
Paracanthurus hepatus,019_gbif_6400619518.jpg,https://inaturalist-open-data.s3.amazonaws.com/photos/676866255/original.jpg,http://creativecommons.org/licenses/by-nc/4.0/,Julien Ueda,6400619518,2048,1600,0.0224
Paracanthurus hepatus,022_gbif_6399577183.jpg,https://inaturalist-open-data.s3.amazonaws.com/photos/674445633/original.jpg,http://creativecommons.org/licenses/by/4.0/,Bruce Deagle,6399577183,1332,1332,0.1483
Prionurus chrysurus,001_gbif_6234863963.jpg,https://inaturalist-open-data.s3.amazonaws.com/photos/642324524/original.jpg,http://creativecommons.org/licenses/by-nc/4.0/,KristovaIndra,6234863963,1920,1080,0.0073
Prionurus chrysurus,002_gbif_3113441344.jpeg,https://inaturalist-open-data.s3.amazonaws.com/photos/59433382/original.jpeg,http://creativecommons.org/licenses/by-nc/4.0/,Daniela Kupschus,3113441344,2048,1303,0.1342
Prionurus chrysurus,001_gbif_3113403542.jpg,https://inaturalist-open-data.s3.amazonaws.com/photos/128226069/original.jpg,http://creativecommons.org/licenses/by-nc/4.0/,Jean-Paul Cassez,3113403542,2000,1333,0.1347
Prionurus chrysurus,002_gbif_1453057701.jpg,https://inaturalist-open-data.s3.amazonaws.com/photos/218905/original.jpg,http://creativecommons.org/licenses/by-nc/4.0/,Mark Rosenstein,1453057701,1621,1080,0.081
Prionurus laticlavius,001_gbif_5938419360.jpg,https://inaturalist-open-data.s3.amazonaws.com/photos/605176838/original.jpg,http://creativecommons.org/licenses/by-nc/4.0/,Steve Shunk,5938419360,2048,1315,0.0303
Prionurus laticlavius,002_gbif_6129848838.jpg,https://inaturalist-open-data.s3.amazonaws.com/photos/609964011/original.jpg,http://creativecommons.org/licenses/by-nc/4.0/,patrickobrien3,6129848838,1210,1212,0.037
Prionurus laticlavius,001_gbif_6130086454.jpg,https://inaturalist-open-data.s3.amazonaws.com/photos/607200798/original.jpg,http://creativecommons.org/licenses/by-nc/4.0/,csmitelli,6130086454,2048,1536,0.0897
Prionurus laticlavius,004_gbif_6130095784.jpg,https://inaturalist-open-data.s3.amazonaws.com/photos/609945375/original.jpg,http://creativecommons.org/licenses/by-nc/4.0/,patrickobrien3,6130095784,1292,1294,0.0915
Prionurus laticlavius,005_gbif_6130132685.jpg,https://inaturalist-open-data.s3.amazonaws.com/photos/609981028/original.jpg,http://creativecommons.org/licenses/by-nc/4.0/,patrickobrien3,6130132685,1210,1212,0.0651
Prionurus laticlavius,006_gbif_6130360180.jpg,https://inaturalist-open-data.s3.amazonaws.com/photos/606817328/original.jpg,http://creativecommons.org/licenses/by-nc/4.0/,ositodeagua,6130360180,2048,1536,0.0354
Prionurus laticlavius,002_gbif_6130412733.jpg,https://inaturalist-open-data.s3.amazonaws.com/photos/605984263/original.jpg,http://creativecommons.org/licenses/by-nc/4.0/,Marissa Dallaire,6130412733,942,2048,0.0238
Prionurus laticlavius,008_gbif_6130425963.jpg,https://inaturalist-open-data.s3.amazonaws.com/photos/610228367/original.jpg,http://creativecommons.org/licenses/by-nc/4.0/,Casey L,6130425963,2048,1536,0.132
Prionurus laticlavius,009_gbif_6130432348.jpg,https://inaturalist-open-data.s3.amazonaws.com/photos/608432950/original.jpg,http://creativecommons.org/licenses/by-nc/4.0/,Fernanda Mercado,6130432348,1080,1920,0.0496
Prionurus laticlavius,010_gbif_6130434543.jpg,https://inaturalist-open-data.s3.amazonaws.com/photos/610704466/original.jpg,http://creativecommons.org/licenses/by/4.0/,keesgroenendijk,6130434543,2048,1536,0.1277
Prionurus laticlavius,004_gbif_6130627769.jpg,https://inaturalist-open-data.s3.amazonaws.com/photos/609835840/original.jpg,http://creativecommons.org/licenses/by-nc/4.0/,Casey L,6130627769,1070,914,0.0074
Prionurus laticlavius,012_gbif_6130630265.jpg,https://inaturalist-open-data.s3.amazonaws.com/photos/608223884/original.jpg,http://creativecommons.org/licenses/by-nc/4.0/,hectorjmz,6130630265,2048,1536,0.0054
Prionurus laticlavius,013_gbif_6130814677.jpg,https://inaturalist-open-data.s3.amazonaws.com/photos/609999887/original.jpg,http://creativecommons.org/licenses/by-nc/4.0/,patrickobrien3,6130814677,1250,1252,0.0241
Prionurus laticlavius,006_gbif_6130981958.jpg,https://inaturalist-open-data.s3.amazonaws.com/photos/609107240/original.jpg,http://creativecommons.org/licenses/by-nc/4.0/,Bruce Young,6130981958,1013,825,0.0256
Prionurus laticlavius,015_gbif_6131054680.jpg,https://inaturalist-open-data.s3.amazonaws.com/photos/609984148/original.jpg,http://creativecommons.org/licenses/by-nc/4.0/,patrickobrien3,6131054680,1210,1212,0.1221
Prionurus laticlavius,016_gbif_6131132515.jpg,https://inaturalist-open-data.s3.amazonaws.com/photos/605796035/original.jpg,http://creativecommons.org/licenses/by/4.0/,Ricardo Betancourt Sánchez,6131132515,2048,1536,0.0086
Prionurus laticlavius,017_gbif_6131232178.jpg,https://inaturalist-open-data.s3.amazonaws.com/photos/609985402/original.jpg,http://creativecommons.org/licenses/by-nc/4.0/,patrickobrien3,6131232178,1210,1212,0.0457
Prionurus laticlavius,018_gbif_6131250579.jpg,https://inaturalist-open-data.s3.amazonaws.com/photos/609987057/original.jpg,http://creativecommons.org/licenses/by-nc/4.0/,patrickobrien3,6131250579,1210,1212,0.0962
Prionurus laticlavius,019_gbif_6131321218.jpg,https://inaturalist-open-data.s3.amazonaws.com/photos/606817389/original.jpg,http://creativecommons.org/licenses/by-nc/4.0/,ositodeagua,6131321218,1013,900,0.0178
Prionurus laticlavius,012_gbif_6131345848.jpg,https://inaturalist-open-data.s3.amazonaws.com/photos/610000137/original.jpg,http://creativecommons.org/licenses/by-nc/4.0/,patrickobrien3,6131345848,1250,1252,0.0222
Prionurus laticlavius,021_gbif_6131483626.jpg,https://inaturalist-open-data.s3.amazonaws.com/photos/609982716/original.jpg,http://creativecommons.org/licenses/by-nc/4.0/,patrickobrien3,6131483626,1210,1212,0.0119
Prionurus laticlavius,022_gbif_6131518443.jpg,https://inaturalist-open-data.s3.amazonaws.com/photos/605795966/original.jpg,http://creativecommons.org/licenses/by/4.0/,Ricardo Betancourt Sánchez,6131518443,2048,1536,0.0054
Prionurus laticlavius,023_gbif_6131525522.jpg,https://inaturalist-open-data.s3.amazonaws.com/photos/609945777/original.jpg,http://creativecommons.org/licenses/by-nc/4.0/,patrickobrien3,6131525522,1292,1294,0.0553
Prionurus laticlavius,024_gbif_6131554233.jpg,https://inaturalist-open-data.s3.amazonaws.com/photos/609983520/original.jpg,http://creativecommons.org/licenses/by-nc/4.0/,patrickobrien3,6131554233,1210,1212,0.1091
Prionurus microlepidotus,001_gbif_6131589494.jpg,https://inaturalist-open-data.s3.amazonaws.com/photos/607898900/original.jpg,http://creativecommons.org/licenses/by-nc/4.0/,Jonathan M,6131589494,2048,1536,0.0516
Prionurus microlepidotus,002_gbif_6131609219.jpg,https://inaturalist-open-data.s3.amazonaws.com/photos/607017144/original.jpg,http://creativecommons.org/licenses/by-nc/4.0/,Felix Harper,6131609219,2048,1536,0.0798
Prionurus microlepidotus,003_gbif_6133194432.jpg,https://inaturalist-open-data.s3.amazonaws.com/photos/612096522/original.jpg,http://creativecommons.org/licenses/by-nc/4.0/,margot_oorebeek,6133194432,2048,1537,0.0968
Prionurus microlepidotus,004_gbif_6133268338.jpg,https://inaturalist-open-data.s3.amazonaws.com/photos/612377186/original.jpg,http://creativecommons.org/licenses/by-nc/4.0/,Ranger Jenny,6133268338,2048,1536,0.0099
Prionurus microlepidotus,004_gbif_6133307250.jpg,https://inaturalist-open-data.s3.amazonaws.com/photos/611630266/original.jpg,http://creativecommons.org/licenses/by-nc/4.0/,Euan Thomas,6133307250,2048,1536,0.0408
Prionurus microlepidotus,006_gbif_6133615244.jpg,https://inaturalist-open-data.s3.amazonaws.com/photos/611347547/original.jpg,http://creativecommons.org/licenses/by-nc/4.0/,smilelynaomi,6133615244,2048,1536,0.0128
Prionurus microlepidotus,005_gbif_6147698743.jpg,https://inaturalist-open-data.s3.amazonaws.com/photos/614107102/original.jpg,http://creativecommons.org/licenses/by-nc/4.0/,Peter de Jongh,6147698743,1181,863,0.0995
Prionurus microlepidotus,006_gbif_6159460869.jpg,https://inaturalist-open-data.s3.amazonaws.com/photos/614925137/original.jpg,http://creativecommons.org/licenses/by-nc/4.0/,martinkopp,6159460869,2048,1385,0.1169
Prionurus microlepidotus,009_gbif_6162775810.jpg,https://inaturalist-open-data.s3.amazonaws.com/photos/617663372/original.jpg,http://creativecommons.org/licenses/by-nc/4.0/,offshore_,6162775810,1489,1489,0.065
Prionurus microlepidotus,007_gbif_6171231321.jpg,https://inaturalist-open-data.s3.amazonaws.com/photos/618605785/original.jpg,http://creativecommons.org/licenses/by-nc/4.0/,offshore_,6171231321,1145,1145,0.0387
Prionurus microlepidotus,008_gbif_6179188678.jpg,https://inaturalist-open-data.s3.amazonaws.com/photos/618325395/original.jpg,http://creativecommons.org/licenses/by-nc/4.0/,Nic Katherine,6179188678,1284,963,0.1236
Prionurus microlepidotus,009_gbif_6187899235.jpg,https://inaturalist-open-data.s3.amazonaws.com/photos/633030819/original.jpg,http://creativecommons.org/licenses/by-nc/4.0/,Erik Schlögl,6187899235,1800,1216,0.1328
Prionurus microlepidotus,010_gbif_6236129128.jpg,https://inaturalist-open-data.s3.amazonaws.com/photos/639492789/original.jpg,http://creativecommons.org/licenses/by-nc/4.0/,Erik Schlögl,6236129128,1800,1227,0.118
Prionurus microlepidotus,011_gbif_6334100435.jpg,https://inaturalist-open-data.s3.amazonaws.com/photos/666736016/original.jpg,http://creativecommons.org/licenses/by-nc/4.0/,scottproctor14,6334100435,2048,1536,0.011
Prionurus microlepidotus,015_gbif_6452309423.jpg,https://inaturalist-open-data.s3.amazonaws.com/photos/613274562/original.jpg,http://creativecommons.org/licenses/by-nc/4.0/,Harry Rosenthal,6452309423,2048,1475,0.1326
Prionurus microlepidotus,012_gbif_6178768420.jpg,https://inaturalist-open-data.s3.amazonaws.com/photos/621672695/original.jpg,http://creativecommons.org/licenses/by-nc/4.0/,Erik Schlögl,6178768420,1800,1206,0.0302
Prionurus microlepidotus,013_gbif_6179466304.jpg,https://inaturalist-open-data.s3.amazonaws.com/photos/624481821/original.jpg,http://creativecommons.org/licenses/by-nc/4.0/,Michal,6179466304,2048,1366,0.0671
Prionurus microlepidotus,014_gbif_6179535354.jpg,https://inaturalist-open-data.s3.amazonaws.com/photos/622733538/original.jpg,http://creativecommons.org/licenses/by-nc/4.0/,offshore_,6179535354,1427,1427,0.2656
Prionurus microlepidotus,015_gbif_6185444789.jpg,https://inaturalist-open-data.s3.amazonaws.com/photos/627970831/original.jpg,http://creativecommons.org/licenses/by-nc/4.0/,offshore_,6185444789,1006,1006,0.0607
Prionurus microlepidotus,016_gbif_6186134591.jpg,https://inaturalist-open-data.s3.amazonaws.com/photos/625884286/original.jpg,http://creativecommons.org/licenses/by-nc/4.0/,offshore_,6186134591,1146,1146,0.2577
Prionurus microlepidotus,017_gbif_6188025092.jpg,https://inaturalist-open-data.s3.amazonaws.com/photos/631189599/original.jpg,http://creativecommons.org/licenses/by-nc/4.0/,offshore_,6188025092,1481,1481,0.144
Prionurus microlepidotus,019_gbif_6188354036.jpg,https://inaturalist-open-data.s3.amazonaws.com/photos/632050826/original.jpg,http://creativecommons.org/licenses/by-nc/4.0/,Erik Schlögl,6188354036,1800,1186,0.1648
Prionurus microlepidotus,021_gbif_6188322232.jpg,https://inaturalist-open-data.s3.amazonaws.com/photos/631693180/original.jpg,http://creativecommons.org/licenses/by-nc/4.0/,offshore_,6188322232,1644,1644,0.0357
Prionurus microlepidotus,023_gbif_6188392522.jpg,https://inaturalist-open-data.s3.amazonaws.com/photos/631675307/original.jpg,http://creativecommons.org/licenses/by-nc/4.0/,offshore_,6188392522,1637,1637,0.0517
Zebrasoma desjardinii,001_gbif_5938037221.jpg,https://inaturalist-open-data.s3.amazonaws.com/photos/605743865/original.jpg,http://creativecommons.org/licenses/by-nc/4.0/,Boris,5938037221,2048,1536,0.1975
Zebrasoma desjardinii,002_gbif_5938117654.jpg,https://inaturalist-open-data.s3.amazonaws.com/photos/605745353/original.jpg,http://creativecommons.org/licenses/by-nc/4.0/,Boris,5938117654,1371,1222,0.09
Zebrasoma desjardinii,001_gbif_5938118691.jpg,https://inaturalist-open-data.s3.amazonaws.com/photos/605320959/original.jpg,http://creativecommons.org/licenses/by-nc/4.0/,Simon,5938118691,2048,1365,0.0077
Zebrasoma desjardinii,004_gbif_5938258372.jpg,https://inaturalist-open-data.s3.amazonaws.com/photos/605703259/original.jpg,http://creativecommons.org/licenses/by/4.0/,Matthew Morgan,5938258372,2048,1750,0.0433
Zebrasoma desjardinii,002_gbif_5938564329.jpg,https://inaturalist-open-data.s3.amazonaws.com/photos/605740261/original.jpg,http://creativecommons.org/licenses/by-nc/4.0/,Boris,5938564329,1928,1577,0.0768
Zebrasoma desjardinii,006_gbif_6129845755.jpg,https://inaturalist-open-data.s3.amazonaws.com/photos/608134222/original.jpg,http://creativecommons.org/licenses/by-nc/4.0/,Marleen Schouten,6129845755,2048,1155,0.0703
Zebrasoma desjardinii,003_gbif_6129889521.jpg,https://inaturalist-open-data.s3.amazonaws.com/photos/607915854/original.jpg,http://creativecommons.org/licenses/by-nc/4.0/,nardine_saleh,6129889521,2048,1536,0.0541
Zebrasoma desjardinii,004_gbif_6130157274.jpg,https://inaturalist-open-data.s3.amazonaws.com/photos/608135164/original.jpg,http://creativecommons.org/licenses/by-nc/4.0/,Marleen Schouten,6130157274,2048,1155,0.0556
Zebrasoma desjardinii,005_gbif_6130193227.jpg,https://inaturalist-open-data.s3.amazonaws.com/photos/610169499/original.jpg,http://creativecommons.org/licenses/by-nc/4.0/,SachadeRuiter,6130193227,2048,1536,0.169
Zebrasoma desjardinii,010_gbif_6130219887.jpg,https://inaturalist-open-data.s3.amazonaws.com/photos/608136462/original.jpg,http://creativecommons.org/licenses/by-nc/4.0/,Marleen Schouten,6130219887,2048,1155,0.0363
Zebrasoma desjardinii,006_gbif_6130306573.jpg,https://inaturalist-open-data.s3.amazonaws.com/photos/605875281/original.jpg,http://creativecommons.org/licenses/by-nc/4.0/,Boris,6130306573,1438,1251,0.1844
Zebrasoma desjardinii,007_gbif_6131234512.jpg,https://inaturalist-open-data.s3.amazonaws.com/photos/607221699/original.jpg,http://creativecommons.org/licenses/by-nc/4.0/,Marleen Schouten,6131234512,2048,1155,0.0888
Zebrasoma desjardinii,013_gbif_6131306603.jpg,https://inaturalist-open-data.s3.amazonaws.com/photos/608136110/original.jpg,http://creativecommons.org/licenses/by-nc/4.0/,Marleen Schouten,6131306603,2048,1155,0.0885
Zebrasoma desjardinii,008_gbif_6131317257.jpg,https://inaturalist-open-data.s3.amazonaws.com/photos/607165108/original.jpg,http://creativecommons.org/licenses/by-nc/4.0/,korkki,6131317257,1705,2048,0.0303
Zebrasoma desjardinii,015_gbif_6131376329.jpg,https://inaturalist-open-data.s3.amazonaws.com/photos/608639565/original.jpg,http://creativecommons.org/licenses/by-nc/4.0/,milesleask,6131376329,2048,1536,0.057
Zebrasoma desjardinii,010_gbif_6131556532.jpg,https://inaturalist-open-data.s3.amazonaws.com/photos/607209286/original.jpg,http://creativecommons.org/licenses/by-nc/4.0/,Sylvia Wolf,6131556532,1720,1720,0.0616
Zebrasoma desjardinii,012_gbif_6133054498.jpg,https://inaturalist-open-data.s3.amazonaws.com/photos/611909079/original.jpg,http://creativecommons.org/licenses/by-nc/4.0/,Brenton Prigge,6133054498,2048,1735,0.1108
Zebrasoma desjardinii,014_gbif_6133211413.jpg,https://inaturalist-open-data.s3.amazonaws.com/photos/611482128/original.jpg,http://creativecommons.org/licenses/by-nc/4.0/,yancoquet,6133211413,2048,1536,0.0535
Zebrasoma desjardinii,019_gbif_6133257344.jpg,https://inaturalist-open-data.s3.amazonaws.com/photos/611928366/original.jpg,http://creativecommons.org/licenses/by-nc/4.0/,Brenton Prigge,6133257344,2048,1536,0.0283
Zebrasoma desjardinii,020_gbif_6133313825.jpg,https://inaturalist-open-data.s3.amazonaws.com/photos/611227840/original.jpg,http://creativecommons.org/licenses/by-nc/4.0/,jimburger,6133313825,1570,1374,0.105
Zebrasoma desjardinii,017_gbif_6133413193.jpg,https://inaturalist-open-data.s3.amazonaws.com/photos/612231308/original.jpg,http://creativecommons.org/licenses/by-nc/4.0/,Matteo Pia,6133413193,2048,1152,0.1214
Zebrasoma desjardinii,019_gbif_6133432166.jpg,https://inaturalist-open-data.s3.amazonaws.com/photos/611894562/original.jpg,http://creativecommons.org/licenses/by-nc/4.0/,Brenton Prigge,6133432166,2048,1536,0.0832
Zebrasoma desjardinii,023_gbif_6133499825.jpg,https://inaturalist-open-data.s3.amazonaws.com/photos/611723774/original.jpg,http://creativecommons.org/licenses/by-nc/4.0/,Aleksandr V. Lebedev,6133499825,2048,1536,0.0317
Zebrasoma desjardinii,023_gbif_6147275264.jpg,https://inaturalist-open-data.s3.amazonaws.com/photos/614550080/original.jpg,http://creativecommons.org/licenses/by-nc/4.0/,emajorova,6147275264,1327,1470,0.0665
Zebrasoma flavescens,006_gbif_6130624775.jpg,https://inaturalist-open-data.s3.amazonaws.com/photos/610443091/original.jpg,http://creativecommons.org/licenses/by-nc/4.0/,markymark5,6130624775,2048,1536,0.048
Zebrasoma flavescens,007_gbif_6130910039.jpg,https://inaturalist-open-data.s3.amazonaws.com/photos/606219116/original.jpg,http://creativecommons.org/licenses/by-nc/4.0/,lwhitenack,6130910039,946,2048,0.0085
Zebrasoma flavescens,008_gbif_6130991677.jpg,https://inaturalist-open-data.s3.amazonaws.com/photos/606769632/original.jpg,http://creativecommons.org/licenses/by-nc/4.0/,Tate Putman,6130991677,2048,1536,0.0261
Zebrasoma flavescens,009_gbif_6131470961.jpg,https://inaturalist-open-data.s3.amazonaws.com/photos/609593629/original.jpg,http://creativecommons.org/licenses/by-nc/4.0/,Leyton Reid,6131470961,2048,1536,0.0055
Zebrasoma flavescens,010_gbif_6133155932.jpg,https://inaturalist-open-data.s3.amazonaws.com/photos/611306436/original.jpg,http://creativecommons.org/licenses/by-nc/4.0/,Rad Dad Chad,6133155932,2048,1536,0.1877
Zebrasoma flavescens,011_gbif_6133307701.jpg,https://inaturalist-open-data.s3.amazonaws.com/photos/611157385/original.jpg,http://creativecommons.org/licenses/by-nc/4.0/,David R,6133307701,2048,1638,0.0104
Zebrasoma flavescens,012_gbif_6147644218.jpg,https://inaturalist-open-data.s3.amazonaws.com/photos/613985353/original.jpg,http://creativecommons.org/licenses/by-nc/4.0/,Joe Paquin,6147644218,2048,1368,0.272
Zebrasoma flavescens,013_gbif_6147689586.jpg,https://inaturalist-open-data.s3.amazonaws.com/photos/613679906/original.jpg,http://creativecommons.org/licenses/by-nc/4.0/,Joe Paquin,6147689586,2048,1368,0.1976
Zebrasoma flavescens,014_gbif_6162860287.jpg,https://inaturalist-open-data.s3.amazonaws.com/photos/617108398/original.jpg,http://creativecommons.org/licenses/by-nc/4.0/,Stypnzelda,6162860287,2048,1152,0.0537
Zebrasoma flavescens,015_gbif_6452546034.jpg,https://inaturalist-open-data.s3.amazonaws.com/photos/699257901/original.jpg,http://creativecommons.org/licenses/by-nc/4.0/,Eli Houcher,6452546034,2048,1160,0.0503
Zebrasoma flavescens,016_gbif_6147322163.jpg,https://inaturalist-open-data.s3.amazonaws.com/photos/614371768/original.jpg,http://creativecommons.org/licenses/by-nc/4.0/,snelson182,6147322163,2048,1536,0.0197
Zebrasoma flavescens,017_gbif_6147587535.jpg,https://inaturalist-open-data.s3.amazonaws.com/photos/613848158/original.jpg,http://creativecommons.org/licenses/by-nc/4.0/,Curtis Hart,6147587535,2048,1536,0.0341
Zebrasoma flavescens,018_gbif_6159205259.jpg,https://inaturalist-open-data.s3.amazonaws.com/photos/615934614/original.jpg,http://creativecommons.org/licenses/by-nc/4.0/,Kevin Chiang,6159205259,2000,1502,0.0315
Zebrasoma flavescens,019_gbif_6159465219.jpg,https://inaturalist-open-data.s3.amazonaws.com/photos/615878638/original.jpg,http://creativecommons.org/licenses/by-nc/4.0/,orionsmcc,6159465219,1625,2048,0.0625
Zebrasoma flavescens,020_gbif_6162783778.jpg,https://inaturalist-open-data.s3.amazonaws.com/photos/617397615/original.jpg,http://creativecommons.org/licenses/by-nc/4.0/,alexdonald,6162783778,945,2048,0.0057
Zebrasoma flavescens,021_gbif_6163099224.jpg,https://inaturalist-open-data.s3.amazonaws.com/photos/616847648/original.jpg,http://creativecommons.org/licenses/by-nc/4.0/,Rad Dad Chad,6163099224,1536,2048,0.0409
Zebrasoma flavescens,022_gbif_6171077964.jpg,https://inaturalist-open-data.s3.amazonaws.com/photos/619772835/original.jpg,http://creativecommons.org/licenses/by-nc/4.0/,Curtis Hart,6171077964,2048,1536,0.0439
Zebrasoma flavescens,023_gbif_6178294388.jpg,https://inaturalist-open-data.s3.amazonaws.com/photos/621557054/original.jpg,http://creativecommons.org/licenses/by-nc/4.0/,Bsadork,6178294388,1536,2048,0.1615
Zebrasoma flavescens,024_gbif_6178827091.jpg,https://inaturalist-open-data.s3.amazonaws.com/photos/621056375/original.jpg,http://creativecommons.org/publicdomain/zero/1.0/,Thompson Hyggen,6178827091,2048,1536,0.0266
Zebrasoma gemmatum,001_gbif_6133614627.jpg,https://inaturalist-open-data.s3.amazonaws.com/photos/612437084/original.jpg,http://creativecommons.org/licenses/by-nc/4.0/,aspearton,6133614627,2048,1536,0.252
Zebrasoma gemmatum,002_gbif_6352625727.jpg,https://inaturalist-open-data.s3.amazonaws.com/photos/661478872/original.jpg,http://creativecommons.org/licenses/by-nc/4.0/,aspearton,6352625727,2048,1536,0.0156
Zebrasoma gemmatum,003_gbif_5006803200.jpg,https://inaturalist-open-data.s3.amazonaws.com/photos/462109332/original.jpg,http://creativecommons.org/licenses/by-nc/4.0/,aspearton,5006803200,2000,1500,0.0473
Zebrasoma gemmatum,004_gbif_5007772249.jpg,https://inaturalist-open-data.s3.amazonaws.com/photos/461422674/original.jpg,http://creativecommons.org/licenses/by-nc/4.0/,aspearton,5007772249,2000,1500,0.0186
Zebrasoma gemmatum,005_gbif_5008027264.jpg,https://inaturalist-open-data.s3.amazonaws.com/photos/461246494/original.jpg,http://creativecommons.org/licenses/by-nc/4.0/,aspearton,5008027264,2000,1500,0.0725
Zebrasoma gemmatum,006_gbif_5036919260.jpg,https://inaturalist-open-data.s3.amazonaws.com/photos/463271491/original.jpg,http://creativecommons.org/licenses/by-nc/4.0/,aspearton,5036919260,2000,1500,0.0036
Zebrasoma gemmatum,007_gbif_5104641888.jpg,https://inaturalist-open-data.s3.amazonaws.com/photos/479599044/original.jpg,http://creativecommons.org/licenses/by-nc/4.0/,aspearton,5104641888,2048,1536,0.0429
Zebrasoma gemmatum,008_gbif_5104744025.jpg,https://inaturalist-open-data.s3.amazonaws.com/photos/479599089/original.jpg,http://creativecommons.org/licenses/by-nc/4.0/,aspearton,5104744025,2048,1536,0.1265
Zebrasoma gemmatum,009_gbif_5134617391.jpg,https://inaturalist-open-data.s3.amazonaws.com/photos/483428907/original.jpg,http://creativecommons.org/licenses/by-nc/4.0/,aspearton,5134617391,2048,1536,0.1823
Zebrasoma gemmatum,010_gbif_5140783611.jpg,https://inaturalist-open-data.s3.amazonaws.com/photos/494890378/original.jpg,http://creativecommons.org/licenses/by-nc/4.0/,aspearton,5140783611,2048,1536,0.2126
Zebrasoma gemmatum,011_gbif_5140789497.jpg,https://inaturalist-open-data.s3.amazonaws.com/photos/494890407/original.jpg,http://creativecommons.org/licenses/by-nc/4.0/,aspearton,5140789497,2048,1536,0.0935
Zebrasoma gemmatum,012_gbif_5140922575.jpg,https://inaturalist-open-data.s3.amazonaws.com/photos/494889203/original.jpg,http://creativecommons.org/licenses/by-nc/4.0/,aspearton,5140922575,2048,1536,0.2581
Zebrasoma gemmatum,013_gbif_5140976483.jpg,https://inaturalist-open-data.s3.amazonaws.com/photos/494890582/original.jpg,http://creativecommons.org/licenses/by-nc/4.0/,aspearton,5140976483,2048,1536,0.0632
Zebrasoma gemmatum,014_gbif_5837882729.jpg,https://inaturalist-open-data.s3.amazonaws.com/photos/573404516/original.jpg,http://creativecommons.org/licenses/by-nc/4.0/,zi_art_efact,5837882729,2048,1536,0.0628
Zebrasoma gemmatum,015_gbif_5187575987.jpg,https://inaturalist-open-data.s3.amazonaws.com/photos/515508498/original.jpg,http://creativecommons.org/licenses/by-nc/4.0/,aspearton,5187575987,2048,1536,0.2444
Zebrasoma gemmatum,016_gbif_5831032914.jpg,https://inaturalist-open-data.s3.amazonaws.com/photos/569472038/original.jpg,http://creativecommons.org/licenses/by-nc/4.0/,Franco Colnago,5831032914,1880,1297,0.0381
Zebrasoma gemmatum,017_gbif_4133612616.jpg,https://inaturalist-open-data.s3.amazonaws.com/photos/288182041/original.jpg,http://creativecommons.org/licenses/by-nc/4.0/,aspearton,4133612616,2048,1536,0.0968
Zebrasoma gemmatum,018_gbif_3355348115.jpg,https://inaturalist-open-data.s3.amazonaws.com/photos/155639944/original.jpg,http://creativecommons.org/licenses/by-nc/4.0/,Luis P. B.,3355348115,2048,1365,0.1048
Zebrasoma gemmatum,019_gbif_1838390147.jpg,https://inaturalist-open-data.s3.amazonaws.com/photos/15714187/original.jpg,http://creativecommons.org/licenses/by-nc/4.0/,tony rebelo,1838390147,1429,1004,0.029
Zebrasoma scopas,001_gbif_6129830217.jpg,https://inaturalist-open-data.s3.amazonaws.com/photos/606578804/original.jpg,http://creativecommons.org/licenses/by-nc/4.0/,ae201,6129830217,2048,1536,0.0538
Zebrasoma scopas,002_gbif_6129866338.jpg,https://inaturalist-open-data.s3.amazonaws.com/photos/606563001/original.jpg,http://creativecommons.org/licenses/by-nc/4.0/,momaz,6129866338,1470,1344,0.1163
Zebrasoma scopas,003_gbif_6130025111.jpg,https://inaturalist-open-data.s3.amazonaws.com/photos/610821550/original.jpg,http://creativecommons.org/licenses/by-nc/4.0/,talaok,6130025111,2048,946,0.0131
Zebrasoma scopas,004_gbif_6130344671.jpg,https://inaturalist-open-data.s3.amazonaws.com/photos/607260820/original.jpg,http://creativecommons.org/licenses/by-nc/4.0/,Dev Simpkins,6130344671,2048,1532,0.0441
Zebrasoma scopas,005_gbif_6130639578.jpg,https://inaturalist-open-data.s3.amazonaws.com/photos/606301244/original.jpg,http://creativecommons.org/licenses/by/4.0/,Debra Baker,6130639578,1516,1223,0.0396
Zebrasoma scopas,006_gbif_6131392104.jpg,https://inaturalist-open-data.s3.amazonaws.com/photos/608989091/original.jpg,http://creativecommons.org/licenses/by-nc/4.0/,Michał Górski,6131392104,1914,1077,0.0164
Zebrasoma scopas,007_gbif_6131616890.jpg,https://inaturalist-open-data.s3.amazonaws.com/photos/609562856/original.jpg,http://creativecommons.org/licenses/by-nc/4.0/,Jodie,6131616890,2048,1536,0.074
Zebrasoma scopas,008_gbif_6131682753.jpg,https://inaturalist-open-data.s3.amazonaws.com/photos/609801384/original.jpg,http://creativecommons.org/licenses/by-nc/4.0/,Jodie,6131682753,2048,1536,0.0804
Zebrasoma scopas,009_gbif_6133346719.jpg,https://inaturalist-open-data.s3.amazonaws.com/photos/611204154/original.jpg,http://creativecommons.org/licenses/by-nc/4.0/,jimburger,6133346719,948,829,0.0636
Zebrasoma scopas,010_gbif_6147182873.jpg,https://inaturalist-open-data.s3.amazonaws.com/photos/613829251/original.jpg,http://creativecommons.org/licenses/by-nc/4.0/,Paul Norwood,6147182873,2048,1536,0.0365
Zebrasoma scopas,011_gbif_6147210697.jpg,https://inaturalist-open-data.s3.amazonaws.com/photos/613046426/original.jpg,http://creativecommons.org/licenses/by-nc/4.0/,yancoquet,6147210697,2048,1536,0.0532
Zebrasoma scopas,012_gbif_6147459153.jpg,https://inaturalist-open-data.s3.amazonaws.com/photos/613829522/original.jpg,http://creativecommons.org/licenses/by-nc/4.0/,Paul Norwood,6147459153,2048,1536,0.1014
Zebrasoma scopas,013_gbif_6147479089.jpg,https://inaturalist-open-data.s3.amazonaws.com/photos/613829035/original.jpg,http://creativecommons.org/licenses/by-nc/4.0/,Paul Norwood,6147479089,2048,1536,0.017
Zebrasoma scopas,014_gbif_6147605909.jpg,https://inaturalist-open-data.s3.amazonaws.com/photos/613828924/original.jpg,http://creativecommons.org/licenses/by-nc/4.0/,Paul Norwood,6147605909,1536,2048,0.0155
Zebrasoma scopas,015_gbif_6159692007.jpg,https://inaturalist-open-data.s3.amazonaws.com/photos/616293205/original.jpg,http://creativecommons.org/licenses/by-nc/4.0/,Paul Norwood,6159692007,2048,1536,0.0337
Zebrasoma scopas,016_gbif_6178589794.jpg,https://inaturalist-open-data.s3.amazonaws.com/photos/621983225/original.jpg,http://creativecommons.org/licenses/by-nc/4.0/,Jens Sommer-Knudsen,6178589794,2048,1365,0.1939
Zebrasoma scopas,017_gbif_6178853427.jpg,https://inaturalist-open-data.s3.amazonaws.com/photos/620745104/original.jpg,http://creativecommons.org/licenses/by-nc/4.0/,Marinebio,6178853427,2048,1577,0.0416
Zebrasoma scopas,018_gbif_6185624355.jpg,https://inaturalist-open-data.s3.amazonaws.com/photos/614401501/original.jpg,http://creativecommons.org/licenses/by-nc/4.0/,Paul Norwood,6185624355,2048,1536,0.0318
Zebrasoma scopas,019_gbif_6147247890.jpg,https://inaturalist-open-data.s3.amazonaws.com/photos/612885392/original.jpg,http://creativecommons.org/licenses/by-nc/4.0/,afguemas,6147247890,2048,1540,0.1067
Zebrasoma scopas,020_gbif_6147347597.jpg,https://inaturalist-open-data.s3.amazonaws.com/photos/613816816/original.jpg,http://creativecommons.org/licenses/by-nc/4.0/,cathylebouteiller,6147347597,1536,2048,0.0916
Zebrasoma scopas,021_gbif_6147537739.jpg,https://inaturalist-open-data.s3.amazonaws.com/photos/613965604/original.jpg,http://creativecommons.org/licenses/by-nc/4.0/,Michal,6147537739,2048,1366,0.027
Zebrasoma scopas,022_gbif_6159252925.jpg,https://inaturalist-open-data.s3.amazonaws.com/photos/615874762/original.jpg,http://creativecommons.org/licenses/by-nc/4.0/,Abel Dupré,6159252925,2048,1536,0.0066
Zebrasoma scopas,023_gbif_6159267985.jpg,https://inaturalist-open-data.s3.amazonaws.com/photos/615720493/original.jpg,http://creativecommons.org/licenses/by/4.0/,PampaSorro,6159267985,1779,1342,0.0117
Zebrasoma scopas,024_gbif_6159320602.jpg,https://inaturalist-open-data.s3.amazonaws.com/photos/615672567/original.jpg,http://creativecommons.org/licenses/by-nc/4.0/,Michal,6159320602,2048,1366,0.0334
Zebrasoma veliferum,001_gbif_6130134136.jpg,https://inaturalist-open-data.s3.amazonaws.com/photos/608837059/original.jpg,http://creativecommons.org/licenses/by-nc/4.0/,afguemas,6130134136,2048,1536,0.0304
Zebrasoma veliferum,001_gbif_6130200022.jpg,https://inaturalist-open-data.s3.amazonaws.com/photos/609155938/original.jpg,http://creativecommons.org/licenses/by-nc/4.0/,Ocyrhoe,6130200022,1377,1012,0.1512
Zebrasoma veliferum,003_gbif_6130389568.jpg,https://inaturalist-open-data.s3.amazonaws.com/photos/609728106/original.jpg,http://creativecommons.org/licenses/by-nc/4.0/,Andrew Plant,6130389568,1138,894,0.105
Zebrasoma veliferum,004_gbif_6130403220.jpg,https://inaturalist-open-data.s3.amazonaws.com/photos/608069661/original.jpg,http://creativecommons.org/licenses/by-nc/4.0/,acadiasunrise,6130403220,2048,1536,0.0054
Zebrasoma veliferum,005_gbif_6130569283.jpg,https://inaturalist-open-data.s3.amazonaws.com/photos/606441429/original.jpg,http://creativecommons.org/licenses/by-nc/4.0/,Tate Putman,6130569283,1920,1080,0.0076
Zebrasoma veliferum,002_gbif_6130713090.jpg,https://inaturalist-open-data.s3.amazonaws.com/photos/606977112/original.jpg,http://creativecommons.org/licenses/by-nc/4.0/,greenquester,6130713090,1891,1206,0.0654
Zebrasoma veliferum,007_gbif_6130772603.jpg,https://inaturalist-open-data.s3.amazonaws.com/photos/606335993/original.jpg,http://creativecommons.org/licenses/by-nc/4.0/,momaz,6130772603,2048,1784,0.2449
Zebrasoma veliferum,003_gbif_6130995540.jpg,https://inaturalist-open-data.s3.amazonaws.com/photos/607358564/original.jpg,http://creativecommons.org/licenses/by-nc/4.0/,momaz,6130995540,2048,1536,0.0653
Zebrasoma veliferum,009_gbif_6131382251.jpg,https://inaturalist-open-data.s3.amazonaws.com/photos/607213064/original.jpg,http://creativecommons.org/licenses/by-nc/4.0/,rrd85,6131382251,1170,897,0.0097
Zebrasoma veliferum,004_gbif_6131479770.jpg,https://inaturalist-open-data.s3.amazonaws.com/photos/608543252/original.jpg,http://creativecommons.org/licenses/by-nc/4.0/,David R,6131479770,2048,1638,0.0409
Zebrasoma veliferum,005_gbif_6131694753.jpg,https://inaturalist-open-data.s3.amazonaws.com/photos/609640100/original.jpg,http://creativecommons.org/licenses/by-nc/4.0/,bodhihallas,6131694753,1787,2042,0.0314
Zebrasoma veliferum,012_gbif_6133033079.jpg,https://inaturalist-open-data.s3.amazonaws.com/photos/612089206/original.jpg,http://creativecommons.org/licenses/by-nc/4.0/,cathylebouteiller,6133033079,2048,1855,0.0725
Zebrasoma veliferum,013_gbif_6133044909.jpg,https://inaturalist-open-data.s3.amazonaws.com/photos/612764995/original.jpg,http://creativecommons.org/licenses/by/4.0/,Eric Knight,6133044909,1538,2048,0.0054
Zebrasoma veliferum,014_gbif_6133240534.jpg,https://inaturalist-open-data.s3.amazonaws.com/photos/609850467/original.jpg,http://creativecommons.org/licenses/by-nc/4.0/,Jenny Hanwell,6133240534,2048,1307,0.1129
Zebrasoma veliferum,015_gbif_6133537651.jpg,https://inaturalist-open-data.s3.amazonaws.com/photos/611802612/original.jpg,http://creativecommons.org/licenses/by-nc/4.0/,Keegan Thomas,6133537651,1536,2048,0.0786
Zebrasoma veliferum,009_gbif_6147394815.jpg,https://inaturalist-open-data.s3.amazonaws.com/photos/613829359/original.jpg,http://creativecommons.org/licenses/by-nc/4.0/,Paul Norwood,6147394815,2048,1536,0.0308
Zebrasoma veliferum,017_gbif_6147431347.jpg,https://inaturalist-open-data.s3.amazonaws.com/photos/613679685/original.jpg,http://creativecommons.org/licenses/by-nc/4.0/,Joe Paquin,6147431347,2048,1368,0.3007
Zebrasoma veliferum,011_gbif_6147435727.jpg,https://inaturalist-open-data.s3.amazonaws.com/photos/613029428/original.jpg,http://creativecommons.org/licenses/by-nc/4.0/,Paul Norwood,6147435727,2048,1536,0.0189
Zebrasoma veliferum,019_gbif_6147452299.jpg,https://inaturalist-open-data.s3.amazonaws.com/photos/614342207/original.jpg,http://creativecommons.org/licenses/by/4.0/,Eric Knight,6147452299,1920,1080,0.1005
Zebrasoma veliferum,020_gbif_6147483603.jpg,https://inaturalist-open-data.s3.amazonaws.com/photos/613829446/original.jpg,http://creativecommons.org/licenses/by-nc/4.0/,Paul Norwood,6147483603,2048,1536,0.0442
Zebrasoma veliferum,016_gbif_6147583779.jpg,https://inaturalist-open-data.s3.amazonaws.com/photos/613829144/original.jpg,http://creativecommons.org/licenses/by-nc/4.0/,Paul Norwood,6147583779,2048,1536,0.0235
Zebrasoma veliferum,022_gbif_6147587729.jpg,https://inaturalist-open-data.s3.amazonaws.com/photos/613829338/original.jpg,http://creativecommons.org/licenses/by-nc/4.0/,Paul Norwood,6147587729,2048,1536,0.0207
Zebrasoma veliferum,020_gbif_6159232073.jpg,https://inaturalist-open-data.s3.amazonaws.com/photos/616293620/original.jpg,http://creativecommons.org/licenses/by-nc/4.0/,Paul Norwood,6159232073,2048,1536,0.0213
Zebrasoma veliferum,024_gbif_6159363599.jpg,https://inaturalist-open-data.s3.amazonaws.com/photos/616194226/original.jpg,http://creativecommons.org/licenses/by/4.0/,Debra Baker,6159363599,1906,1512,0.02
Zebrasoma xanthurum,001_gbif_5938372810.jpg,https://inaturalist-open-data.s3.amazonaws.com/photos/605740834/original.jpg,http://creativecommons.org/licenses/by-nc/4.0/,Boris,5938372810,2048,1536,0.1714
Zebrasoma xanthurum,002_gbif_5938535356.jpg,https://inaturalist-open-data.s3.amazonaws.com/photos/605921131/original.jpg,http://creativecommons.org/licenses/by-nc/4.0/,Simon,5938535356,2048,1365,0.041
Zebrasoma xanthurum,003_gbif_6129983793.jpg,https://inaturalist-open-data.s3.amazonaws.com/photos/607221334/original.jpg,http://creativecommons.org/licenses/by-nc/4.0/,Marleen Schouten,6129983793,2048,1155,0.0479
Zebrasoma xanthurum,004_gbif_6130023485.jpg,https://inaturalist-open-data.s3.amazonaws.com/photos/608134202/original.jpg,http://creativecommons.org/licenses/by-nc/4.0/,Marleen Schouten,6130023485,2048,1155,0.0723
Zebrasoma xanthurum,005_gbif_6130024180.jpg,https://inaturalist-open-data.s3.amazonaws.com/photos/608136282/original.jpg,http://creativecommons.org/licenses/by-nc/4.0/,Marleen Schouten,6130024180,2048,1155,0.0707
Zebrasoma xanthurum,006_gbif_6130084326.jpg,https://inaturalist-open-data.s3.amazonaws.com/photos/608664196/original.jpg,http://creativecommons.org/licenses/by-nc/4.0/,Marleen Schouten,6130084326,2048,1155,0.0893
Zebrasoma xanthurum,007_gbif_6130329361.jpg,https://inaturalist-open-data.s3.amazonaws.com/photos/608498223/original.jpg,http://creativecommons.org/licenses/by-nc/4.0/,Sylvia Wolf,6130329361,2048,2048,0.0064
Zebrasoma xanthurum,008_gbif_6130569416.jpg,https://inaturalist-open-data.s3.amazonaws.com/photos/608609017/original.jpg,http://creativecommons.org/licenses/by-nc/4.0/,Marleen Schouten,6130569416,2048,1155,0.038
Zebrasoma xanthurum,009_gbif_6130586380.jpg,https://inaturalist-open-data.s3.amazonaws.com/photos/606843588/original.jpg,http://creativecommons.org/licenses/by-nc/4.0/,Boris,6130586380,1766,1298,0.1904
Zebrasoma xanthurum,010_gbif_6131181453.jpg,https://inaturalist-open-data.s3.amazonaws.com/photos/606144471/original.jpg,http://creativecommons.org/licenses/by-nc/4.0/,Boris,6131181453,2048,1536,0.2199
Zebrasoma xanthurum,011_gbif_6131465487.jpg,https://inaturalist-open-data.s3.amazonaws.com/photos/608665169/original.jpg,http://creativecommons.org/licenses/by-nc/4.0/,Marleen Schouten,6131465487,2048,1155,0.0582
Zebrasoma xanthurum,012_gbif_6131533659.jpg,https://inaturalist-open-data.s3.amazonaws.com/photos/608610842/original.jpg,http://creativecommons.org/licenses/by-nc/4.0/,Marleen Schouten,6131533659,2048,1155,0.0847
Zebrasoma xanthurum,013_gbif_6131602778.jpg,https://inaturalist-open-data.s3.amazonaws.com/photos/606838347/original.jpg,http://creativecommons.org/licenses/by-nc/4.0/,Boris,6131602778,1939,1321,0.161
Zebrasoma xanthurum,014_gbif_6131640056.jpg,https://inaturalist-open-data.s3.amazonaws.com/photos/606843733/original.jpg,http://creativecommons.org/licenses/by-nc/4.0/,Boris,6131640056,1259,1231,0.1301
Zebrasoma xanthurum,015_gbif_6147312580.jpg,https://inaturalist-open-data.s3.amazonaws.com/photos/612970895/original.jpg,http://creativecommons.org/licenses/by-nc/4.0/,Jurga Motiejūnaitė,6147312580,975,814,0.257
Zebrasoma xanthurum,016_gbif_6147355460.jpg,https://inaturalist-open-data.s3.amazonaws.com/photos/612988383/original.jpg,http://creativecommons.org/licenses/by-nc/4.0/,Jurga Motiejūnaitė,6147355460,1515,1420,0.2171
Zebrasoma xanthurum,017_gbif_6159155181.jpg,https://inaturalist-open-data.s3.amazonaws.com/photos/615556819/original.jpg,http://creativecommons.org/licenses/by/4.0/,Jan Ebr & Ivana Ebrová,6159155181,1094,965,0.0773
Zebrasoma xanthurum,018_gbif_6159412911.jpg,https://inaturalist-open-data.s3.amazonaws.com/photos/615034737/original.jpg,http://creativecommons.org/licenses/by-nc/4.0/,emajorova,6159412911,1058,950,0.0446
Zebrasoma xanthurum,019_gbif_6159473562.jpg,https://inaturalist-open-data.s3.amazonaws.com/photos/615467099/original.jpg,http://creativecommons.org/licenses/by-nc/4.0/,emajorova,6159473562,1378,1282,0.0799
Zebrasoma xanthurum,020_gbif_6159499688.jpg,https://inaturalist-open-data.s3.amazonaws.com/photos/615468430/original.jpg,http://creativecommons.org/licenses/by-nc/4.0/,emajorova,6159499688,1645,1472,0.1537
Zebrasoma xanthurum,021_gbif_6159518934.jpg,https://inaturalist-open-data.s3.amazonaws.com/photos/615037359/original.jpg,http://creativecommons.org/licenses/by-nc/4.0/,emajorova,6159518934,1795,1373,0.0829
Zebrasoma xanthurum,022_gbif_6159582987.jpg,https://inaturalist-open-data.s3.amazonaws.com/photos/615035671/original.jpg,http://creativecommons.org/licenses/by-nc/4.0/,emajorova,6159582987,2048,1985,0.0818
Zebrasoma xanthurum,023_gbif_6159587031.jpg,https://inaturalist-open-data.s3.amazonaws.com/photos/616010636/original.jpg,http://creativecommons.org/licenses/by/4.0/,Jan Ebr & Ivana Ebrová,6159587031,1133,1081,0.014
Zebrasoma xanthurum,024_gbif_6162825913.jpg,https://inaturalist-open-data.s3.amazonaws.com/photos/616970622/original.jpg,http://creativecommons.org/licenses/by-nc/4.0/,emajorova,6162825913,1491,1057,0.045
Acanthurus achilles,012_gbif_6441620492.jpg,https://inaturalist-open-data.s3.amazonaws.com/photos/694363618/original.jpg,http://creativecommons.org/licenses/by-nc/4.0/,emily_foster133,6441620492,1536,2048,0.0047
Acanthurus achilles,005_gbif_6442073069.jpg,https://inaturalist-open-data.s3.amazonaws.com/photos/693642982/original.jpg,http://creativecommons.org/licenses/by-nc/4.0/,calvao,6442073069,1206,1237,0.0083
Acanthurus achilles,006_gbif_5007664665.jpg,https://inaturalist-open-data.s3.amazonaws.com/photos/461282648/original.jpg,http://creativecommons.org/publicdomain/zero/1.0/,Steph Brulot-Sawchyn,5007664665,1506,1129,0.0334
Acanthurus achilles,015_gbif_5063583522.jpg,https://inaturalist-open-data.s3.amazonaws.com/photos/466702783/original.jpg,http://creativecommons.org/licenses/by-nc/4.0/,Taylor Justason,5063583522,2048,1536,0.0927
Acanthurus achilles,009_gbif_5076945068.jpeg,https://inaturalist-open-data.s3.amazonaws.com/photos/471607321/original.jpeg,http://creativecommons.org/licenses/by-nc/4.0/,rolandwirth,5076945068,2048,1536,0.0653
Acanthurus achilles,011_gbif_5087332453.jpeg,https://inaturalist-open-data.s3.amazonaws.com/photos/472888675/original.jpeg,http://creativecommons.org/licenses/by-nc/4.0/,Darien Fiorino,5087332453,2048,1536,0.0118
Acanthurus achilles,013_gbif_5087820714.jpeg,https://inaturalist-open-data.s3.amazonaws.com/photos/475917692/original.jpeg,http://creativecommons.org/licenses/by-nc/4.0/,Brian Spence,5087820714,2048,1536,0.0121
Acanthurus achilles,019_gbif_5088075890.jpeg,https://inaturalist-open-data.s3.amazonaws.com/photos/476655998/original.jpeg,http://creativecommons.org/licenses/by-nc/4.0/,Brian Spence,5088075890,2048,1536,0.0159
Acanthurus achilles,015_gbif_5153442527.jpeg,https://inaturalist-open-data.s3.amazonaws.com/photos/499754413/original.jpeg,http://creativecommons.org/licenses/by-nc/4.0/,Shallow Reef,5153442527,1600,1200,0.0119
Acanthurus achilles,021_gbif_5134056030.jpg,https://inaturalist-open-data.s3.amazonaws.com/photos/482870109/original.jpg,http://creativecommons.org/licenses/by-nc-sa/4.0/,Amber Lancaster,5134056030,2048,2048,0.1308
Acanthurus achilles,022_gbif_5134347948.jpg,https://inaturalist-open-data.s3.amazonaws.com/photos/487679237/original.jpg,http://creativecommons.org/licenses/by-nc/4.0/,jillymags,5134347948,1314,826,0.0145
Acanthurus achilles,019_gbif_5154331051.jpg,https://inaturalist-open-data.s3.amazonaws.com/photos/502512724/original.jpg,http://creativecommons.org/licenses/by-nc/4.0/,marigrob,5154331051,2048,1536,0.2148
Acanthurus achilles,024_gbif_5167173365.jpg,https://inaturalist-open-data.s3.amazonaws.com/photos/507534578/original.jpg,http://creativecommons.org/licenses/by-nc/4.0/,Rad Dad Chad,5167173365,2048,1536,0.0504
Acanthurus albipectoralis,021_gbif_6178754215.jpeg,https://inaturalist-open-data.s3.amazonaws.com/photos/241698329/original.jpeg,http://creativecommons.org/licenses/by-nc/4.0/,Claire Goiran,6178754215,2048,2045,0.1109
Acanthurus albipectoralis,019_gbif_3902104994.jpeg,https://inaturalist-open-data.s3.amazonaws.com/photos/160606106/original.jpeg,http://creativecommons.org/licenses/by-nc/4.0/,Pierre-Louis Stenger,3902104994,2048,1367,0.0053
Acanthurus albipectoralis,021_gbif_2423080944.jpeg,https://inaturalist-open-data.s3.amazonaws.com/photos/51413791/original.jpeg,http://creativecommons.org/licenses/by-nc/4.0/,warren cameron,2423080944,2048,1536,0.0056
Acanthurus albipectoralis,023_gbif_1890081903.jpeg,https://inaturalist-open-data.s3.amazonaws.com/photos/22401559/original.jpeg,http://creativecommons.org/licenses/by-nc/4.0/,Peter,1890081903,1839,1317,0.2436
Acanthurus chirurgus,016_gbif_6163083145.jpg,https://inaturalist-open-data.s3.amazonaws.com/photos/616522212/original.jpg,http://creativecommons.org/licenses/by-nc/4.0/,Ryan Grow,6163083145,2048,1536,0.0056
Acanthurus chirurgus,010_gbif_6163173250.jpg,https://inaturalist-open-data.s3.amazonaws.com/photos/617804278/original.jpg,http://creativecommons.org/licenses/by/4.0/,Kai Murphy,6163173250,1536,2048,0.0145
Acanthurus chirurgus,011_gbif_6163230559.jpg,https://inaturalist-open-data.s3.amazonaws.com/photos/617104621/original.jpg,http://creativecommons.org/licenses/by-nc/4.0/,Jeff Garner,6163230559,1290,995,0.0619
Acanthurus chirurgus,014_gbif_6163316405.jpg,https://inaturalist-open-data.s3.amazonaws.com/photos/617311446/original.jpg,http://creativecommons.org/licenses/by-nc/4.0/,Sheldon Logan,6163316405,2048,1536,0.0125
Acanthurus chirurgus,020_gbif_6163383624.jpg,https://inaturalist-open-data.s3.amazonaws.com/photos/617840268/original.jpg,http://creativecommons.org/licenses/by-nc/4.0/,Jeff Garner,6163383624,1107,842,0.0729
Acanthurus chirurgus,021_gbif_6171060817.jpg,https://inaturalist-open-data.s3.amazonaws.com/photos/618746844/original.jpg,http://creativecommons.org/licenses/by-nc/4.0/,veroneseigor,6171060817,2048,1536,0.1044
Acanthurus chirurgus,022_gbif_6171168845.jpg,https://inaturalist-open-data.s3.amazonaws.com/photos/620083479/original.jpg,http://creativecommons.org/licenses/by-nc/4.0/,epic2112,6171168845,2048,1535,0.0222
Acanthurus chirurgus,019_gbif_6171254203.jpg,https://inaturalist-open-data.s3.amazonaws.com/photos/619079246/original.jpg,http://creativecommons.org/licenses/by-nc/4.0/,sunflorence,6171254203,1194,1697,0.0679
Acanthurus chirurgus,021_gbif_6171405104.jpg,https://inaturalist-open-data.s3.amazonaws.com/photos/619070470/original.jpg,http://creativecommons.org/licenses/by-nc/4.0/,abbiecadabie,6171405104,1152,2048,0.0458
Acanthurus dussumieri,016_gbif_6184872043.jpg,https://inaturalist-open-data.s3.amazonaws.com/photos/627458151/original.jpg,http://creativecommons.org/licenses/by-nc/4.0/,North Island volunteers,6184872043,1755,1316,0.0581
Acanthurus dussumieri,018_gbif_6184902219.jpg,https://inaturalist-open-data.s3.amazonaws.com/photos/627009085/original.jpg,http://creativecommons.org/licenses/by/4.0/,Lisa_James,6184902219,2026,1353,0.0134
Acanthurus dussumieri,020_gbif_6185173111.jpg,https://inaturalist-open-data.s3.amazonaws.com/photos/627008738/original.jpg,http://creativecommons.org/licenses/by/4.0/,Lisa_James,6185173111,1199,801,0.0544
Acanthurus dussumieri,022_gbif_6185395489.jpg,https://inaturalist-open-data.s3.amazonaws.com/photos/627458146/original.jpg,http://creativecommons.org/licenses/by-nc/4.0/,North Island volunteers,6185395489,1222,916,0.0145
Acanthurus dussumieri,023_gbif_6185798191.jpg,https://inaturalist-open-data.s3.amazonaws.com/photos/627435915/original.jpg,http://creativecommons.org/licenses/by-nc/4.0/,joseph_dibattista,6185798191,2048,1536,0.0206
Acanthurus dussumieri,022_gbif_6188324401.jpg,https://inaturalist-open-data.s3.amazonaws.com/photos/631824237/original.jpg,http://creativecommons.org/licenses/by/4.0/,Susan Prior,6188324401,1500,1500,0.2081
Acanthurus grammoptilus,013_gbif_5909245985.jpg,https://inaturalist-open-data.s3.amazonaws.com/photos/28951006/original.jpg,http://creativecommons.org/licenses/by-nc/4.0/,Tony Ayling,5909245985,1200,900,0.2124
Acanthurus grammoptilus,014_gbif_2859907909.jpg,https://inaturalist-open-data.s3.amazonaws.com/photos/92590546/original.jpg,http://creativecommons.org/licenses/by-nc/4.0/,Ray Turnbull,2859907909,2048,1366,0.024
Acanthurus grammoptilus,016_gbif_3873525301.jpeg,https://inaturalist-open-data.s3.amazonaws.com/photos/6419966/original.jpeg,http://creativecommons.org/licenses/by-nc/4.0/,Pete Woodall,3873525301,1323,992,0.0691
Acanthurus grammoptilus,018_gbif_3872992304.jpeg,https://inaturalist-open-data.s3.amazonaws.com/photos/6347455/original.jpeg,http://creativecommons.org/licenses/by-nc/4.0/,Pete Woodall,3872992304,1195,896,0.0245
Acanthurus grammoptilus,019_gbif_4046325160.jpeg,https://inaturalist-open-data.s3.amazonaws.com/photos/258069600/original.jpeg,http://creativecommons.org/licenses/by-nc/4.0/,Sylvain Le Bris,4046325160,1600,1197,0.1341
Acanthurus grammoptilus,022_gbif_1640063129.jpeg,https://inaturalist-open-data.s3.amazonaws.com/photos/10070842/original.jpeg,http://creativecommons.org/licenses/by-nc/4.0/,Sascha Schulz,1640063129,2040,1360,0.1146
Acanthurus grammoptilus,022_gbif_2851150596.jpg,https://inaturalist-open-data.s3.amazonaws.com/photos/88622359/original.jpg,http://creativecommons.org/licenses/by-nc/4.0/,cotinga,2851150596,2048,1372,0.2525
Acanthurus grammoptilus,024_gbif_1056320571.jpg,https://data.nhm.ac.uk/media/9b9578a6-dd6d-416f-8bc9-eafee3335da2,http://creativecommons.org/licenses/by/4.0/,"The Trustees of the Natural History Museum, London",1056320571,1440,1038,0.0628
Acanthurus guttatus,013_gbif_6273346734.jpg,https://inaturalist-open-data.s3.amazonaws.com/photos/654066713/original.jpg,http://creativecommons.org/licenses/by-nc/4.0/,Hubert Szczygieł,6273346734,2048,1536,0.0299
Acanthurus guttatus,008_gbif_6274157644.jpg,https://inaturalist-open-data.s3.amazonaws.com/photos/654063211/original.jpg,http://creativecommons.org/licenses/by-nc/4.0/,Hubert Szczygieł,6274157644,2048,1536,0.0664
Acanthurus guttatus,015_gbif_6320893930.jpg,https://inaturalist-open-data.s3.amazonaws.com/photos/648980101/original.jpg,http://creativecommons.org/licenses/by/4.0/,Antoine MARNAT,6320893930,2048,1536,0.0954
Acanthurus guttatus,016_gbif_6273448742.jpg,https://inaturalist-open-data.s3.amazonaws.com/photos/654468848/original.jpg,http://creativecommons.org/licenses/by-nc/4.0/,Raj Pendharkar,6273448742,1198,979,0.0737
Acanthurus guttatus,010_gbif_6320936876.jpg,https://inaturalist-open-data.s3.amazonaws.com/photos/659359643/original.jpg,http://creativecommons.org/licenses/by-nc/4.0/,marigrob,6320936876,2048,1536,0.242
Acanthurus guttatus,011_gbif_6353112445.jpg,https://inaturalist-open-data.s3.amazonaws.com/photos/667552447/original.jpg,http://creativecommons.org/licenses/by-nc/4.0/,marigrob,6353112445,1730,1323,0.2755
Acanthurus guttatus,013_gbif_6398981834.jpg,https://inaturalist-open-data.s3.amazonaws.com/photos/679221351/original.jpg,http://creativecommons.org/licenses/by/4.0/,Cricket Raspet,6398981834,2048,1439,0.0374
Acanthurus guttatus,016_gbif_6399004456.jpg,https://inaturalist-open-data.s3.amazonaws.com/photos/679221574/original.jpg,http://creativecommons.org/licenses/by/4.0/,Cricket Raspet,6399004456,2048,1458,0.0307
Acanthurus guttatus,021_gbif_6399268568.jpg,https://inaturalist-open-data.s3.amazonaws.com/photos/676889226/original.jpg,http://creativecommons.org/licenses/by-nc/4.0/,estebanbranchereau,6399268568,2048,1536,0.0544
Acanthurus guttatus,020_gbif_6400304413.jpg,https://inaturalist-open-data.s3.amazonaws.com/photos/676890191/original.jpg,http://creativecommons.org/licenses/by-nc/4.0/,estebanbranchereau,6400304413,2048,1536,0.018
Acanthurus guttatus,023_gbif_6400533399.jpg,https://inaturalist-open-data.s3.amazonaws.com/photos/679513908/original.jpg,http://creativecommons.org/licenses/by/4.0/,Cricket Raspet,6400533399,2048,1403,0.0309
Acanthurus guttatus,024_gbif_6422870306.jpg,https://inaturalist-open-data.s3.amazonaws.com/photos/686951826/original.jpg,http://creativecommons.org/licenses/by-nc/4.0/,mikejdo,6422870306,2048,1536,0.0809
Acanthurus leucosternon,020_gbif_6185735433.jpg,https://inaturalist-open-data.s3.amazonaws.com/photos/629281245/original.jpg,http://creativecommons.org/licenses/by-nc/4.0/,Joni,6185735433,2048,1365,0.173
Acanthurus leucosternon,021_gbif_6185855091.jpg,https://inaturalist-open-data.s3.amazonaws.com/photos/628767888/original.jpg,http://creativecommons.org/licenses/by-nc/4.0/,Dr. Deepu Visweswar,6185855091,1518,1571,0.1495
Acanthurus leucosternon,019_gbif_6187948264.jpg,https://inaturalist-open-data.s3.amazonaws.com/photos/631851124/original.jpg,http://creativecommons.org/licenses/by-nc/4.0/,sandrinelecomte13,6187948264,2048,1536,0.0882
Acanthurus leucosternon,021_gbif_6188438403.jpg,https://inaturalist-open-data.s3.amazonaws.com/photos/634164587/original.jpg,http://creativecommons.org/licenses/by-nc/4.0/,North Island volunteers,6188438403,1152,2048,0.1497
Acanthurus leucosternon,024_gbif_6235099920.jpg,https://inaturalist-open-data.s3.amazonaws.com/photos/644380391/original.jpg,http://creativecommons.org/licenses/by-nc/4.0/,Francois Libert,6235099920,2048,1366,0.2089
Acanthurus lineatus,018_gbif_6159209209.jpg,https://inaturalist-open-data.s3.amazonaws.com/photos/616328155/original.jpg,http://creativecommons.org/licenses/by-nc/4.0/,Lana,6159209209,2048,1368,0.0476
Acanthurus lineatus,020_gbif_6159388279.jpg,https://inaturalist-open-data.s3.amazonaws.com/photos/614949632/original.jpg,http://creativecommons.org/licenses/by-nc/4.0/,Lana,6159388279,2048,1368,0.1959
Acanthurus lineatus,021_gbif_6159670149.jpg,https://inaturalist-open-data.s3.amazonaws.com/photos/615204210/original.jpg,http://creativecommons.org/licenses/by-nc/4.0/,susannefoitzik,6159670149,2048,945,0.0241
Acanthurus lineatus,023_gbif_6162830563.jpg,https://inaturalist-open-data.s3.amazonaws.com/photos/617065935/original.jpg,http://creativecommons.org/licenses/by/4.0/,Nicola Crockford,6162830563,2048,1152,0.0263
Acanthurus lineatus,023_gbif_6162938687.jpg,https://inaturalist-open-data.s3.amazonaws.com/photos/617987686/original.jpg,http://creativecommons.org/publicdomain/zero/1.0/,Светлана Царахова,6162938687,2048,1536,0.0501
Acanthurus monroviae,018_gbif_5215780531.jpg,https://inaturalist-open-data.s3.amazonaws.com/photos/528087400/original.jpg,http://creativecommons.org/licenses/by-nc/4.0/,Guido Schmitz,5215780531,2048,1536,0.0739
Acanthurus monroviae,019_gbif_5840070336.jpg,https://inaturalist-open-data.s3.amazonaws.com/photos/577307696/original.jpg,http://creativecommons.org/licenses/by-nc/4.0/,Mayeul Dalleau - Seanopsis,5840070336,1420,1420,0.0234
Acanthurus monroviae,020_gbif_5759928433.jpg,https://inaturalist-open-data.s3.amazonaws.com/photos/556611131/original.jpg,http://creativecommons.org/publicdomain/zero/1.0/,Francesco Cecere,5759928433,2048,1536,0.0057
Acanthurus monroviae,017_gbif_5760693884.jpg,https://inaturalist-open-data.s3.amazonaws.com/photos/557175590/original.jpg,http://creativecommons.org/publicdomain/zero/1.0/,Francesco Cecere,5760693884,2048,1536,0.0334
Acanthurus monroviae,022_gbif_5830505902.jpg,https://inaturalist-open-data.s3.amazonaws.com/photos/571081148/original.jpg,http://creativecommons.org/licenses/by-nc/4.0/,Pedro Antunes da Costa,5830505902,2048,1268,0.0593
Acanthurus monroviae,023_gbif_5840265341.jpg,https://inaturalist-open-data.s3.amazonaws.com/photos/576757399/original.jpg,http://creativecommons.org/licenses/by-nc/4.0/,RhooseBoy,5840265341,2048,1536,0.0189
Acanthurus monroviae,023_gbif_5889437685.jpg,https://inaturalist-open-data.s3.amazonaws.com/photos/584719655/original.jpg,http://creativecommons.org/licenses/by-nc/4.0/,Prince,5889437685,2048,1004,0.2209
Acanthurus nigricans,011_gbif_6178582939.jpg,https://inaturalist-open-data.s3.amazonaws.com/photos/622417827/original.jpg,http://creativecommons.org/licenses/by/4.0/,PampaSorro,6178582939,2048,1536,0.1157
Acanthurus nigricans,013_gbif_6178646906.jpg,https://inaturalist-open-data.s3.amazonaws.com/photos/625369408/original.jpg,http://creativecommons.org/licenses/by-nc/4.0/,Billy Bensted-Smith,6178646906,2048,1536,0.036
Acanthurus nigricans,015_gbif_6178765761.jpg,https://inaturalist-open-data.s3.amazonaws.com/photos/622414960/original.jpg,http://creativecommons.org/licenses/by/4.0/,PampaSorro,6178765761,2048,1502,0.1124
Acanthurus nigricans,020_gbif_6184897911.jpg,https://inaturalist-open-data.s3.amazonaws.com/photos/625635868/original.jpg,http://creativecommons.org/licenses/by/4.0/,PampaSorro,6184897911,1028,812,0.0883
Acanthurus nigricans,018_gbif_6185119441.jpg,https://inaturalist-open-data.s3.amazonaws.com/photos/625616154/original.jpg,http://creativecommons.org/licenses/by-nc/4.0/,mualeyyy,6185119441,2048,1155,0.1882
Acanthurus nigricans,022_gbif_6185978001.jpg,https://inaturalist-open-data.s3.amazonaws.com/photos/626105450/original.jpg,http://creativecommons.org/licenses/by-nc/4.0/,djholland2022,6185978001,1536,2048,0.2319
Acanthurus nigricans,020_gbif_6186085408.jpg,https://inaturalist-open-data.s3.amazonaws.com/photos/627778826/original.jpg,http://creativecommons.org/licenses/by/4.0/,Eric Klug,6186085408,1266,846,0.1938
Acanthurus nigricans,023_gbif_6187907154.jpg,https://inaturalist-open-data.s3.amazonaws.com/photos/631710160/original.jpg,http://creativecommons.org/licenses/by/4.0/,Mike Burnett,6187907154,2048,1536,0.0207
Acanthurus olivaceus,009_gbif_6163332251.jpg,https://inaturalist-open-data.s3.amazonaws.com/photos/618055085/original.jpg,http://creativecommons.org/publicdomain/zero/1.0/,bitsandbugs,6163332251,2048,1152,0.1067
Acanthurus olivaceus,010_gbif_6163358326.jpg,https://inaturalist-open-data.s3.amazonaws.com/photos/618055790/original.jpg,http://creativecommons.org/publicdomain/zero/1.0/,bitsandbugs,6163358326,2048,1152,0.0933
Acanthurus olivaceus,011_gbif_6178384973.jpg,https://inaturalist-open-data.s3.amazonaws.com/photos/604425704/original.jpg,http://creativecommons.org/licenses/by-nc/4.0/,Alex Fox,6178384973,2048,1151,0.0446
Acanthurus olivaceus,003_gbif_6178451723.jpg,https://inaturalist-open-data.s3.amazonaws.com/photos/622376507/original.jpg,http://creativecommons.org/licenses/by-nc/4.0/,Jens Sommer-Knudsen,6178451723,2048,1365,0.1321
Acanthurus olivaceus,004_gbif_6179327739.jpg,https://inaturalist-open-data.s3.amazonaws.com/photos/605836353/original.jpg,http://creativecommons.org/licenses/by-nc/4.0/,Alex Fox,6179327739,2048,1536,0.0407
Acanthurus olivaceus,014_gbif_6413123546.jpg,https://inaturalist-open-data.s3.amazonaws.com/photos/680582433/original.jpg,http://creativecommons.org/licenses/by-nc/4.0/,aproseto,6413123546,2048,1152,0.0255
Acanthurus olivaceus,006_gbif_6413457891.jpg,https://inaturalist-open-data.s3.amazonaws.com/photos/680582472/original.jpg,http://creativecommons.org/licenses/by-nc/4.0/,aproseto,6413457891,2048,1152,0.0349
Acanthurus olivaceus,007_gbif_6413624590.jpg,https://inaturalist-open-data.s3.amazonaws.com/photos/680583166/original.jpg,http://creativecommons.org/licenses/by-nc/4.0/,aproseto,6413624590,2048,1152,0.0291
Acanthurus olivaceus,008_gbif_6133465173.jpg,https://inaturalist-open-data.s3.amazonaws.com/photos/612635976/original.jpg,http://creativecommons.org/licenses/by-nc/4.0/,Olie Turner III,6133465173,2048,1536,0.0294
Acanthurus olivaceus,018_gbif_6147195263.jpg,https://inaturalist-open-data.s3.amazonaws.com/photos/614068353/original.jpg,http://creativecommons.org/licenses/by-nc/4.0/,Torin Johnson,6147195263,2048,1152,0.0695
Acanthurus olivaceus,019_gbif_6147475331.jpg,https://inaturalist-open-data.s3.amazonaws.com/photos/614073982/original.jpg,http://creativecommons.org/licenses/by-nc/4.0/,Keelan Johnson,6147475331,2048,1152,0.0365
Acanthurus olivaceus,020_gbif_6147566447.jpg,https://inaturalist-open-data.s3.amazonaws.com/photos/614068701/original.jpg,http://creativecommons.org/licenses/by-nc/4.0/,Torin Johnson,6147566447,2048,1152,0.1012
Acanthurus olivaceus,016_gbif_6159261945.jpg,https://inaturalist-open-data.s3.amazonaws.com/photos/615965141/original.jpg,http://creativecommons.org/licenses/by-nc/4.0/,Curtis Hart,6159261945,2048,1536,0.0704
Acanthurus olivaceus,022_gbif_6159301857.jpg,https://inaturalist-open-data.s3.amazonaws.com/photos/615455974/original.jpg,http://creativecommons.org/licenses/by-nc/4.0/,mrjacobeee,6159301857,945,2048,0.0078
Acanthurus olivaceus,018_gbif_6159380586.jpg,https://inaturalist-open-data.s3.amazonaws.com/photos/615878621/original.jpg,http://creativecommons.org/licenses/by-nc/4.0/,orionsmcc,6159380586,2048,1536,0.0259
Acanthurus olivaceus,024_gbif_6159427672.jpg,https://inaturalist-open-data.s3.amazonaws.com/photos/614834085/original.jpg,http://creativecommons.org/licenses/by-nc/4.0/,Lana,6159427672,2048,1368,0.1086
Acanthurus tennentii,016_gbif_5217157277.jpg,https://inaturalist-open-data.s3.amazonaws.com/photos/529814519/original.jpg,http://creativecommons.org/licenses/by-nc/4.0/,James Lefebvre,5217157277,2048,1152,0.0114
Acanthurus tennentii,020_gbif_5281889955.jpg,https://inaturalist-open-data.s3.amazonaws.com/photos/546349245/original.jpg,http://creativecommons.org/licenses/by/4.0/,Nino,5281889955,2048,1536,0.0704
Acanthurus tennentii,021_gbif_5292928923.jpg,https://inaturalist-open-data.s3.amazonaws.com/photos/550323911/original.jpg,http://creativecommons.org/licenses/by-nc/4.0/,James Lefebvre,5292928923,1152,2048,0.0067
Acanthurus tennentii,021_gbif_6131599327.jpg,https://inaturalist-open-data.s3.amazonaws.com/photos/606250545/original.jpg,http://creativecommons.org/licenses/by/4.0/,Nick Tobler (Cowturtle),6131599327,1903,1206,0.0769
Acanthurus tennentii,023_gbif_5292369942.jpg,https://inaturalist-open-data.s3.amazonaws.com/photos/552172859/original.jpg,http://creativecommons.org/licenses/by-nc/4.0/,Pascal BLOUET,5292369942,2048,946,0.0597
Acanthurus tennentii,024_gbif_5760625638.jpg,https://inaturalist-open-data.s3.amazonaws.com/photos/559765117/original.jpg,http://creativecommons.org/licenses/by-nc/4.0/,Lisa_James,5760625638,1287,859,0.0135
Acanthurus tractus,009_gbif_6130693787.jpg,https://inaturalist-open-data.s3.amazonaws.com/photos/607547199/original.jpg,http://creativecommons.org/licenses/by-nc/4.0/,bladen02,6130693787,2048,1536,0.1315
Acanthurus tractus,015_gbif_6130752044.jpg,https://inaturalist-open-data.s3.amazonaws.com/photos/608997729/original.jpg,http://creativecommons.org/licenses/by/4.0/,Jan Ebr & Ivana Ebrová,6130752044,1659,2048,0.1829
Acanthurus tractus,011_gbif_6130819724.jpg,https://inaturalist-open-data.s3.amazonaws.com/photos/604652226/original.jpg,http://creativecommons.org/licenses/by-nc/4.0/,Sheldon Logan,6130819724,2048,1536,0.019
Acanthurus tractus,012_gbif_6130862364.jpg,https://inaturalist-open-data.s3.amazonaws.com/photos/607546965/original.jpg,http://creativecommons.org/licenses/by-nc/4.0/,bladen02,6130862364,2048,1536,0.1739
Acanthurus tractus,014_gbif_6130903018.jpg,https://inaturalist-open-data.s3.amazonaws.com/photos/610551770/original.jpg,http://creativecommons.org/licenses/by-nc/4.0/,Justin Ellis-Joyce,6130903018,2048,1365,0.036
Acanthurus tractus,016_gbif_6130910244.jpg,https://inaturalist-open-data.s3.amazonaws.com/photos/606601742/original.jpg,http://creativecommons.org/licenses/by-nc/4.0/,naturalistfishing,6130910244,2048,1536,0.0376
Acanthurus tractus,020_gbif_6130956836.jpg,https://inaturalist-open-data.s3.amazonaws.com/photos/607317806/original.jpg,http://creativecommons.org/licenses/by-nc/4.0/,swimedward,6130956836,2048,1536,0.0084
Acanthurus tractus,021_gbif_6130986151.jpg,https://inaturalist-open-data.s3.amazonaws.com/photos/610528216/original.jpg,http://creativecommons.org/licenses/by-nc/4.0/,Guillaume Martin,6130986151,1569,1161,0.1604
Acanthurus tractus,022_gbif_6130990688.jpg,https://inaturalist-open-data.s3.amazonaws.com/photos/609861870/original.jpg,http://creativecommons.org/licenses/by-nc/4.0/,ydnas6,6130990688,2048,1536,0.0338
Acanthurus tractus,023_gbif_6131288295.jpg,https://inaturalist-open-data.s3.amazonaws.com/photos/604597830/original.jpg,http://creativecommons.org/licenses/by-nc/4.0/,Guillaume Martin,6131288295,1692,1172,0.2563
Acanthurus tractus,024_gbif_6131298479.jpg,https://inaturalist-open-data.s3.amazonaws.com/photos/609965140/original.jpg,http://creativecommons.org/licenses/by-nc/4.0/,anitagarden,6131298479,2048,1536,0.0345
Acanthurus xanthopterus,015_gbif_6159425533.jpg,https://inaturalist-open-data.s3.amazonaws.com/photos/614580703/original.jpg,http://creativecommons.org/licenses/by-nc/4.0/,vivekaocherik,6159425533,1638,2048,0.0492
Acanthurus xanthopterus,016_gbif_6159479403.jpg,https://inaturalist-open-data.s3.amazonaws.com/photos/615465355/original.jpg,http://creativecommons.org/licenses/by-nc/4.0/,zoebl,6159479403,2048,1536,0.0094
Acanthurus xanthopterus,017_gbif_6163412605.jpg,https://inaturalist-open-data.s3.amazonaws.com/photos/616612491/original.jpg,http://creativecommons.org/licenses/by-nc/4.0/,pocketmouse,6163412605,2048,1155,0.0083
Acanthurus xanthopterus,013_gbif_6178652577.jpg,https://inaturalist-open-data.s3.amazonaws.com/photos/622110866/original.jpg,http://creativecommons.org/licenses/by/4.0/,Ben Costamagna,6178652577,2048,1535,0.0584
Acanthurus xanthopterus,014_gbif_6179590189.jpg,https://inaturalist-open-data.s3.amazonaws.com/photos/620834980/original.jpg,http://creativecommons.org/licenses/by-nc/4.0/,donnymidas,6179590189,1152,2048,0.117
Acanthurus xanthopterus,020_gbif_6184946574.jpg,https://inaturalist-open-data.s3.amazonaws.com/photos/628092633/original.jpg,http://creativecommons.org/licenses/by/4.0/,keesgroenendijk,6184946574,2048,1536,0.0531
Acanthurus xanthopterus,021_gbif_6195941036.jpg,https://inaturalist-open-data.s3.amazonaws.com/photos/636313503/original.jpg,http://creativecommons.org/licenses/by-nc/4.0/,fernando0c,6195941036,2048,1536,0.0097
Acanthurus xanthopterus,022_gbif_6234303159.jpg,https://inaturalist-open-data.s3.amazonaws.com/photos/638260582/original.jpg,http://creativecommons.org/licenses/by-nc/4.0/,Efraín Octavio Aguilar Pérez,6234303159,2048,1365,0.0096
Acanthurus xanthopterus,023_gbif_6234396354.jpg,https://inaturalist-open-data.s3.amazonaws.com/photos/638270173/original.jpg,http://creativecommons.org/licenses/by-nc/4.0/,Efraín Octavio Aguilar Pérez,6234396354,2048,1365,0.0063
Acanthurus xanthopterus,024_gbif_6441631616.jpg,https://inaturalist-open-data.s3.amazonaws.com/photos/608359298/original.jpg,http://creativecommons.org/licenses/by/4.0/,Nicola Crockford,6441631616,2048,1152,0.0106
Ctenochaetus binotatus,023_gbif_6178742636.jpg,https://inaturalist-open-data.s3.amazonaws.com/photos/623512115/original.jpg,http://creativecommons.org/licenses/by/4.0/,Debra Baker,6178742636,2048,1536,0.0532
Ctenochaetus binotatus,023_gbif_6178854672.jpg,https://inaturalist-open-data.s3.amazonaws.com/photos/624896209/original.jpg,http://creativecommons.org/licenses/by-nc/4.0/,John Sear,6178854672,1931,1121,0.0072
Ctenochaetus hawaiiensis,011_gbif_5920333401.jpg,https://inaturalist-open-data.s3.amazonaws.com/photos/597901088/original.jpg,http://creativecommons.org/licenses/by-nc/4.0/,David R,5920333401,2048,1638,0.0055
Ctenochaetus hawaiiensis,012_gbif_4606592176.jpeg,https://inaturalist-open-data.s3.amazonaws.com/photos/361496254/original.jpeg,http://creativecommons.org/licenses/by-nc/4.0/,Brian Spence,4606592176,2048,1536,0.0441
Ctenochaetus hawaiiensis,013_gbif_4924135272.jpeg,https://inaturalist-open-data.s3.amazonaws.com/photos/416776405/original.jpeg,http://creativecommons.org/licenses/by-nc/4.0/,Jackson Nesbit,4924135272,2048,1536,0.0917
Ctenochaetus hawaiiensis,019_gbif_4872229227.jpg,https://inaturalist-open-data.s3.amazonaws.com/photos/386955365/original.jpg,http://creativecommons.org/licenses/by-nc/4.0/,Matthew Bokach,4872229227,2048,1152,0.1125
Ctenochaetus hawaiiensis,020_gbif_4875489335.jpg,https://inaturalist-open-data.s3.amazonaws.com/photos/388858491/original.jpg,http://creativecommons.org/licenses/by-nc/4.0/,Matthew Bokach,4875489335,2048,1152,0.1868
Ctenochaetus hawaiiensis,017_gbif_4901412545.jpeg,https://inaturalist-open-data.s3.amazonaws.com/photos/388087840/original.jpeg,http://creativecommons.org/licenses/by-nc/4.0/,Mashuri Waite,4901412545,1809,1838,0.0491
Ctenochaetus hawaiiensis,022_gbif_4921698484.jpeg,https://inaturalist-open-data.s3.amazonaws.com/photos/415140500/original.jpeg,http://creativecommons.org/licenses/by-nc/4.0/,Tom Barnes,4921698484,2048,1279,0.059
Ctenochaetus hawaiiensis,020_gbif_4987408920.jpeg,https://inaturalist-open-data.s3.amazonaws.com/photos/452089695/original.jpeg,http://creativecommons.org/licenses/by-nc/4.0/,Ryanwebb,4987408920,1440,1080,0.1684
Ctenochaetus hawaiiensis,024_gbif_6422670027.jpg,https://inaturalist-open-data.s3.amazonaws.com/photos/685523461/original.jpg,http://creativecommons.org/licenses/by-nc/4.0/,Etienne Guitton,6422670027,1871,1247,0.0814
Ctenochaetus marginatus,014_gbif_5076950064.jpeg,https://inaturalist-open-data.s3.amazonaws.com/photos/471625648/original.jpeg,http://creativecommons.org/licenses/by/4.0/,CaracalShan,5076950064,1669,1696,0.0275
Ctenochaetus marginatus,017_gbif_5153883999.jpeg,https://inaturalist-open-data.s3.amazonaws.com/photos/497873272/original.jpeg,http://creativecommons.org/licenses/by-nc/4.0/,Billy Bensted-Smith,5153883999,1606,1318,0.2189
Ctenochaetus marginatus,018_gbif_5154618863.jpeg,https://inaturalist-open-data.s3.amazonaws.com/photos/497873436/original.jpeg,http://creativecommons.org/licenses/by-nc/4.0/,Billy Bensted-Smith,5154618863,2048,1481,0.2209
Ctenochaetus marginatus,020_gbif_5153009985.jpeg,https://inaturalist-open-data.s3.amazonaws.com/photos/497873956/original.jpeg,http://creativecommons.org/licenses/by-nc/4.0/,Billy Bensted-Smith,5153009985,2048,1536,0.0992
Ctenochaetus marginatus,022_gbif_5153127737.jpg,https://inaturalist-open-data.s3.amazonaws.com/photos/497874119/original.jpg,http://creativecommons.org/licenses/by-nc/4.0/,Billy Bensted-Smith,5153127737,2048,1536,0.0759
Ctenochaetus marginatus,024_gbif_5153512888.jpg,https://inaturalist-open-data.s3.amazonaws.com/photos/497874017/original.jpg,http://creativecommons.org/licenses/by-nc/4.0/,Billy Bensted-Smith,5153512888,2048,1536,0.0549
Ctenochaetus tominiensis,016_gbif_6147565130.jpg,https://inaturalist-open-data.s3.amazonaws.com/photos/556850868/original.jpg,http://creativecommons.org/licenses/by/4.0/,Bernard DUPONT,6147565130,2048,1153,0.1166
Ctenochaetus tominiensis,010_gbif_5230397365.jpg,https://inaturalist-open-data.s3.amazonaws.com/photos/540609552/original.jpg,http://creativecommons.org/licenses/by-nc/4.0/,Elina Le Verche,5230397365,2048,1536,0.0968
Ctenochaetus tominiensis,018_gbif_5230885235.jpg,https://inaturalist-open-data.s3.amazonaws.com/photos/540158707/original.jpg,http://creativecommons.org/licenses/by-nc/4.0/,Eliott Huguet,5230885235,2048,1536,0.079
Ctenochaetus tominiensis,013_gbif_5291890579.jpg,https://inaturalist-open-data.s3.amazonaws.com/photos/548747151/original.jpg,http://creativecommons.org/licenses/by-nc/4.0/,Elina Le Verche,5291890579,2048,1536,0.104
Ctenochaetus tominiensis,014_gbif_5840208467.jpg,https://inaturalist-open-data.s3.amazonaws.com/photos/575889443/original.jpg,http://creativecommons.org/licenses/by-nc/4.0/,Mark Rosenstein,5840208467,1200,800,0.0323
Ctenochaetus tominiensis,016_gbif_5840496713.jpg,https://inaturalist-open-data.s3.amazonaws.com/photos/575482417/original.jpg,http://creativecommons.org/licenses/by-nc/4.0/,Mark Rosenstein,5840496713,1199,800,0.0387
Ctenochaetus tominiensis,017_gbif_5867784580.jpg,https://inaturalist-open-data.s3.amazonaws.com/photos/581563511/original.jpg,http://creativecommons.org/licenses/by/4.0/,Debra Baker,5867784580,1512,1234,0.1585
Ctenochaetus tominiensis,023_gbif_5867825585.jpg,https://inaturalist-open-data.s3.amazonaws.com/photos/582021584/original.jpg,http://creativecommons.org/licenses/by-nc/4.0/,Charley Hesse,5867825585,1920,1279,0.0686
Ctenochaetus tominiensis,021_gbif_5889425444.jpg,https://inaturalist-open-data.s3.amazonaws.com/photos/585710725/original.jpg,http://creativecommons.org/licenses/by-nc/4.0/,craigjhowe,5889425444,1600,900,0.1847
Naso brevirostris,005_gbif_6178750215.jpg,https://inaturalist-open-data.s3.amazonaws.com/photos/621739382/original.jpg,http://creativecommons.org/licenses/by-nc/4.0/,Annika,6178750215,945,2048,0.0168
Naso brevirostris,006_gbif_6185038957.jpg,https://inaturalist-open-data.s3.amazonaws.com/photos/629313280/original.jpg,http://creativecommons.org/licenses/by-nc/4.0/,Joni,6185038957,2048,1366,0.2363
Naso brevirostris,008_gbif_6185143970.jpg,https://inaturalist-open-data.s3.amazonaws.com/photos/630930890/original.jpg,http://creativecommons.org/licenses/by-nc/4.0/,Debbie King,6185143970,918,2048,0.0077
Naso brevirostris,009_gbif_6185907314.jpg,https://inaturalist-open-data.s3.amazonaws.com/photos/629178030/original.jpg,http://creativecommons.org/licenses/by-nc/4.0/,mwanaisha_musa,6185907314,2048,1536,0.0159
Naso brevirostris,015_gbif_6185960115.jpg,https://inaturalist-open-data.s3.amazonaws.com/photos/630862637/original.jpg,http://creativecommons.org/licenses/by-nc/4.0/,cr1970,6185960115,2048,1536,0.0328
Naso brevirostris,010_gbif_6188299851.jpg,https://inaturalist-open-data.s3.amazonaws.com/photos/631298518/original.jpg,http://creativecommons.org/licenses/by-nc/4.0/,cr1970,6188299851,2048,1536,0.0101
Naso brevirostris,012_gbif_6188632787.jpg,https://inaturalist-open-data.s3.amazonaws.com/photos/632435538/original.jpg,http://creativecommons.org/licenses/by-nc/4.0/,alina_alexa,6188632787,865,944,0.0106
Naso brevirostris,014_gbif_6234677619.jpg,https://inaturalist-open-data.s3.amazonaws.com/photos/644382747/original.jpg,http://creativecommons.org/licenses/by-nc/4.0/,Francois Libert,6234677619,2048,1365,0.0629
Naso brevirostris,015_gbif_6236339910.jpg,https://inaturalist-open-data.s3.amazonaws.com/photos/640416677/original.jpg,http://creativecommons.org/licenses/by-nc/4.0/,catta,6236339910,2048,1536,0.1111
Naso brevirostris,016_gbif_6187999624.jpg,https://inaturalist-open-data.s3.amazonaws.com/photos/631677327/original.jpg,http://creativecommons.org/licenses/by-nc/4.0/,offshore_,6187999624,1471,1471,0.0536
Naso brevirostris,021_gbif_6188316824.jpg,https://inaturalist-open-data.s3.amazonaws.com/photos/634117780/original.jpg,http://creativecommons.org/licenses/by-nc/4.0/,Daniel Ward,6188316824,2048,1536,0.0677
Naso brevirostris,019_gbif_6188679526.jpg,https://inaturalist-open-data.s3.amazonaws.com/photos/633889056/original.jpg,http://creativecommons.org/licenses/by-nc/4.0/,Curtis Hart,6188679526,2048,1536,0.0104
Naso brevirostris,023_gbif_6195325174.jpg,https://inaturalist-open-data.s3.amazonaws.com/photos/635028408/original.jpg,http://creativecommons.org/licenses/by-nc/4.0/,Abel Dupré,6195325174,2048,1792,0.0831
Naso brevirostris,023_gbif_6195568951.jpg,https://inaturalist-open-data.s3.amazonaws.com/photos/636928235/original.jpg,http://creativecommons.org/licenses/by-nc/4.0/,Michal,6195568951,2048,1366,0.3481
Naso caesius,012_gbif_2984546912.jpg,https://inaturalist-open-data.s3.amazonaws.com/photos/103993597/original.jpg,http://creativecommons.org/licenses/by-nc/4.0/,Alexandra Hoschke,2984546912,2048,1365,0.0068
Naso caesius,013_gbif_4015033711.jpg,https://inaturalist-open-data.s3.amazonaws.com/photos/249908595/original.jpg,http://creativecommons.org/licenses/by-nc/4.0/,Ivan Samra,4015033711,1280,960,0.0398
Naso caesius,014_gbif_6178921103.jpg,https://inaturalist-open-data.s3.amazonaws.com/photos/624637864/original.jpg,http://creativecommons.org/licenses/by-nc/4.0/,leekelai,6178921103,2048,1534,0.3207
Naso caesius,015_gbif_6179107040.jpg,https://inaturalist-open-data.s3.amazonaws.com/photos/624637506/original.jpg,http://creativecommons.org/licenses/by-nc/4.0/,leekelai,6179107040,2048,1533,0.0297
Naso caesius,016_gbif_5837932790.jpg,https://inaturalist-open-data.s3.amazonaws.com/photos/569318947/original.jpg,http://creativecommons.org/licenses/by-nc/4.0/,National Coral Reef Monitoring Program - Pacific Region,5837932790,2048,1365,0.0103
Naso caesius,017_gbif_5838102890.jpg,https://inaturalist-open-data.s3.amazonaws.com/photos/569319408/original.jpg,http://creativecommons.org/licenses/by-nc/4.0/,National Coral Reef Monitoring Program - Pacific Region,5838102890,2048,1365,0.0335
Naso caesius,009_gbif_5838388434.jpg,https://inaturalist-open-data.s3.amazonaws.com/photos/569321451/original.jpg,http://creativecommons.org/licenses/by-nc/4.0/,National Coral Reef Monitoring Program - Pacific Region,5838388434,2048,1365,0.0064
Naso caesius,019_gbif_5828480423.jpg,https://inaturalist-open-data.s3.amazonaws.com/photos/565189865/original.jpg,http://creativecommons.org/licenses/by-nc/4.0/,National Coral Reef Monitoring Program - Pacific Region,5828480423,2048,1365,0.0283
Naso caesius,011_gbif_1933548958.jpg,https://inaturalist-open-data.s3.amazonaws.com/photos/27223212/original.jpg,http://creativecommons.org/licenses/by-nc/4.0/,Bjarne Amstrup,1933548958,2048,1536,0.0055
Naso caesius,013_gbif_1944402576.jpg,https://inaturalist-open-data.s3.amazonaws.com/photos/28058299/original.jpg,http://creativecommons.org/licenses/by-nc/4.0/,Bjarne Amstrup,1944402576,1812,1356,0.0096
Naso caesius,022_gbif_3058938114.jpg,https://inaturalist-open-data.s3.amazonaws.com/photos/114835439/original.jpg,http://creativecommons.org/licenses/by-nc/4.0/,Jean-Paul Cassez,3058938114,2000,1333,0.2432
Naso caesius,023_gbif_5932301590.jpg,https://inaturalist-open-data.s3.amazonaws.com/photos/598947196/original.jpg,http://creativecommons.org/licenses/by-nc/4.0/,National Coral Reef Monitoring Program - Pacific Region,5932301590,1594,1269,0.035
Naso caesius,024_gbif_5932752609.jpg,https://inaturalist-open-data.s3.amazonaws.com/photos/599174777/original.jpg,http://creativecommons.org/licenses/by-nc/4.0/,National Coral Reef Monitoring Program - Pacific Region,5932752609,2048,1536,0.0088
Naso lituratus,016_gbif_6131595794.jpg,https://inaturalist-open-data.s3.amazonaws.com/photos/609385699/original.jpg,http://creativecommons.org/licenses/by-nc/4.0/,Leyton Reid,6131595794,2048,1536,0.0221
Naso lituratus,010_gbif_6131658681.jpg,https://inaturalist-open-data.s3.amazonaws.com/photos/610553147/original.jpg,http://creativecommons.org/licenses/by-nc/4.0/,rokkenolan,6131658681,2048,1536,0.0527
Naso lituratus,012_gbif_6133152092.jpg,https://inaturalist-open-data.s3.amazonaws.com/photos/611380563/original.jpg,http://creativecommons.org/licenses/by-nc/4.0/,David R,6133152092,2048,1638,0.0093
Naso lituratus,019_gbif_6133260352.jpg,https://inaturalist-open-data.s3.amazonaws.com/photos/611969701/original.jpg,http://creativecommons.org/licenses/by-nc/4.0/,Steve Hampton,6133260352,1947,1284,0.1659
Naso lituratus,015_gbif_6133477176.jpg,https://inaturalist-open-data.s3.amazonaws.com/photos/611122596/original.jpg,http://creativecommons.org/licenses/by-nc/4.0/,marigrob,6133477176,2048,1536,0.3039
Naso lituratus,021_gbif_6147305674.jpg,https://inaturalist-open-data.s3.amazonaws.com/photos/613679842/original.jpg,http://creativecommons.org/licenses/by-nc/4.0/,Joe Paquin,6147305674,2048,1368,0.2612
Naso lituratus,022_gbif_6147429531.jpg,https://inaturalist-open-data.s3.amazonaws.com/photos/612943370/original.jpg,http://creativecommons.org/licenses/by-nc/4.0/,wild___max,6147429531,2048,1536,0.054
Naso lituratus,021_gbif_6147614403.jpg,https://inaturalist-open-data.s3.amazonaws.com/photos/613985525/original.jpg,http://creativecommons.org/licenses/by-nc/4.0/,Joe Paquin,6147614403,2048,1368,0.2457
Naso lituratus,023_gbif_6162787669.jpg,https://inaturalist-open-data.s3.amazonaws.com/photos/617109048/original.jpg,http://creativecommons.org/licenses/by-nc/4.0/,Stypnzelda,6162787669,2048,1152,0.0406
Naso vlamingii,017_gbif_6195605145.jpg,https://inaturalist-open-data.s3.amazonaws.com/photos/635018328/original.jpg,http://creativecommons.org/licenses/by-nc/4.0/,Abel Dupré,6195605145,2048,1792,0.1039
Naso vlamingii,013_gbif_6195639181.jpg,https://inaturalist-open-data.s3.amazonaws.com/photos/637424414/original.jpg,http://creativecommons.org/licenses/by-nc/4.0/,ferg_lex,6195639181,1174,892,0.0136
Naso vlamingii,019_gbif_6234625993.jpg,https://inaturalist-open-data.s3.amazonaws.com/photos/638494510/original.jpg,http://creativecommons.org/licenses/by-nc/4.0/,Beetlefriend,6234625993,1792,2048,0.0906
Naso vlamingii,020_gbif_6234649183.jpg,https://inaturalist-open-data.s3.amazonaws.com/photos/641383527/original.jpg,http://creativecommons.org/licenses/by-nc/4.0/,Shelly,6234649183,2048,1152,0.1107
Naso vlamingii,016_gbif_6234831200.jpg,https://inaturalist-open-data.s3.amazonaws.com/photos/638320474/original.jpg,http://creativecommons.org/licenses/by-nc/4.0/,Ella Pennington,6234831200,1723,1190,0.0182
Naso vlamingii,018_gbif_6235918031.jpg,https://inaturalist-open-data.s3.amazonaws.com/photos/638864372/original.jpg,http://creativecommons.org/licenses/by-nc/4.0/,tj092,6235918031,2048,1536,0.0276
Naso vlamingii,023_gbif_6252510752.jpg,https://inaturalist-open-data.s3.amazonaws.com/photos/651773579/original.jpg,http://creativecommons.org/licenses/by/4.0/,Debra Baker,6252510752,2048,1531,0.0116
Naso vlamingii,023_gbif_6252589435.jpg,https://inaturalist-open-data.s3.amazonaws.com/photos/651037745/original.jpg,http://creativecommons.org/licenses/by-nc/4.0/,Mark Rosenstein,6252589435,1201,800,0.001
Paracanthurus hepatus,006_gbif_6422390451.jpg,https://inaturalist-open-data.s3.amazonaws.com/photos/686145948/original.jpg,http://creativecommons.org/licenses/by-nc/4.0/,Pauline Fey,6422390451,2048,1536,0.0191
Paracanthurus hepatus,008_gbif_6441647036.jpg,https://inaturalist-open-data.s3.amazonaws.com/photos/694330174/original.jpg,http://creativecommons.org/licenses/by-nc/4.0/,gengtbel,6441647036,1600,1200,0.0324
Paracanthurus hepatus,009_gbif_6430756436.jpg,https://inaturalist-open-data.s3.amazonaws.com/photos/689527560/original.jpg,http://creativecommons.org/licenses/by-nc/4.0/,Malte Sellin,6430756436,2048,1536,0.0055
Paracanthurus hepatus,010_gbif_6431596881.jpg,https://inaturalist-open-data.s3.amazonaws.com/photos/690671785/original.jpg,http://creativecommons.org/licenses/by-nc/4.0/,mandytankersley,6431596881,1179,1627,0.0051
Paracanthurus hepatus,017_gbif_6470022725.jpg,https://inaturalist-open-data.s3.amazonaws.com/photos/703892105/original.jpg,http://creativecommons.org/licenses/by-nc/4.0/,Ophelie Gallois,6470022725,2048,946,0.1916
Paracanthurus hepatus,018_gbif_6470275685.jpg,https://inaturalist-open-data.s3.amazonaws.com/photos/703857255/original.jpg,http://creativecommons.org/licenses/by-nc/4.0/,Zachary Robertson,6470275685,2048,1365,0.006
Paracanthurus hepatus,019_gbif_6470759834.jpg,https://inaturalist-open-data.s3.amazonaws.com/photos/705128937/original.jpg,http://creativecommons.org/licenses/by/4.0/,Belinda Lees,6470759834,2048,1536,0.0062
Paracanthurus hepatus,013_gbif_5036894402.jpeg,https://inaturalist-open-data.s3.amazonaws.com/photos/462847460/original.jpeg,http://creativecommons.org/licenses/by-nc/4.0/,mwanaisha_musa,5036894402,2048,1536,0.0236
Paracanthurus hepatus,015_gbif_5037220572.jpeg,https://inaturalist-open-data.s3.amazonaws.com/photos/462698073/original.jpeg,http://creativecommons.org/licenses/by-nc/4.0/,mwanaisha_musa,5037220572,2048,1536,0.0483
Paracanthurus hepatus,022_gbif_5063334684.jpeg,https://inaturalist-open-data.s3.amazonaws.com/photos/465456097/original.jpeg,http://creativecommons.org/licenses/by-nc/4.0/,Roxanne Lazarus,5063334684,1454,971,0.0127
Paracanthurus hepatus,023_gbif_5063811728.jpg,https://inaturalist-open-data.s3.amazonaws.com/photos/467962999/original.jpg,http://creativecommons.org/licenses/by-nc/4.0/,harrison_t,5063811728,1128,1284,0.0088
Paracanthurus hepatus,020_gbif_5063845463.jpg,https://inaturalist-open-data.s3.amazonaws.com/photos/467793347/original.jpg,http://creativecommons.org/licenses/by-nc/4.0/,Joëlle VINCENT,5063845463,2048,1231,0.0753
Prionurus laticlavius,006_gbif_6131576940.jpg,https://inaturalist-open-data.s3.amazonaws.com/photos/610000511/original.jpg,http://creativecommons.org/licenses/by-nc/4.0/,patrickobrien3,6131576940,1250,1252,0.1374
Prionurus laticlavius,007_gbif_6131578142.jpg,https://inaturalist-open-data.s3.amazonaws.com/photos/605795864/original.jpg,http://creativecommons.org/licenses/by/4.0/,Ricardo Betancourt Sánchez,6131578142,2048,1536,0.0054
Prionurus laticlavius,008_gbif_6131621291.jpg,https://inaturalist-open-data.s3.amazonaws.com/photos/610001871/original.jpg,http://creativecommons.org/licenses/by-nc/4.0/,patrickobrien3,6131621291,1250,1252,0.0094
Prionurus laticlavius,009_gbif_6131622275.jpg,https://inaturalist-open-data.s3.amazonaws.com/photos/609985784/original.jpg,http://creativecommons.org/licenses/by-nc/4.0/,patrickobrien3,6131622275,1210,1212,0.079
Prionurus laticlavius,010_gbif_6131675695.jpg,https://inaturalist-open-data.s3.amazonaws.com/photos/610220180/original.jpg,http://creativecommons.org/licenses/by-nc/4.0/,Robert McNally,6131675695,1920,1080,0.0337
Prionurus laticlavius,011_gbif_6131693763.jpg,https://inaturalist-open-data.s3.amazonaws.com/photos/605921713/original.jpg,http://creativecommons.org/licenses/by/4.0/,keesgroenendijk,6131693763,2048,1536,0.1277
Prionurus laticlavius,012_gbif_6133070373.jpg,https://inaturalist-open-data.s3.amazonaws.com/photos/612733167/original.jpg,http://creativecommons.org/licenses/by/4.0/,Carlos Domínguez-Rodríguez,6133070373,1025,1075,0.0141
Prionurus laticlavius,013_gbif_6133071533.jpg,https://inaturalist-open-data.s3.amazonaws.com/photos/612415369/original.jpg,http://creativecommons.org/licenses/by-nc/4.0/,Martin Gil Gallo,6133071533,1152,2048,0.0943
Prionurus laticlavius,014_gbif_6133137362.jpg,https://inaturalist-open-data.s3.amazonaws.com/photos/612735292/original.jpg,http://creativecommons.org/licenses/by/4.0/,Carlos Domínguez-Rodríguez,6133137362,2048,1792,0.1211
Prionurus laticlavius,015_gbif_6133318551.jpg,https://inaturalist-open-data.s3.amazonaws.com/photos/612734972/original.jpg,http://creativecommons.org/licenses/by/4.0/,Carlos Domínguez-Rodríguez,6133318551,2048,1792,0.0412
Prionurus laticlavius,016_gbif_6133407921.jpg,https://inaturalist-open-data.s3.amazonaws.com/photos/612737373/original.jpg,http://creativecommons.org/licenses/by/4.0/,Carlos Domínguez-Rodríguez,6133407921,2048,1792,0.0711
Prionurus laticlavius,017_gbif_6133445759.jpg,https://inaturalist-open-data.s3.amazonaws.com/photos/612579517/original.jpg,http://creativecommons.org/licenses/by-nc/4.0/,janeives,6133445759,2048,1536,0.0073
Prionurus laticlavius,018_gbif_6133571297.jpg,https://inaturalist-open-data.s3.amazonaws.com/photos/612738195/original.jpg,http://creativecommons.org/licenses/by/4.0/,Carlos Domínguez-Rodríguez,6133571297,2048,1792,0.1832
Prionurus laticlavius,019_gbif_6133583738.jpg,https://inaturalist-open-data.s3.amazonaws.com/photos/612584697/original.jpg,http://creativecommons.org/licenses/by-nc-sa/4.0/,Art Riz,6133583738,2048,1536,0.1757
Prionurus laticlavius,020_gbif_6147411555.jpg,https://inaturalist-open-data.s3.amazonaws.com/photos/613689294/original.jpg,http://creativecommons.org/licenses/by-nc/4.0/,Theresa Colecchia,6147411555,2048,1152,0.1216
Prionurus laticlavius,021_gbif_6159135453.jpg,https://inaturalist-open-data.s3.amazonaws.com/photos/616091913/original.jpg,http://creativecommons.org/licenses/by/4.0/,Tommy Andriollo,6159135453,2048,1536,0.0226
Prionurus laticlavius,014_gbif_6159467788.jpg,https://inaturalist-open-data.s3.amazonaws.com/photos/614590185/original.jpg,http://creativecommons.org/licenses/by-nc/4.0/,vivekaocherik,6159467788,1639,2048,0.3367
Prionurus laticlavius,015_gbif_6159527171.jpg,https://inaturalist-open-data.s3.amazonaws.com/photos/615461700/original.jpg,http://creativecommons.org/licenses/by-nc/4.0/,zoebl,6159527171,2048,1536,0.0219
Prionurus laticlavius,017_gbif_6159609432.jpg,https://inaturalist-open-data.s3.amazonaws.com/photos/614592969/original.jpg,http://creativecommons.org/licenses/by-nc/4.0/,vivekaocherik,6159609432,1638,2048,0.1853
Prionurus microlepidotus,018_gbif_6195839040.jpg,https://inaturalist-open-data.s3.amazonaws.com/photos/636409008/original.jpg,http://creativecommons.org/licenses/by-nc/4.0/,divercraig,6195839040,2048,1536,0.0135
Prionurus microlepidotus,020_gbif_6234222497.jpg,https://inaturalist-open-data.s3.amazonaws.com/photos/647493452/original.jpg,http://creativecommons.org/licenses/by-nc/4.0/,locksmith47,6234222497,2048,1536,0.0506
Prionurus microlepidotus,022_gbif_6235139095.jpg,https://inaturalist-open-data.s3.amazonaws.com/photos/640569415/original.jpg,http://creativecommons.org/licenses/by-nc/4.0/,offshore_,6235139095,1378,1378,0.0322
Prionurus microlepidotus,024_gbif_6235201987.jpg,https://inaturalist-open-data.s3.amazonaws.com/photos/638952325/original.jpg,http://creativecommons.org/licenses/by-nc/4.0/,offshore_,6235201987,1412,1412,0.0899
Zebrasoma desjardinii,009_gbif_6147577848.jpg,https://inaturalist-open-data.s3.amazonaws.com/photos/613157281/original.jpg,http://creativecommons.org/licenses/by-nc/4.0/,Albin Eidenberger,6147577848,2048,1396,0.0565
Zebrasoma desjardinii,011_gbif_6147603998.jpg,https://inaturalist-open-data.s3.amazonaws.com/photos/614246439/original.jpg,http://creativecommons.org/licenses/by-nc/4.0/,emajorova,6147603998,2048,1905,0.0585
Zebrasoma desjardinii,013_gbif_6159180388.jpg,https://inaturalist-open-data.s3.amazonaws.com/photos/616010562/original.jpg,http://creativecommons.org/licenses/by/4.0/,Jan Ebr & Ivana Ebrová,6159180388,1871,1004,0.0112
Zebrasoma desjardinii,015_gbif_6159193477.jpg,https://inaturalist-open-data.s3.amazonaws.com/photos/615467061/original.jpg,http://creativecommons.org/licenses/by-nc/4.0/,emajorova,6159193477,2048,1362,0.0213
Zebrasoma desjardinii,019_gbif_6159272921.jpg,https://inaturalist-open-data.s3.amazonaws.com/photos/615459885/original.jpg,http://creativecommons.org/licenses/by/4.0/,Jan Ebr & Ivana Ebrová,6159272921,2048,1849,0.1375
Zebrasoma desjardinii,016_gbif_6159512369.jpg,https://inaturalist-open-data.s3.amazonaws.com/photos/615042426/original.jpg,http://creativecommons.org/licenses/by/4.0/,Jan Ebr & Ivana Ebrová,6159512369,1878,1517,0.0712
Zebrasoma desjardinii,018_gbif_6159574873.jpg,https://inaturalist-open-data.s3.amazonaws.com/photos/615026121/original.jpg,http://creativecommons.org/licenses/by-nc/4.0/,emajorova,6159574873,1823,1544,0.1003
Zebrasoma desjardinii,020_gbif_6159644893.jpg,https://inaturalist-open-data.s3.amazonaws.com/photos/615026119/original.jpg,http://creativecommons.org/licenses/by-nc/4.0/,emajorova,6159644893,1426,1255,0.0761
Zebrasoma desjardinii,021_gbif_6159644917.jpg,https://inaturalist-open-data.s3.amazonaws.com/photos/615060939/original.jpg,http://creativecommons.org/licenses/by/4.0/,Jan Ebr & Ivana Ebrová,6159644917,1951,1671,0.0502
Zebrasoma desjardinii,024_gbif_6159708749.jpg,https://inaturalist-open-data.s3.amazonaws.com/photos/615041759/original.jpg,http://creativecommons.org/licenses/by/4.0/,Jan Ebr & Ivana Ebrová,6159708749,1043,1176,0.0801
Zebrasoma veliferum,010_gbif_6159409925.jpg,https://inaturalist-open-data.s3.amazonaws.com/photos/616293239/original.jpg,http://creativecommons.org/licenses/by-nc/4.0/,Paul Norwood,6159409925,2048,1536,0.0119
Zebrasoma veliferum,006_gbif_6171265064.jpg,https://inaturalist-open-data.s3.amazonaws.com/photos/619720710/original.jpg,http://creativecommons.org/licenses/by-nc/4.0/,Andy McGeoch,6171265064,2048,1275,0.0064
Zebrasoma veliferum,007_gbif_6179185187.jpg,https://inaturalist-open-data.s3.amazonaws.com/photos/624670478/original.jpg,http://creativecommons.org/licenses/by/4.0/,Nicola Crockford,6179185187,1758,989,0.0315
Zebrasoma veliferum,008_gbif_6179369595.jpg,https://inaturalist-open-data.s3.amazonaws.com/photos/622016286/original.jpg,http://creativecommons.org/licenses/by-nc/4.0/,Pauline Fey,6179369595,2048,1365,0.0191
Zebrasoma veliferum,014_gbif_6179423192.jpg,https://inaturalist-open-data.s3.amazonaws.com/photos/624670479/original.jpg,http://creativecommons.org/licenses/by/4.0/,Nicola Crockford,6179423192,2048,1152,0.0278
Zebrasoma veliferum,015_gbif_6352861635.jpg,https://inaturalist-open-data.s3.amazonaws.com/photos/606845609/original.jpg,http://creativecommons.org/licenses/by-nc/4.0/,epauletteshark,6352861635,2048,1536,0.0384
Zebrasoma veliferum,016_gbif_6133528597.jpg,https://inaturalist-open-data.s3.amazonaws.com/photos/612639772/original.jpg,http://creativecommons.org/licenses/by-nc/4.0/,momaz,6133528597,2048,1563,0.1652
Zebrasoma veliferum,010_gbif_6147319539.jpg,https://inaturalist-open-data.s3.amazonaws.com/photos/613765321/original.jpg,http://creativecommons.org/licenses/by-nc/4.0/,cathyly,6147319539,2048,1597,0.0391
Zebrasoma veliferum,012_gbif_6147484067.jpg,https://inaturalist-open-data.s3.amazonaws.com/photos/614115431/original.jpg,http://creativecommons.org/licenses/by-nc/4.0/,Curtis Hart,6147484067,2048,1537,0.0305
Zebrasoma veliferum,013_gbif_6147653126.jpg,https://inaturalist-open-data.s3.amazonaws.com/photos/614115596/original.jpg,http://creativecommons.org/licenses/by-nc/4.0/,Curtis Hart,6147653126,1774,1331,0.0865
Zebrasoma veliferum,014_gbif_6159319247.jpg,https://inaturalist-open-data.s3.amazonaws.com/photos/615405267/original.jpg,http://creativecommons.org/licenses/by-nc/4.0/,momaz,6159319247,1357,1305,0.1941
Zebrasoma veliferum,017_gbif_6159619358.jpg,https://inaturalist-open-data.s3.amazonaws.com/photos/615455105/original.jpg,http://creativecommons.org/licenses/by-nc/4.0/,Curtis Hart,6159619358,1957,1468,0.1384
Zebrasoma veliferum,019_gbif_6159642402.jpg,https://inaturalist-open-data.s3.amazonaws.com/photos/615685882/original.jpg,http://creativecommons.org/licenses/by-nc/4.0/,Curtis Hart,6159642402,2048,1536,0.0435
Zebrasoma veliferum,021_gbif_6162852845.jpg,https://inaturalist-open-data.s3.amazonaws.com/photos/617065947/original.jpg,http://creativecommons.org/licenses/by/4.0/,Nicola Crockford,6162852845,1989,1119,0.0457
Zebrasoma veliferum,024_gbif_6163015675.jpg,https://inaturalist-open-data.s3.amazonaws.com/photos/616624801/original.jpg,http://creativecommons.org/licenses/by/4.0/,PampaSorro,6163015675,1880,1630,0.0189
Acanthurus achilles,014_gbif_5176583153.jpg,https://inaturalist-open-data.s3.amazonaws.com/photos/512752046/original.jpg,http://creativecommons.org/licenses/by-nc/4.0/,dspencer_photo,5176583153,2048,1536,0.2067
Acanthurus achilles,020_gbif_5215842984.jpg,https://inaturalist-open-data.s3.amazonaws.com/photos/529114337/original.jpg,http://creativecommons.org/licenses/by-nc/4.0/,jgibbons51,5215842984,2048,1542,0.0125
Acanthurus achilles,017_gbif_5216036171.jpg,https://inaturalist-open-data.s3.amazonaws.com/photos/526809256/original.jpg,http://creativecommons.org/licenses/by-nc/4.0/,dspencer_photo,5216036171,1725,1294,0.2223
Acanthurus achilles,018_gbif_5216134567.jpg,https://inaturalist-open-data.s3.amazonaws.com/photos/527903433/original.jpg,http://creativecommons.org/licenses/by-nc/4.0/,David R,5216134567,2048,1639,0.0055
Acanthurus achilles,020_gbif_5216301142.jpg,https://inaturalist-open-data.s3.amazonaws.com/photos/526805820/original.jpg,http://creativecommons.org/licenses/by-nc/4.0/,dspencer_photo,5216301142,1504,1128,0.2225
Acanthurus achilles,022_gbif_5760694282.jpg,https://inaturalist-open-data.s3.amazonaws.com/photos/558373116/original.jpg,http://creativecommons.org/licenses/by-nc/4.0/,David R,5760694282,2048,1638,0.0245
Acanthurus albipectoralis,024_gbif_5897388528.jpg,https://inaturalist-open-data.s3.amazonaws.com/photos/591058297/original.jpg,http://creativecommons.org/licenses/by-nc/4.0/,National Coral Reef Monitoring Program - Pacific Region,5897388528,2048,1536,0.0157
Acanthurus chirurgus,016_gbif_6178474390.jpg,https://inaturalist-open-data.s3.amazonaws.com/photos/620878374/original.jpg,http://creativecommons.org/licenses/by-nc/4.0/,Jim Moore (Maryland),6178474390,1539,1164,0.1815
Acanthurus chirurgus,022_gbif_6178511068.jpg,https://inaturalist-open-data.s3.amazonaws.com/photos/623926303/original.jpg,http://creativecommons.org/licenses/by-nc/4.0/,Melanie Lamere,6178511068,1670,1253,0.0106
Acanthurus chirurgus,023_gbif_6178652605.jpg,https://inaturalist-open-data.s3.amazonaws.com/photos/622220606/original.jpg,http://creativecommons.org/licenses/by/4.0/,Paul Prior,6178652605,2048,1495,0.0111
Acanthurus chirurgus,022_gbif_6178731529.jpg,https://inaturalist-open-data.s3.amazonaws.com/photos/623756044/original.jpg,http://creativecommons.org/licenses/by-nc/4.0/,Jeff Garner,6178731529,1397,1170,0.0368
Acanthurus dussumieri,023_gbif_6195526191.jpg,https://inaturalist-open-data.s3.amazonaws.com/photos/635846540/original.jpg,http://creativecommons.org/licenses/by-nc/4.0/,Dubravka Skalamera,6195526191,1748,1344,0.0162
Acanthurus dussumieri,024_gbif_6188033188.jpg,https://inaturalist-open-data.s3.amazonaws.com/photos/634043838/original.jpg,http://creativecommons.org/licenses/by-nc/4.0/,nicolemiller,6188033188,951,955,0.1461
Acanthurus grammoptilus,023_gbif_1056818879.jpg,https://data.nhm.ac.uk/media/ab3c54ce-3b05-4784-b32a-d074f9cb9495,http://creativecommons.org/licenses/by/4.0/,"The Trustees of the Natural History Museum, London",1056818879,1440,1272,0.1174
Acanthurus grammoptilus,024_gbif_1056956360.jpg,https://data.nhm.ac.uk/media/e0fa11a9-746d-4941-9da1-e6b94c40cc79,http://creativecommons.org/licenses/by/4.0/,"The Trustees of the Natural History Museum, London",1056956360,1440,1236,0.1037
Acanthurus guttatus,019_gbif_6441421001.jpg,https://inaturalist-open-data.s3.amazonaws.com/photos/695002793/original.jpg,http://creativecommons.org/licenses/by-nc/4.0/,robinrumsky,6441421001,2048,1536,0.0135
Acanthurus guttatus,020_gbif_6452185655.jpg,https://inaturalist-open-data.s3.amazonaws.com/photos/697567823/original.jpg,http://creativecommons.org/licenses/by-nc/4.0/,hallechoeres,6452185655,2048,1536,0.0594
Acanthurus guttatus,018_gbif_6452311363.jpg,https://inaturalist-open-data.s3.amazonaws.com/photos/700500652/original.jpg,http://creativecommons.org/licenses/by/4.0/,M Rutherford,6452311363,1875,1406,0.1484
Acanthurus guttatus,022_gbif_6469643002.jpg,https://inaturalist-open-data.s3.amazonaws.com/photos/703840501/original.jpg,http://creativecommons.org/licenses/by-nc/4.0/,Zachary Robertson,6469643002,2048,1368,0.0095
Acanthurus guttatus,023_gbif_6470203004.jpg,https://inaturalist-open-data.s3.amazonaws.com/photos/705713731/original.jpg,http://creativecommons.org/licenses/by-nc/4.0/,Jon Aull,6470203004,1538,1153,0.2053
Acanthurus guttatus,024_gbif_6470336032.jpg,https://inaturalist-open-data.s3.amazonaws.com/photos/705021059/original.jpg,http://creativecommons.org/licenses/by-nc/4.0/,Jon Aull,6470336032,1536,2048,0.0991
Acanthurus leucosternon,020_gbif_6178380531.jpg,https://inaturalist-open-data.s3.amazonaws.com/photos/621739596/original.jpg,http://creativecommons.org/licenses/by-nc/4.0/,Annika,6178380531,945,2048,0.0081
Acanthurus leucosternon,024_gbif_6179129020.jpg,https://inaturalist-open-data.s3.amazonaws.com/photos/620819964/original.jpg,http://creativecommons.org/licenses/by-nc/4.0/,pricio4444,6179129020,946,2048,0.0096
Acanthurus lineatus,024_gbif_6162940043.jpg,https://inaturalist-open-data.s3.amazonaws.com/photos/618203289/original.jpg,http://creativecommons.org/publicdomain/zero/1.0/,Светлана Царахова,6162940043,2048,1536,0.0288
Acanthurus monroviae,015_gbif_5889537156.jpg,https://inaturalist-open-data.s3.amazonaws.com/photos/585802840/original.jpg,http://creativecommons.org/licenses/by-nc/4.0/,Adrien Groul,5889537156,2048,1536,0.2547
Acanthurus monroviae,021_gbif_5890231683.jpg,https://inaturalist-open-data.s3.amazonaws.com/photos/586978819/original.jpg,http://creativecommons.org/licenses/by-nc/4.0/,Kellclague,5890231683,2048,943,0.0066
Acanthurus monroviae,022_gbif_5897748859.jpg,https://inaturalist-open-data.s3.amazonaws.com/photos/590395055/original.jpg,http://creativecommons.org/licenses/by-nc/4.0/,hjjr,5897748859,1536,2048,0.0757
Acanthurus monroviae,018_gbif_4903803587.jpg,https://inaturalist-open-data.s3.amazonaws.com/photos/400560863/original.jpg,http://creativecommons.org/licenses/by-nc/4.0/,Ana Santos,4903803587,2048,1536,0.0082
Acanthurus monroviae,021_gbif_4908998541.jpg,https://inaturalist-open-data.s3.amazonaws.com/photos/406281512/original.jpg,http://creativecommons.org/licenses/by-nc/4.0/,Ana Santos,4908998541,1892,1418,0.2611
Acanthurus nigricans,021_gbif_6187962783.jpg,https://inaturalist-open-data.s3.amazonaws.com/photos/631707177/original.jpg,http://creativecommons.org/licenses/by/4.0/,Mike Burnett,6187962783,2048,1536,0.0066
Acanthurus nigricans,024_gbif_6188084135.jpg,https://inaturalist-open-data.s3.amazonaws.com/photos/631719868/original.jpg,http://creativecommons.org/licenses/by/4.0/,Mike Burnett,6188084135,2048,1536,0.0281
Acanthurus olivaceus,016_gbif_6162813468.jpg,https://inaturalist-open-data.s3.amazonaws.com/photos/617065941/original.jpg,http://creativecommons.org/licenses/by/4.0/,Nicola Crockford,6162813468,2048,1152,0.0228
Acanthurus olivaceus,017_gbif_6163008415.jpg,https://inaturalist-open-data.s3.amazonaws.com/photos/618287609/original.jpg,http://creativecommons.org/licenses/by-nc/4.0/,lakenyon,6163008415,1414,1060,0.1657
Acanthurus olivaceus,010_gbif_6163035293.jpg,https://inaturalist-open-data.s3.amazonaws.com/photos/617074211/original.jpg,http://creativecommons.org/licenses/by-nc/4.0/,marigrob,6163035293,2048,1536,0.2472
Acanthurus olivaceus,019_gbif_6178870999.jpg,https://inaturalist-open-data.s3.amazonaws.com/photos/621056450/original.jpg,http://creativecommons.org/publicdomain/zero/1.0/,Thompson Hyggen,6178870999,2048,1536,0.0103
Acanthurus olivaceus,014_gbif_6178889350.jpg,https://inaturalist-open-data.s3.amazonaws.com/photos/621056295/original.jpg,http://creativecommons.org/publicdomain/zero/1.0/,Thompson Hyggen,6178889350,2048,1536,0.0267
Acanthurus olivaceus,021_gbif_6170986009.jpg,https://inaturalist-open-data.s3.amazonaws.com/photos/620133139/original.jpg,http://creativecommons.org/licenses/by-nc/4.0/,DiGua Su,6170986009,1536,2048,0.1418
Acanthurus olivaceus,017_gbif_6171128774.jpg,https://inaturalist-open-data.s3.amazonaws.com/photos/620504093/original.jpg,http://creativecommons.org/licenses/by/4.0/,PampaSorro,6171128774,2048,1544,0.0118
Acanthurus olivaceus,019_gbif_6178353357.jpg,https://inaturalist-open-data.s3.amazonaws.com/photos/621910673/original.jpg,http://creativecommons.org/licenses/by-nc/4.0/,Ryan Shaw,6178353357,2000,1333,0.2088
Acanthurus olivaceus,024_gbif_6178355836.jpg,https://inaturalist-open-data.s3.amazonaws.com/photos/622415125/original.jpg,http://creativecommons.org/licenses/by/4.0/,PampaSorro,6178355836,1561,1611,0.1099
Acanthurus tennentii,018_gbif_5828049922.jpg,https://inaturalist-open-data.s3.amazonaws.com/photos/562143556/original.jpg,http://creativecommons.org/licenses/by-nc/4.0/,qlb,5828049922,2048,1536,0.1188
Acanthurus tennentii,020_gbif_5837767757.jpg,https://inaturalist-open-data.s3.amazonaws.com/photos/573346528/original.jpg,http://creativecommons.org/publicdomain/zero/1.0/,Erwin Sieben,5837767757,2048,1253,0.0082
Acanthurus tennentii,023_gbif_5838191429.jpg,https://inaturalist-open-data.s3.amazonaws.com/photos/573468652/original.jpg,http://creativecommons.org/licenses/by-nc/4.0/,zi_art_efact,5838191429,2048,1536,0.1683
Acanthurus tennentii,022_gbif_5840206051.jpg,https://inaturalist-open-data.s3.amazonaws.com/photos/576006817/original.jpg,http://creativecommons.org/licenses/by-nc/4.0/,Ramiro Balado,5840206051,2048,1536,0.073
Acanthurus tractus,019_gbif_6131339986.jpg,https://inaturalist-open-data.s3.amazonaws.com/photos/608515379/original.jpg,http://creativecommons.org/licenses/by-nc/4.0/,Paola Castorena,6131339986,1671,1178,0.0174
Acanthurus tractus,017_gbif_6131378145.jpg,https://inaturalist-open-data.s3.amazonaws.com/photos/609965224/original.jpg,http://creativecommons.org/licenses/by-nc/4.0/,anitagarden,6131378145,2048,1536,0.0487
Acanthurus tractus,021_gbif_6131381163.jpg,https://inaturalist-open-data.s3.amazonaws.com/photos/607341605/original.jpg,http://creativecommons.org/licenses/by-nc/4.0/,naturalistfishing,6131381163,2048,1536,0.02
Acanthurus tractus,022_gbif_6131433528.jpg,https://inaturalist-open-data.s3.amazonaws.com/photos/606364151/original.jpg,http://creativecommons.org/licenses/by-nc/4.0/,kmbeers,6131433528,2048,1536,0.0208
Acanthurus tractus,023_gbif_6131546727.jpg,https://inaturalist-open-data.s3.amazonaws.com/photos/607733539/original.jpg,http://creativecommons.org/licenses/by-nc/4.0/,bladen02,6131546727,2048,1156,0.1287
Acanthurus tractus,022_gbif_6131554490.jpg,https://inaturalist-open-data.s3.amazonaws.com/photos/610843903/original.jpg,http://creativecommons.org/licenses/by-nc/4.0/,Ted Weber,6131554490,1812,1155,0.0408
Acanthurus xanthopterus,010_gbif_6147437052.jpg,https://inaturalist-open-data.s3.amazonaws.com/photos/614711170/original.jpg,http://creativecommons.org/licenses/by-nc/4.0/,donnymidas,6147437052,1152,2048,0.0595
Acanthurus xanthopterus,012_gbif_6147515594.jpg,https://inaturalist-open-data.s3.amazonaws.com/photos/613114397/original.jpg,http://creativecommons.org/licenses/by-nc/4.0/,momaz,6147515594,2048,1536,0.0949
Acanthurus xanthopterus,019_gbif_6159198053.jpg,https://inaturalist-open-data.s3.amazonaws.com/photos/615661351/original.jpg,http://creativecommons.org/licenses/by-nc/4.0/,cathylebouteiller,6159198053,1890,1887,0.2367
Acanthurus xanthopterus,020_gbif_6159283118.jpg,https://inaturalist-open-data.s3.amazonaws.com/photos/615051512/original.jpg,http://creativecommons.org/licenses/by-nc/4.0/,Melissa Broehl,6159283118,2048,1536,0.0552
Acanthurus xanthopterus,021_gbif_6159300026.jpg,https://inaturalist-open-data.s3.amazonaws.com/photos/616273366/original.jpg,http://creativecommons.org/licenses/by-nc/4.0/,afguemas,6159300026,2048,1536,0.0215
Acanthurus xanthopterus,017_gbif_6159436415.jpg,https://inaturalist-open-data.s3.amazonaws.com/photos/615943448/original.jpg,http://creativecommons.org/licenses/by-nc/4.0/,afguemas,6159436415,2048,1450,0.0094
Acanthurus xanthopterus,020_gbif_6159545729.jpg,https://inaturalist-open-data.s3.amazonaws.com/photos/615866163/original.jpg,http://creativecommons.org/licenses/by-nc/4.0/,Dubravka Skalamera,6159545729,2048,1536,0.0332
Acanthurus xanthopterus,022_gbif_6162780159.jpg,https://inaturalist-open-data.s3.amazonaws.com/photos/617358380/original.jpg,http://creativecommons.org/licenses/by-nc/4.0/,ur6s77,6162780159,2048,947,0.0082
Ctenochaetus binotatus,024_gbif_6179388195.jpg,https://inaturalist-open-data.s3.amazonaws.com/photos/624481759/original.jpg,http://creativecommons.org/licenses/by-nc/4.0/,Michal,6179388195,2048,1366,0.0304
Ctenochaetus hawaiiensis,018_gbif_4062666242.jpeg,https://inaturalist-open-data.s3.amazonaws.com/photos/260497947/original.jpeg,http://creativecommons.org/licenses/by-nc/4.0/,David R,4062666242,1600,1279,0.0085
Ctenochaetus hawaiiensis,023_gbif_5086925787.jpg,https://inaturalist-open-data.s3.amazonaws.com/photos/259110506/original.jpg,http://creativecommons.org/licenses/by-nc/4.0/,David Martin,5086925787,2048,1828,0.2177
Ctenochaetus hawaiiensis,023_gbif_5086948008.jpeg,https://inaturalist-open-data.s3.amazonaws.com/photos/285758362/original.jpeg,http://creativecommons.org/licenses/by-nc/4.0/,Kent Ross,5086948008,2048,1542,0.1089
Ctenochaetus tominiensis,022_gbif_5889643411.jpg,https://inaturalist-open-data.s3.amazonaws.com/photos/582021575/original.jpg,http://creativecommons.org/licenses/by-nc/4.0/,Charley Hesse,5889643411,1920,1280,0.0379
Ctenochaetus tominiensis,019_gbif_5890180429.jpg,https://inaturalist-open-data.s3.amazonaws.com/photos/586180245/original.jpg,http://creativecommons.org/licenses/by/4.0/,Debra Baker,5890180429,1719,1605,0.1024
Ctenochaetus tominiensis,024_gbif_5892351786.jpg,https://inaturalist-open-data.s3.amazonaws.com/photos/588334277/original.jpg,http://creativecommons.org/licenses/by/4.0/,Debra Baker,5892351786,1766,1453,0.1224
Naso brevirostris,022_gbif_6195642255.jpg,https://inaturalist-open-data.s3.amazonaws.com/photos/635028408/original.jpg,http://creativecommons.org/licenses/by-nc/4.0/,Abel Dupré,6195642255,2048,1792,0.0831
Naso brevirostris,020_gbif_6195668375.jpg,https://inaturalist-open-data.s3.amazonaws.com/photos/636935260/original.jpg,http://creativecommons.org/licenses/by-nc/4.0/,momaz,6195668375,2048,1539,0.1075
Naso brevirostris,024_gbif_6234209205.jpg,https://inaturalist-open-data.s3.amazonaws.com/photos/643885592/original.jpg,http://creativecommons.org/licenses/by-nc/4.0/,Edward,6234209205,2048,1365,0.1094
Naso caesius,007_gbif_5932198216.jpg,https://inaturalist-open-data.s3.amazonaws.com/photos/598685029/original.jpg,http://creativecommons.org/licenses/by-nc/4.0/,National Coral Reef Monitoring Program - Pacific Region,5932198216,1972,1477,0.079
Naso caesius,016_gbif_5932202843.jpg,https://inaturalist-open-data.s3.amazonaws.com/photos/598925200/original.jpg,http://creativecommons.org/licenses/by-nc/4.0/,National Coral Reef Monitoring Program - Pacific Region,5932202843,2048,1536,0.0054
Naso caesius,017_gbif_5932258011.jpg,https://inaturalist-open-data.s3.amazonaws.com/photos/598925211/original.jpg,http://creativecommons.org/licenses/by-nc/4.0/,National Coral Reef Monitoring Program - Pacific Region,5932258011,2048,1536,0.0062
Naso caesius,010_gbif_5932311403.jpg,https://inaturalist-open-data.s3.amazonaws.com/photos/598688376/original.jpg,http://creativecommons.org/licenses/by-nc/4.0/,National Coral Reef Monitoring Program - Pacific Region,5932311403,2048,1365,0.0069
Naso caesius,019_gbif_5932336345.jpg,https://inaturalist-open-data.s3.amazonaws.com/photos/598685019/original.jpg,http://creativecommons.org/licenses/by-nc/4.0/,National Coral Reef Monitoring Program - Pacific Region,5932336345,2048,1536,0.0688
Naso caesius,012_gbif_5932756638.jpg,https://inaturalist-open-data.s3.amazonaws.com/photos/598924673/original.jpg,http://creativecommons.org/licenses/by-nc/4.0/,National Coral Reef Monitoring Program - Pacific Region,5932756638,2048,1365,0.0788
Naso caesius,015_gbif_5154932733.jpg,https://inaturalist-open-data.s3.amazonaws.com/photos/504133360/original.jpg,http://creativecommons.org/licenses/by-nc/4.0/,Malcolm Francis,5154932733,2000,1327,0.0592
Naso caesius,017_gbif_5838063892.jpg,https://inaturalist-open-data.s3.amazonaws.com/photos/572927188/original.jpg,http://creativecommons.org/licenses/by-nc/4.0/,National Coral Reef Monitoring Program - Pacific Region,5838063892,2048,1536,0.0069
Naso caesius,023_gbif_5838072629.jpg,https://inaturalist-open-data.s3.amazonaws.com/photos/572929806/original.jpg,http://creativecommons.org/licenses/by-nc/4.0/,National Coral Reef Monitoring Program - Pacific Region,5838072629,2048,1536,0.0066
Naso caesius,024_gbif_5838137359.jpg,https://inaturalist-open-data.s3.amazonaws.com/photos/572928627/original.jpg,http://creativecommons.org/licenses/by-nc/4.0/,National Coral Reef Monitoring Program - Pacific Region,5838137359,2048,1536,0.0055
Naso lituratus,017_gbif_6162863338.jpg,https://inaturalist-open-data.s3.amazonaws.com/photos/617108385/original.jpg,http://creativecommons.org/licenses/by-nc/4.0/,Stypnzelda,6162863338,2048,1152,0.0311
Naso lituratus,019_gbif_6162920236.jpg,https://inaturalist-open-data.s3.amazonaws.com/photos/616828036/original.jpg,http://creativecommons.org/licenses/by-nc/4.0/,Andy McGeoch,6162920236,1806,1062,0.0071
Naso lituratus,023_gbif_6178909345.jpg,https://inaturalist-open-data.s3.amazonaws.com/photos/624673603/original.jpg,http://creativecommons.org/licenses/by/4.0/,Nicola Crockford,6178909345,1484,835,0.0207
Naso lituratus,024_gbif_6179550585.jpg,https://inaturalist-open-data.s3.amazonaws.com/photos/624724404/original.jpg,http://creativecommons.org/licenses/by/4.0/,Nicola Crockford,6179550585,1736,977,0.0507
Naso vlamingii,021_gbif_6252746553.jpg,https://inaturalist-open-data.s3.amazonaws.com/photos/649154697/original.jpg,http://creativecommons.org/licenses/by-nc/4.0/,moframadhon,6252746553,2022,1137,0.0665
Naso vlamingii,019_gbif_6253292632.jpg,https://inaturalist-open-data.s3.amazonaws.com/photos/649301127/original.jpg,http://creativecommons.org/licenses/by-nc/4.0/,spiderkit,6253292632,2048,1536,0.0675
Naso vlamingii,023_gbif_6352964001.jpg,https://inaturalist-open-data.s3.amazonaws.com/photos/667653583/original.jpg,http://creativecommons.org/licenses/by-nc/4.0/,bewambay,6352964001,2048,1792,0.0315
Naso vlamingii,022_gbif_6251577583.jpg,https://inaturalist-open-data.s3.amazonaws.com/photos/651441582/original.jpg,http://creativecommons.org/licenses/by-nc/4.0/,elah12,6251577583,2048,1715,0.0293
Paracanthurus hepatus,020_gbif_5087475251.jpg,https://inaturalist-open-data.s3.amazonaws.com/photos/474471293/original.jpg,http://creativecommons.org/licenses/by-nc/4.0/,Johan Bas,5087475251,1200,900,0.1239
Paracanthurus hepatus,021_gbif_5087815204.jpeg,https://inaturalist-open-data.s3.amazonaws.com/photos/476027766/original.jpeg,http://creativecommons.org/licenses/by-nc/4.0/,Tom Kirschey,5087815204,2048,1152,0.0157
Paracanthurus hepatus,016_gbif_5104640392.jpeg,https://inaturalist-open-data.s3.amazonaws.com/photos/479393694/original.jpeg,http://creativecommons.org/licenses/by-nc/4.0/,Andy Wech,5104640392,2048,1791,0.0279
Paracanthurus hepatus,023_gbif_5104729402.jpeg,https://inaturalist-open-data.s3.amazonaws.com/photos/479393653/original.jpeg,http://creativecommons.org/licenses/by-nc/4.0/,Andy Wech,5104729402,2048,1564,0.0179
Paracanthurus hepatus,024_gbif_5108560444.jpg,https://inaturalist-open-data.s3.amazonaws.com/photos/481793235/original.jpg,http://creativecommons.org/licenses/by-nc/4.0/,Tue Secher Jensen,5108560444,1013,1217,0.0627
Prionurus laticlavius,009_gbif_6162903273.jpg,https://inaturalist-open-data.s3.amazonaws.com/photos/617725374/original.jpg,http://creativecommons.org/licenses/by-nc-sa/4.0/,Art Riz,6162903273,2048,1536,0.1387
Prionurus laticlavius,003_gbif_6163343203.jpg,https://inaturalist-open-data.s3.amazonaws.com/photos/617725160/original.jpg,http://creativecommons.org/licenses/by-nc-sa/4.0/,Art Riz,6163343203,1747,1310,0.1491
Prionurus laticlavius,011_gbif_6171150129.jpg,https://inaturalist-open-data.s3.amazonaws.com/photos/619940607/original.jpg,http://creativecommons.org/licenses/by/4.0/,keesgroenendijk,6171150129,2048,1536,0.1046
Prionurus laticlavius,012_gbif_6188049898.jpg,https://inaturalist-open-data.s3.amazonaws.com/photos/606817310/original.jpg,http://creativecommons.org/licenses/by-nc/4.0/,ositodeagua,6188049898,2048,1619,0.0226
Prionurus laticlavius,005_gbif_6195501206.jpg,https://inaturalist-open-data.s3.amazonaws.com/photos/634633421/original.jpg,http://creativecommons.org/licenses/by-nc/4.0/,R Lai,6195501206,1642,924,0.0439
Prionurus laticlavius,007_gbif_6353280817.jpg,https://inaturalist-open-data.s3.amazonaws.com/photos/668018589/original.jpg,http://creativecommons.org/licenses/by-nc/4.0/,laelene,6353280817,1393,1045,0.0639
Prionurus laticlavius,015_gbif_6413327698.jpg,https://inaturalist-open-data.s3.amazonaws.com/photos/681766439/original.jpg,http://creativecommons.org/licenses/by-nc/4.0/,Kascopic,6413327698,1792,2048,0.02
Prionurus laticlavius,016_gbif_6413608926.jpg,https://inaturalist-open-data.s3.amazonaws.com/photos/681780213/original.jpg,http://creativecommons.org/licenses/by-nc/4.0/,Kascopic,6413608926,1080,1920,0.0098
Prionurus laticlavius,011_gbif_6422714924.jpg,https://inaturalist-open-data.s3.amazonaws.com/photos/687151340/original.jpg,http://creativecommons.org/licenses/by-nc/4.0/,invernity,6422714924,2048,967,0.0603
Prionurus laticlavius,018_gbif_6147414925.jpg,https://inaturalist-open-data.s3.amazonaws.com/photos/614397374/original.jpg,http://creativecommons.org/licenses/by-nc/4.0/,horvath_zsofia,6147414925,2048,1152,0.0917
Prionurus laticlavius,019_gbif_6147700365.jpg,https://inaturalist-open-data.s3.amazonaws.com/photos/613976210/original.jpg,http://creativecommons.org/licenses/by-nc/4.0/,zihuadean,6147700365,1280,1280,0.028
Prionurus laticlavius,013_gbif_6159422084.jpg,https://inaturalist-open-data.s3.amazonaws.com/photos/615489250/original.jpg,http://creativecommons.org/licenses/by-nc/4.0/,Lucas Scott de Marcos,6159422084,2048,1536,0.163
Prionurus laticlavius,021_gbif_6162911015.jpg,https://inaturalist-open-data.s3.amazonaws.com/photos/618401587/original.jpg,http://creativecommons.org/licenses/by-nc/4.0/,ur6s77,6162911015,947,2048,0.0108
Prionurus laticlavius,022_gbif_6162985513.jpg,https://inaturalist-open-data.s3.amazonaws.com/photos/617346481/original.jpg,http://creativecommons.org/licenses/by-nc/4.0/,Billy Bensted-Smith,6162985513,2048,1536,0.0481
Prionurus laticlavius,016_gbif_6163029630.jpg,https://inaturalist-open-data.s3.amazonaws.com/photos/618405652/original.jpg,http://creativecommons.org/licenses/by-nc/4.0/,ur6s77,6163029630,2048,947,0.0073
Prionurus laticlavius,024_gbif_6163082550.jpg,https://inaturalist-open-data.s3.amazonaws.com/photos/617347580/original.jpg,http://creativecommons.org/licenses/by-nc/4.0/,Billy Bensted-Smith,6163082550,2048,1536,0.0595
Zebrasoma desjardinii,022_gbif_6162934494.jpg,https://inaturalist-open-data.s3.amazonaws.com/photos/616970684/original.jpg,http://creativecommons.org/licenses/by-nc/4.0/,emajorova,6162934494,2048,1972,0.0696
Zebrasoma desjardinii,024_gbif_6171398106.jpg,https://inaturalist-open-data.s3.amazonaws.com/photos/619580891/original.jpg,http://creativecommons.org/licenses/by/4.0/,Jan Ebr & Ivana Ebrová,6171398106,2048,1461,0.0439
Zebrasoma veliferum,015_gbif_6170841480.jpg,https://inaturalist-open-data.s3.amazonaws.com/photos/619608076/original.jpg,http://creativecommons.org/licenses/by/4.0/,Susan Prior,6170841480,1500,1500,0.0899
Zebrasoma veliferum,018_gbif_6170859433.jpg,https://inaturalist-open-data.s3.amazonaws.com/photos/620507403/original.jpg,http://creativecommons.org/licenses/by-nc/4.0/,Damien Brouste,6170859433,2048,1365,0.0108
Zebrasoma veliferum,022_gbif_6171192502.jpg,https://inaturalist-open-data.s3.amazonaws.com/photos/619744849/original.jpg,http://creativecommons.org/licenses/by-nc/4.0/,Vulpes,6171192502,2048,1152,0.015
Zebrasoma veliferum,022_gbif_6171210481.jpg,https://inaturalist-open-data.s3.amazonaws.com/photos/620681235/original.jpg,http://creativecommons.org/licenses/by/4.0/,Susan Prior,6171210481,1500,1500,0.1154
Zebrasoma veliferum,024_gbif_6171324621.jpg,https://inaturalist-open-data.s3.amazonaws.com/photos/619606745/original.jpg,http://creativecommons.org/licenses/by/4.0/,Susan Prior,6171324621,1500,1500,0.0553
Acanthurus achilles,024_gbif_5217164639.jpg,https://inaturalist-open-data.s3.amazonaws.com/photos/531220594/original.jpg,http://creativecommons.org/licenses/by-nc/4.0/,jgibbons51,5217164639,2048,1542,0.0459
Acanthurus chirurgus,023_gbif_6178966148.jpg,https://inaturalist-open-data.s3.amazonaws.com/photos/620878408/original.jpg,http://creativecommons.org/licenses/by-nc/4.0/,Jim Moore (Maryland),6178966148,2048,1852,0.2327
Acanthurus chirurgus,023_gbif_6179225801.jpg,https://inaturalist-open-data.s3.amazonaws.com/photos/621015449/original.jpg,http://creativecommons.org/licenses/by-nc/4.0/,Jeff Garner,6179225801,1164,897,0.0151
Acanthurus dussumieri,023_gbif_6195401886.jpg,https://inaturalist-open-data.s3.amazonaws.com/photos/635862422/original.jpg,http://creativecommons.org/licenses/by-nc/4.0/,Tony Strazzari,6195401886,1643,2048,0.0175
Acanthurus dussumieri,023_gbif_6195543920.jpg,https://inaturalist-open-data.s3.amazonaws.com/photos/636889035/original.jpg,http://creativecommons.org/licenses/by-nc/4.0/,offshore_,6195543920,1574,1574,0.04
Acanthurus guttatus,014_gbif_5007782019.jpg,https://inaturalist-open-data.s3.amazonaws.com/photos/461280355/original.jpg,http://creativecommons.org/publicdomain/zero/1.0/,Steph Brulot-Sawchyn,5007782019,1218,914,0.038
Acanthurus guttatus,017_gbif_5037071897.jpg,https://inaturalist-open-data.s3.amazonaws.com/photos/463495041/original.jpg,http://creativecommons.org/licenses/by-nc/4.0/,oceaned,5037071897,2048,1536,0.0922
Acanthurus guttatus,022_gbif_5037114175.jpg,https://inaturalist-open-data.s3.amazonaws.com/photos/462657348/original.jpg,http://creativecommons.org/licenses/by/4.0/,L. Miles Horne,5037114175,2048,1536,0.0436
Acanthurus guttatus,021_gbif_5063189153.jpeg,https://inaturalist-open-data.s3.amazonaws.com/photos/464931512/original.jpeg,http://creativecommons.org/licenses/by-nc/4.0/,pgkaestner,5063189153,1775,1331,0.0074
Acanthurus guttatus,024_gbif_5063221746.jpg,https://inaturalist-open-data.s3.amazonaws.com/photos/465127401/original.jpg,http://creativecommons.org/licenses/by-nc/4.0/,Taylor Justason,5063221746,1536,2048,0.0073
Acanthurus leucosternon,022_gbif_6184732840.jpg,https://inaturalist-open-data.s3.amazonaws.com/photos/625731746/original.jpg,http://creativecommons.org/licenses/by-nc/4.0/,Suzu Sato,6184732840,2048,1536,0.341
Acanthurus monroviae,019_gbif_4909025877.jpg,https://inaturalist-open-data.s3.amazonaws.com/photos/407439335/original.jpg,http://creativecommons.org/licenses/by-nc/4.0/,Luis P. B.,4909025877,2048,1365,0.3114
Acanthurus monroviae,024_gbif_4910687341.jpg,https://inaturalist-open-data.s3.amazonaws.com/photos/410396353/original.jpg,http://creativecommons.org/licenses/by-nc/4.0/,Ana Santos,4910687341,2048,1332,0.0655
Acanthurus olivaceus,013_gbif_6178400049.jpg,https://inaturalist-open-data.s3.amazonaws.com/photos/621980392/original.jpg,http://creativecommons.org/licenses/by-nc/4.0/,Ryan Shaw,6178400049,2000,1334,0.2492
Acanthurus olivaceus,021_gbif_6178448546.jpg,https://inaturalist-open-data.s3.amazonaws.com/photos/624841792/original.jpg,http://creativecommons.org/licenses/by-nc/4.0/,Mike REVI Boyd,6178448546,2048,1535,0.0199
Acanthurus olivaceus,022_gbif_6178513101.jpg,https://inaturalist-open-data.s3.amazonaws.com/photos/623481427/original.jpg,http://creativecommons.org/licenses/by-nc/4.0/,icaa80,6178513101,1638,2048,0.0637
Acanthurus olivaceus,023_gbif_6178560309.jpg,https://inaturalist-open-data.s3.amazonaws.com/photos/621910590/original.jpg,http://creativecommons.org/licenses/by-nc/4.0/,Ryan Shaw,6178560309,2000,1334,0.2373
Acanthurus olivaceus,024_gbif_6178563289.jpg,https://inaturalist-open-data.s3.amazonaws.com/photos/621980862/original.jpg,http://creativecommons.org/licenses/by-nc/4.0/,Ryan Shaw,6178563289,2000,1333,0.262
Acanthurus tennentii,024_gbif_5897757306.jpg,https://inaturalist-open-data.s3.amazonaws.com/photos/582476423/original.jpg,http://creativecommons.org/licenses/by-nc/4.0/,congonaturalist,5897757306,1407,938,0.3264
Acanthurus tractus,021_gbif_6131575910.jpg,https://inaturalist-open-data.s3.amazonaws.com/photos/606706050/original.jpg,http://creativecommons.org/licenses/by-nc/4.0/,Emily Palahnuk,6131575910,1156,867,0.1176
Acanthurus tractus,019_gbif_6131610631.jpg,https://inaturalist-open-data.s3.amazonaws.com/photos/608969032/original.jpg,http://creativecommons.org/licenses/by-nc/4.0/,Guillaume Martin,6131610631,2048,1620,0.0884
Acanthurus tractus,020_gbif_6131670435.jpg,https://inaturalist-open-data.s3.amazonaws.com/photos/610998766/original.jpg,http://creativecommons.org/licenses/by-nc/4.0/,Erika Mitchell,6131670435,1443,973,0.2593
Acanthurus tractus,024_gbif_6131685629.jpg,https://inaturalist-open-data.s3.amazonaws.com/photos/607285298/original.jpg,http://creativecommons.org/licenses/by-nc/4.0/,Taylor Justason,6131685629,1536,2048,0.152
Acanthurus xanthopterus,018_gbif_6162878488.jpg,https://inaturalist-open-data.s3.amazonaws.com/photos/617358382/original.jpg,http://creativecommons.org/licenses/by-nc/4.0/,ur6s77,6162878488,2048,947,0.009
Acanthurus xanthopterus,023_gbif_6162878767.jpg,https://inaturalist-open-data.s3.amazonaws.com/photos/617643845/original.jpg,http://creativecommons.org/licenses/by-nc/4.0/,ur6s77,6162878767,947,2048,0.0074
Acanthurus xanthopterus,024_gbif_6162895676.jpg,https://inaturalist-open-data.s3.amazonaws.com/photos/618401974/original.jpg,http://creativecommons.org/licenses/by-nc/4.0/,ur6s77,6162895676,2048,947,0.0073
Ctenochaetus hawaiiensis,022_gbif_4130193635.jpeg,https://inaturalist-open-data.s3.amazonaws.com/photos/287159164/original.jpeg,http://creativecommons.org/licenses/by-nc/4.0/,Kent Ross,4130193635,2048,1542,0.1183
Ctenochaetus tominiensis,023_gbif_5897169062.jpg,https://inaturalist-open-data.s3.amazonaws.com/photos/592777600/original.jpg,http://creativecommons.org/licenses/by/4.0/,Debra Baker,5897169062,945,1000,0.1293
Ctenochaetus tominiensis,022_gbif_5897759177.jpg,https://inaturalist-open-data.s3.amazonaws.com/photos/591238956/original.jpg,http://creativecommons.org/licenses/by/4.0/,Debra Baker,5897759177,2048,1489,0.0846
Naso brevirostris,021_gbif_6234651888.jpg,https://inaturalist-open-data.s3.amazonaws.com/photos/638931206/original.jpg,http://creativecommons.org/licenses/by-nc/4.0/,moframadhon,6234651888,2048,1151,0.1264
Naso brevirostris,024_gbif_6235417709.jpg,https://inaturalist-open-data.s3.amazonaws.com/photos/641280414/original.jpg,http://creativecommons.org/licenses/by-nc/4.0/,offshore_,6235417709,1073,1073,0.0241
Naso caesius,020_gbif_5838250939.jpg,https://inaturalist-open-data.s3.amazonaws.com/photos/572932329/original.jpg,http://creativecommons.org/licenses/by-nc/4.0/,National Coral Reef Monitoring Program - Pacific Region,5838250939,2048,1536,0.0107
Naso caesius,021_gbif_5199110349.jpeg,https://inaturalist-open-data.s3.amazonaws.com/photos/206467618/original.jpeg,http://creativecommons.org/licenses/by-nc/4.0/,Pauline Fey,5199110349,2048,1536,0.0099
Naso caesius,022_gbif_5838086381.jpg,https://inaturalist-open-data.s3.amazonaws.com/photos/573388223/original.jpg,http://creativecommons.org/licenses/by-nc/4.0/,National Coral Reef Monitoring Program - Pacific Region,5838086381,2048,1536,0.0056
Naso caesius,018_gbif_4919686517.jpg,https://inaturalist-open-data.s3.amazonaws.com/photos/412462459/original.jpg,http://creativecommons.org/licenses/by-nc/4.0/,Malcolm Francis,4919686517,2000,1328,0.003
Naso caesius,024_gbif_4028921011.jpg,https://inaturalist-open-data.s3.amazonaws.com/photos/253890808/original.jpg,http://creativecommons.org/licenses/by-nc/4.0/,uwkwaj,4028921011,1200,861,0.042
Naso lituratus,022_gbif_6412966053.jpg,https://inaturalist-open-data.s3.amazonaws.com/photos/680582861/original.jpg,http://creativecommons.org/licenses/by-nc/4.0/,aproseto,6412966053,2048,1152,0.009
Naso lituratus,024_gbif_6413087388.jpg,https://inaturalist-open-data.s3.amazonaws.com/photos/680583061/original.jpg,http://creativecommons.org/licenses/by-nc/4.0/,aproseto,6413087388,2048,1152,0.0095
Naso vlamingii,021_gbif_6252744742.jpg,https://inaturalist-open-data.s3.amazonaws.com/photos/653520855/original.jpg,http://creativecommons.org/licenses/by-nc/4.0/,summernewton,6252744742,2048,1536,0.0062
Naso vlamingii,024_gbif_6273185084.jpg,https://inaturalist-open-data.s3.amazonaws.com/photos/653952215/original.jpg,http://creativecommons.org/licenses/by-nc/4.0/,laura_jones5,6273185084,2048,1155,0.0054
Paracanthurus hepatus,021_gbif_5140375145.jpg,https://inaturalist-open-data.s3.amazonaws.com/photos/491433768/original.jpg,http://creativecommons.org/licenses/by-nc/4.0/,Karishma goenka,5140375145,2002,1669,0.0491
Paracanthurus hepatus,022_gbif_5153383863.png,https://inaturalist-open-data.s3.amazonaws.com/photos/500789346/original.png,http://creativecommons.org/licenses/by-nc/4.0/,hogan,5153383863,2048,1536,0.0197
Paracanthurus hepatus,018_gbif_5168494613.jpg,https://inaturalist-open-data.s3.amazonaws.com/photos/509110126/original.jpg,http://creativecommons.org/licenses/by-nc/4.0/,divercraig,5168494613,2000,1500,0.1919
Paracanthurus hepatus,021_gbif_5198356477.jpg,https://inaturalist-open-data.s3.amazonaws.com/photos/483627374/original.jpg,http://creativecommons.org/licenses/by-nc/4.0/,Pauline Fey,5198356477,2048,1365,0.0056
Prionurus laticlavius,008_gbif_6163167909.jpg,https://inaturalist-open-data.s3.amazonaws.com/photos/617632036/original.jpg,http://creativecommons.org/licenses/by-nc/4.0/,ur6s77,6163167909,2048,947,0.0074
Prionurus laticlavius,009_gbif_6163416874.jpg,https://inaturalist-open-data.s3.amazonaws.com/photos/617611882/original.jpg,http://creativecommons.org/licenses/by-nc/4.0/,ur6s77,6163416874,2048,947,0.0135
Prionurus laticlavius,010_gbif_6171047724.jpg,https://inaturalist-open-data.s3.amazonaws.com/photos/620681960/original.jpg,http://creativecommons.org/licenses/by-nc/4.0/,Mark Robinson,6171047724,1316,987,0.0142
Prionurus laticlavius,018_gbif_6171061309.jpg,https://inaturalist-open-data.s3.amazonaws.com/photos/619623214/original.jpg,http://creativecommons.org/licenses/by-nc/4.0/,Shawn Brescia,6171061309,2048,1699,0.0147
Prionurus laticlavius,019_gbif_6171094078.jpg,https://inaturalist-open-data.s3.amazonaws.com/photos/619322533/original.jpg,http://creativecommons.org/licenses/by-nc-sa/4.0/,Sean Daniels,6171094078,2048,1536,0.0239
Prionurus laticlavius,020_gbif_6171128283.jpg,https://inaturalist-open-data.s3.amazonaws.com/photos/618510108/original.jpg,http://creativecommons.org/licenses/by-nc/4.0/,river_monster,6171128283,2048,1536,0.0055
Prionurus laticlavius,021_gbif_6171134497.jpg,https://inaturalist-open-data.s3.amazonaws.com/photos/619658451/original.jpg,http://creativecommons.org/licenses/by-nc-sa/4.0/,Hannah Burman,6171134497,2048,1152,0.0217
Prionurus laticlavius,022_gbif_6171264008.jpg,https://inaturalist-open-data.s3.amazonaws.com/photos/620038904/original.jpg,http://creativecommons.org/licenses/by-nc/4.0/,Lorenzo D'Eri,6171264008,942,2048,0.0217
Prionurus laticlavius,023_gbif_6171360770.jpg,https://inaturalist-open-data.s3.amazonaws.com/photos/619659404/original.jpg,http://creativecommons.org/licenses/by-nc-sa/4.0/,Hannah Burman,6171360770,2048,1152,0.0234
Prionurus laticlavius,018_gbif_6171366015.jpg,https://inaturalist-open-data.s3.amazonaws.com/photos/618516605/original.jpg,http://creativecommons.org/licenses/by-nc/4.0/,river_monster,6171366015,2048,1536,0.0721
Zebrasoma veliferum,023_gbif_6178534841.jpg,https://inaturalist-open-data.s3.amazonaws.com/photos/621797839/original.jpg,http://creativecommons.org/licenses/by-nc/4.0/,Mansi Thakkar,6178534841,2048,1536,0.0058
Zebrasoma veliferum,024_gbif_6178765107.jpg,https://inaturalist-open-data.s3.amazonaws.com/photos/622339356/original.jpg,http://creativecommons.org/licenses/by-nc/4.0/,Mansi Thakkar,6178765107,1080,1920,0.0083
Acanthurus achilles,024_gbif_5230110963.jpg,https://inaturalist-open-data.s3.amazonaws.com/photos/539727862/original.jpg,http://creativecommons.org/licenses/by-nc/4.0/,graceguo,5230110963,1170,1156,0.0083
Acanthurus chirurgus,025_gbif_6188096253.jpg,https://inaturalist-open-data.s3.amazonaws.com/photos/631168682/original.jpg,http://creativecommons.org/licenses/by-nc/4.0/,Fabrizio Melges Ferro,6188096253,1499,1124,0.1017
Acanthurus dussumieri,025_gbif_6195618285.jpg,https://inaturalist-open-data.s3.amazonaws.com/photos/636366290/original.jpg,http://creativecommons.org/licenses/by-nc/4.0/,Brian Spence,6195618285,2048,1525,0.0955
Acanthurus guttatus,024_gbif_5069961634.jpeg,https://inaturalist-open-data.s3.amazonaws.com/photos/470319407/original.jpeg,http://creativecommons.org/licenses/by-nc/4.0/,pgkaestner,5069961634,1771,1328,0.043
Acanthurus guttatus,025_gbif_5070144402.jpeg,https://inaturalist-open-data.s3.amazonaws.com/photos/470963703/original.jpeg,http://creativecommons.org/licenses/by-nc/4.0/,Adam Smith,5070144402,2048,1536,0.1007
Acanthurus monroviae,024_gbif_4919388936.jpg,https://inaturalist-open-data.s3.amazonaws.com/photos/412842562/original.jpg,http://creativecommons.org/licenses/by-nc/4.0/,Ana Santos,4919388936,2048,1536,0.1347
Acanthurus olivaceus,025_gbif_6178624972.jpg,https://inaturalist-open-data.s3.amazonaws.com/photos/621642046/original.jpg,http://creativecommons.org/licenses/by-nc/4.0/,pattabi,6178624972,2048,1280,0.1055
Acanthurus olivaceus,021_gbif_6178731842.jpg,https://inaturalist-open-data.s3.amazonaws.com/photos/621910868/original.jpg,http://creativecommons.org/licenses/by-nc/4.0/,Ryan Shaw,6178731842,2000,1333,0.2915
Acanthurus olivaceus,022_gbif_6178849864.jpg,https://inaturalist-open-data.s3.amazonaws.com/photos/621910891/original.jpg,http://creativecommons.org/licenses/by-nc/4.0/,Ryan Shaw,6178849864,2000,1333,0.2139
Acanthurus olivaceus,023_gbif_6178889676.jpg,https://inaturalist-open-data.s3.amazonaws.com/photos/621980525/original.jpg,http://creativecommons.org/licenses/by-nc/4.0/,Ryan Shaw,6178889676,2000,1333,0.1327
Acanthurus tennentii,025_gbif_6400298844.jpg,https://inaturalist-open-data.s3.amazonaws.com/photos/676207944/original.jpg,http://creativecommons.org/licenses/by-nc/4.0/,Marilou Werlé,6400298844,2048,1536,0.0389
Acanthurus tractus,025_gbif_6131691631.jpg,https://inaturalist-open-data.s3.amazonaws.com/photos/608463195/original.jpg,http://creativecommons.org/licenses/by/4.0/,Derek Duplessis,6131691631,1650,1238,0.0067
Acanthurus tractus,026_gbif_6133025347.jpg,https://inaturalist-open-data.s3.amazonaws.com/photos/612071950/original.jpg,http://creativecommons.org/licenses/by-nc/4.0/,itazura,6133025347,2048,1536,0.0263
Acanthurus xanthopterus,023_gbif_6162927955.jpg,https://inaturalist-open-data.s3.amazonaws.com/photos/617346620/original.jpg,http://creativecommons.org/licenses/by-nc/4.0/,Billy Bensted-Smith,6162927955,2048,1536,0.0072
Acanthurus xanthopterus,024_gbif_6162975484.jpg,https://inaturalist-open-data.s3.amazonaws.com/photos/617617768/original.jpg,http://creativecommons.org/licenses/by-nc/4.0/,Eamon Corbett,6162975484,2048,1536,0.0231
Ctenochaetus tominiensis,024_gbif_5932554554.jpg,https://inaturalist-open-data.s3.amazonaws.com/photos/598938830/original.jpg,http://creativecommons.org/licenses/by-nc/4.0/,David R,5932554554,2048,1638,0.013
Naso brevirostris,025_gbif_6235610162.jpg,https://inaturalist-open-data.s3.amazonaws.com/photos/643889337/original.jpg,http://creativecommons.org/licenses/by-nc/4.0/,yura_nata,6235610162,2048,1152,0.0169
Naso caesius,021_gbif_4028856579.jpg,https://inaturalist-open-data.s3.amazonaws.com/photos/253890762/original.jpg,http://creativecommons.org/licenses/by-nc/4.0/,uwkwaj,4028856579,1200,800,0.0113
Naso caesius,026_gbif_5830718919.jpg,https://inaturalist-open-data.s3.amazonaws.com/photos/568074761/original.jpg,http://creativecommons.org/licenses/by-nc/4.0/,National Coral Reef Monitoring Program - Pacific Region,5830718919,2048,1531,0.006
Naso caesius,022_gbif_5838186385.jpg,https://inaturalist-open-data.s3.amazonaws.com/photos/572927000/original.jpg,http://creativecommons.org/licenses/by-nc/4.0/,National Coral Reef Monitoring Program - Pacific Region,5838186385,2048,1536,0.0056
Naso caesius,023_gbif_4936390226.jpg,https://inaturalist-open-data.s3.amazonaws.com/photos/421777047/original.jpg,http://creativecommons.org/licenses/by-nc/4.0/,juju98,4936390226,1980,1485,0.0056
Paracanthurus hepatus,025_gbif_5932279861.jpg,https://inaturalist-open-data.s3.amazonaws.com/photos/599698545/original.jpg,http://creativecommons.org/licenses/by-nc/4.0/,Alec Leitman,5932279861,2048,1536,0.1402
Paracanthurus hepatus,026_gbif_5932503887.jpg,https://inaturalist-open-data.s3.amazonaws.com/photos/599698451/original.jpg,http://creativecommons.org/licenses/by-nc/4.0/,Alec Leitman,5932503887,2048,1536,0.065
Prionurus laticlavius,025_gbif_6178465638.jpg,https://inaturalist-open-data.s3.amazonaws.com/photos/621814877/original.jpg,http://creativecommons.org/licenses/by-nc/4.0/,Mark Robinson,6178465638,1920,1440,0.0615
Prionurus laticlavius,019_gbif_6178728431.jpg,https://inaturalist-open-data.s3.amazonaws.com/photos/624155122/original.jpg,http://creativecommons.org/licenses/by/4.0/,Jacek Pietruszewski,6178728431,1491,1079,0.016
Prionurus laticlavius,020_gbif_6178894008.jpg,https://inaturalist-open-data.s3.amazonaws.com/photos/621884699/original.jpg,http://creativecommons.org/licenses/by-nc/4.0/,Manuel Raab,6178894008,2048,1366,0.006
Prionurus laticlavius,028_gbif_6178900138.jpg,https://inaturalist-open-data.s3.amazonaws.com/photos/621437873/original.jpg,http://creativecommons.org/licenses/by/4.0/,Jacek Pietruszewski,6178900138,2048,1497,0.0153
Prionurus laticlavius,021_gbif_6179025529.jpg,https://inaturalist-open-data.s3.amazonaws.com/photos/621436214/original.jpg,http://creativecommons.org/licenses/by/4.0/,Jacek Pietruszewski,6179025529,2048,1441,0.0117
Prionurus laticlavius,022_gbif_6179039400.jpg,https://inaturalist-open-data.s3.amazonaws.com/photos/621438522/original.jpg,http://creativecommons.org/licenses/by/4.0/,Jacek Pietruszewski,6179039400,2048,1763,0.0051
Zebrasoma veliferum,023_gbif_6178889033.jpg,https://inaturalist-open-data.s3.amazonaws.com/photos/621061066/original.jpg,http://creativecommons.org/publicdomain/zero/1.0/,Thompson Hyggen,6178889033,2048,1536,0.067
Zebrasoma veliferum,024_gbif_6179169781.jpg,https://inaturalist-open-data.s3.amazonaws.com/photos/620904071/original.jpg,http://creativecommons.org/licenses/by-nc/4.0/,sisi_ze,6179169781,2048,1536,0.3447
Acanthurus chirurgus,024_gbif_6188385277.jpg,https://inaturalist-open-data.s3.amazonaws.com/photos/631991850/original.jpg,http://creativecommons.org/licenses/by-nc/4.0/,Fabrizio Melges Ferro,6188385277,1307,980,0.157
Acanthurus dussumieri,024_gbif_6195822211.jpg,https://inaturalist-open-data.s3.amazonaws.com/photos/635891042/original.jpg,http://creativecommons.org/licenses/by-nc/4.0/,Claire Goiran,6195822211,2041,2048,0.1228
Acanthurus guttatus,024_gbif_5076944229.jpeg,https://inaturalist-open-data.s3.amazonaws.com/photos/471607275/original.jpeg,http://creativecommons.org/licenses/by-nc/4.0/,rolandwirth,5076944229,1759,1319,0.0987
Acanthurus guttatus,025_gbif_5076972868.jpeg,https://inaturalist-open-data.s3.amazonaws.com/photos/471553711/original.jpeg,http://creativecommons.org/licenses/by-nc/4.0/,Adam Z. Lendvai,5076972868,2048,1536,0.0862
Acanthurus olivaceus,029_gbif_6179181380.jpg,https://inaturalist-open-data.s3.amazonaws.com/photos/621639934/original.jpg,http://creativecommons.org/licenses/by-nc/4.0/,pattabi,6179181380,2048,1280,0.024
Acanthurus tennentii,024_gbif_6431688337.jpg,https://inaturalist-open-data.s3.amazonaws.com/photos/690836241/original.jpg,http://creativecommons.org/licenses/by-nc/4.0/,tricotraye,6431688337,2048,1536,0.0643
Acanthurus tractus,023_gbif_6133099101.jpg,https://inaturalist-open-data.s3.amazonaws.com/photos/612076331/original.jpg,http://creativecommons.org/licenses/by-nc/4.0/,itazura,6133099101,2048,1536,0.1947
Acanthurus tractus,024_gbif_6133176103.jpg,https://inaturalist-open-data.s3.amazonaws.com/photos/612280231/original.jpg,http://creativecommons.org/licenses/by-nc/4.0/,Todd Council,6133176103,2009,2009,0.1344
Naso brevirostris,024_gbif_6235743606.jpg,https://inaturalist-open-data.s3.amazonaws.com/photos/646411360/original.jpg,http://creativecommons.org/licenses/by/4.0/,Jay Paroline,6235743606,2048,1536,0.0057
Naso caesius,029_gbif_3398845371.jpeg,https://inaturalist-open-data.s3.amazonaws.com/photos/164358236/original.jpeg,http://creativecommons.org/licenses/by-nc/4.0/,juju98,3398845371,2000,1500,0.0075
Paracanthurus hepatus,025_gbif_5932559382.jpg,https://inaturalist-open-data.s3.amazonaws.com/photos/599698521/original.jpg,http://creativecommons.org/licenses/by-nc/4.0/,Alec Leitman,5932559382,2048,1536,0.0673
Paracanthurus hepatus,023_gbif_5206213944.jpg,https://inaturalist-open-data.s3.amazonaws.com/photos/523509946/original.jpg,http://creativecommons.org/licenses/by-nc/4.0/,michel_kilcher,5206213944,2048,1401,0.011
Prionurus laticlavius,023_gbif_6179180338.jpg,https://inaturalist-open-data.s3.amazonaws.com/photos/621436808/original.jpg,http://creativecommons.org/licenses/by/4.0/,Jacek Pietruszewski,6179180338,2048,1631,0.0116
Prionurus laticlavius,024_gbif_6179220373.jpg,https://inaturalist-open-data.s3.amazonaws.com/photos/621884718/original.jpg,http://creativecommons.org/licenses/by-nc/4.0/,Manuel Raab,6179220373,2048,1365,0.0059
Acanthurus guttatus,023_gbif_5077027090.jpeg,https://inaturalist-open-data.s3.amazonaws.com/photos/471952605/original.jpeg,http://creativecommons.org/licenses/by-nc/4.0/,rolandwirth,5077027090,2048,1536,0.1673
Acanthurus guttatus,025_gbif_5077113128.jpeg,https://inaturalist-open-data.s3.amazonaws.com/photos/472396570/original.jpeg,http://creativecommons.org/licenses/by-nc/4.0/,rolandwirth,5077113128,2048,1536,0.16
Acanthurus olivaceus,024_gbif_6179187571.jpg,https://inaturalist-open-data.s3.amazonaws.com/photos/622308583/original.jpg,http://creativecommons.org/licenses/by-nc/4.0/,Ryan Shaw,6179187571,2000,1334,0.2895
Naso caesius,029_gbif_5838221562.jpg,https://inaturalist-open-data.s3.amazonaws.com/photos/573384606/original.jpg,http://creativecommons.org/licenses/by-nc/4.0/,National Coral Reef Monitoring Program - Pacific Region,5838221562,2048,1265,0.0065
Paracanthurus hepatus,027_gbif_5932289260.jpg,https://inaturalist-open-data.s3.amazonaws.com/photos/598693661/original.jpg,http://creativecommons.org/licenses/by-nc/4.0/,National Coral Reef Monitoring Program - Pacific Region,5932289260,2048,1365,0.0137
Acanthurus guttatus,025_gbif_5087334388.jpeg,https://inaturalist-open-data.s3.amazonaws.com/photos/472884822/original.jpeg,http://creativecommons.org/licenses/by-nc/4.0/,Darien Fiorino,5087334388,2048,1536,0.0142
Naso caesius,029_gbif_3391405985.jpeg,https://inaturalist-open-data.s3.amazonaws.com/photos/162865749/original.jpeg,http://creativecommons.org/licenses/by-nc/4.0/,juju98,3391405985,2000,1500,0.0064
Paracanthurus hepatus,024_gbif_5198286712.jpg,https://inaturalist-open-data.s3.amazonaws.com/photos/519035350/original.jpg,http://creativecommons.org/licenses/by-nc/4.0/,Mark Rosenstein,5198286712,1200,800,0.032
Acanthurus guttatus,024_gbif_5087874389.jpeg,https://inaturalist-open-data.s3.amazonaws.com/photos/476504962/original.jpeg,http://creativecommons.org/licenses/by-nc/4.0/,Brian Spence,5087874389,2048,1536,0.0158
Naso caesius,024_gbif_3399477330.jpeg,https://inaturalist-open-data.s3.amazonaws.com/photos/164175119/original.jpeg,http://creativecommons.org/licenses/by-nc/4.0/,juju98,3399477330,2000,1500,0.0059
