image_key,is_reference,dominant_fraction,hue_dispersion,is_solid,n_significant_colors,spot_count,mean_spot_area,spot_present,elongated_region_count,periodicity_strength,stripe_present
Acanthurus/Acanthurus_achilles/000_reference,True,0.4322549786937995,0.4558197962260656,False,4,1,254.0,False,13,0.10284127321968796,True
Acanthurus/Acanthurus_achilles/003_gbif_6178667583,False,0.39913421012542527,0.32801889987326577,False,4,5,1079.6,False,11,0.09231465253365524,True
Acanthurus/Acanthurus_achilles/004_gbif_6195316040,False,0.4907225309961522,0.31045146439484567,False,4,5,1130.0,False,3,0.10150914108400523,False
Acanthurus/Acanthurus_achilles/005_gbif_6442073069,False,0.7583899763962589,0.18869803986922462,True,3,1,1020.0,False,5,0.09263702232193904,False
Acanthurus/Acanthurus_achilles/006_gbif_5007664665,False,0.5065859855576357,0.23781703389020778,False,4,6,1711.5,False,5,0.09720483216425777,False
Acanthurus/Acanthurus_achilles/007_gbif_6195860630,False,0.5068429969044641,0.284239658404684,False,4,2,1483.0,False,11,0.16735279847305198,True
Acanthurus/Acanthurus_achilles/008_gbif_6236283629,False,0.663721966335861,0.28998102874353576,False,3,0,0.0,False,2,0.11352884386477591,False
Acanthurus/Acanthurus_achilles/009_gbif_5076945068,False,0.6749383163184463,0.17130944080300814,True,3,3,626.0,False,5,0.08778311759241351,False
Acanthurus/Acanthurus_achilles/010_gbif_6273196084,False,0.5779781537429253,0.24539599218492966,False,4,9,1025.5555555555557,False,12,0.0863557267953967,True
Acanthurus/Acanthurus_achilles/011_gbif_5087332453,False,0.5461809178140566,0.19297987918394394,True,4,6,1336.1666666666667,False,11,0.11976627878240705,True
Acanthurus/Acanthurus_achilles/012_gbif_6273258894,False,0.38714915895099133,0.3165582277408052,False,4,1,369.0,False,13,0.10141884342586129,True
Acanthurus/Acanthurus_achilles/013_gbif_5087820714,False,0.5406868939991287,0.11736827744460153,True,3,1,602.0,False,4,0.13136263590464675,False
Acanthurus/Acanthurus_achilles/014_gbif_5176583153,False,0.44704726397854894,0.21615483666762547,False,4,14,475.35714285714283,True,5,0.09342827627463557,False
Acanthurus/Acanthurus_achilles/015_gbif_5153442527,False,0.7056081620678977,0.26980936231098995,False,3,3,3487.0,False,5,0.08954068813236604,False
Acanthurus/Acanthurus_achilles/016_gbif_6398672781,False,0.7369108579788902,0.20959343102624875,False,3,1,106.0,False,6,0.0627580576734219,False
Acanthurus/Acanthurus_achilles/017_gbif_5216036171,False,0.42786088970157365,0.44383432105523024,False,4,2,702.5,False,8,0.08711201451393635,True
Acanthurus/Acanthurus_achilles/018_gbif_5216134567,False,0.5321410494347899,0.16948566759817332,True,4,3,2660.6666666666665,False,10,0.08814125441515838,True
Acanthurus/Acanthurus_achilles/020_gbif_5216301142,False,0.48998509900927406,0.3377441135691098,False,4,2,420.5,False,5,0.10928062844444053,False
Acanthurus/Acanthurus_achilles/021_gbif_6440945420,False,0.526603248364879,0.3226133947085262,False,4,3,747.6666666666666,False,6,0.09214506032015668,False
Acanthurus/Acanthurus_achilles/022_gbif_5760694282,False,0.7583455819518031,0.11174771641858626,True,3,2,747.0,False,8,0.14741828182206096,True
Acanthurus/Acanthurus_achilles/023_gbif_6441167301,False,0.6599201396261789,0.23284836023291292,False,3,1,1064.0,False,3,0.10047460489104272,False
Acanthurus/Acanthurus_achilles/024_gbif_5230110963,False,0.7209180478703692,0.21073089304740866,False,3,2,444.0,False,0,0.10282816550001475,False
Acanthurus/Acanthurus_albimento/000_reference,True,0.6234030755378898,0.1947724707136016,True,4,6,1024.5,False,10,0.08739883087457898,True
Acanthurus/Acanthurus_albipectoralis/000_reference,True,0.4179522167710037,0.16632887254480508,True,4,3,643.3333333333334,False,2,0.10706186298134071,False
Acanthurus/Acanthurus_albipectoralis/002_gbif_6399281585,False,0.5002223878444007,0.16706784722647286,True,4,6,901.0,False,8,0.0603124871856193,True
Acanthurus/Acanthurus_albipectoralis/003_gbif_6431464546,False,0.33690290378853005,0.0688506695450571,True,4,3,1954.6666666666667,False,0,0.07269107780602314,False
Acanthurus/Acanthurus_albipectoralis/004_gbif_6441040651,False,0.42099967018691653,0.09331125755701504,True,3,18,652.0,True,5,0.06526653141617338,False
Acanthurus/Acanthurus_albipectoralis/005_gbif_6399574627,False,0.3654811075595445,0.11809360577005588,True,4,15,2013.5333333333333,True,5,0.11140649543900517,False
Acanthurus/Acanthurus_albipectoralis/006_gbif_4512203037,False,0.4415783819294917,0.09077040324199073,True,3,7,2249.0,False,3,0.0522325166108424,False
Acanthurus/Acanthurus_albipectoralis/007_gbif_4535882052,False,0.3492020339324372,0.13787804835050382,True,4,1,9118.0,False,2,0.12279840358950639,False
Acanthurus/Acanthurus_albipectoralis/008_gbif_6178422681,False,0.5774942512375444,0.10824470437947249,True,3,4,6277.25,False,2,0.09357108502906547,False
Acanthurus/Acanthurus_albipectoralis/011_gbif_6178822235,False,0.5885514264827472,0.09482667148220995,True,4,6,2743.0,False,6,0.044608800181059435,False
Acanthurus/Acanthurus_albipectoralis/012_gbif_4863474214,False,0.4623858002956717,0.11093704738069814,True,3,17,488.7647058823529,True,2,0.05850306659514495,False
Acanthurus/Acanthurus_albipectoralis/013_gbif_4863812558,False,0.4957088633831645,0.21760618022057762,False,3,6,2044.5,False,1,0.088565859393001,False
Acanthurus/Acanthurus_albipectoralis/014_gbif_5006870449,False,0.5575397773424435,0.056693846445113355,True,2,4,3166.0,False,0,0.0828692503732188,False
Acanthurus/Acanthurus_albipectoralis/015_gbif_5006832714,False,0.5752667949615116,0.1900059481344318,True,3,0,0.0,False,2,0.07750803087170444,False
Acanthurus/Acanthurus_albipectoralis/016_gbif_5007288058,False,0.5120357925012454,0.0872808368847362,True,3,27,398.14814814814815,True,0,0.07517918627839469,False
Acanthurus/Acanthurus_albipectoralis/017_gbif_4458441002,False,0.44083400027837705,0.04491846360544319,True,4,22,1055.409090909091,True,5,0.04884278748248751,False
Acanthurus/Acanthurus_albipectoralis/018_gbif_4458716005,False,0.7442372080498723,0.06645220224426229,True,2,4,828.0,False,1,0.11879120402918135,False
Acanthurus/Acanthurus_albipectoralis/021_gbif_2423080944,False,0.673125949917619,0.220971885278731,False,3,3,7367.0,False,6,0.0644353074623293,False
Acanthurus/Acanthurus_albipectoralis/022_gbif_6179337893,False,0.3755121898271444,0.14093033280556488,True,3,8,1061.75,False,11,0.08484523361307315,True
Acanthurus/Acanthurus_albipectoralis/023_gbif_1890081903,False,0.46928248522081834,0.09191882340809285,True,3,5,225.6,False,5,0.03570373592151513,False
Acanthurus/Acanthurus_albipectoralis/024_gbif_5897388528,False,0.34629793610789456,0.07851458314550191,True,4,18,2389.4444444444443,True,5,0.06829916106587769,False
Acanthurus/Acanthurus_bariene/000_reference,True,0.3627462110461486,0.3900470052876435,False,4,13,841.1538461538462,True,19,0.10072962429216899,True
Acanthurus/Acanthurus_bariene/001_gbif_6130770452,False,0.40195733816809426,0.09997665084808767,True,4,4,1048.5,False,15,0.08017179275696576,True
Acanthurus/Acanthurus_bariene/003_gbif_6179416638,False,0.5257436752849597,0.22273394649057024,False,4,14,130.21428571428572,True,3,0.0726836429193909,False
Acanthurus/Acanthurus_bariene/006_gbif_6399118601,False,0.6514287892940885,0.07130506264854926,True,2,5,660.0,False,3,0.05916381827991935,False
Acanthurus/Acanthurus_bariene/007_gbif_5063318123,False,0.5833032664570575,0.2620577975335566,False,4,1,3080.0,False,4,0.1212821938989348,False
Acanthurus/Acanthurus_bariene/008_gbif_5134869802,False,0.5188068713066116,0.2235787530582262,False,4,0,0.0,False,0,0.11473895833065721,False
Acanthurus/Acanthurus_bariene/012_gbif_5293036299,False,0.4387759810194978,0.17040835755657952,True,4,1,577.0,False,1,0.10190711682566472,False
Acanthurus/Acanthurus_bariene/017_gbif_6130061947,False,0.47238874941130227,0.15583427235160974,True,4,9,1070.0,False,3,0.07360929577229554,False
Acanthurus/Acanthurus_bariene/020_gbif_4974196207,False,0.46781918438062237,0.10857907842720418,True,3,4,2417.0,False,15,0.09430248562960498,True
Acanthurus/Acanthurus_bariene/022_gbif_4904318446,False,0.5591085591813244,0.21288235460287655,False,3,1,184.0,False,0,0.06028663414944479,False
Acanthurus/Acanthurus_bariene/023_gbif_4453789940,False,0.4308069372182385,0.2904733581756788,False,3,3,4557.0,False,0,0.08291071323015313,False
Acanthurus/Acanthurus_bariene/024_gbif_4458479533,False,0.3575717921075339,0.18381305977321163,True,4,15,1968.4666666666667,True,0,0.0680790193720443,False
Acanthurus/Acanthurus_blochii/000_reference,True,0.44583432286409785,0.2919518894870269,False,4,1,580.0,False,5,0.09517886631189738,False
Acanthurus/Acanthurus_blochii/011_gbif_6131299751,False,0.6133075523202912,0.027042651641927633,True,2,0,0.0,False,1,0.10898012653468682,False
Acanthurus/Acanthurus_blochii/012_gbif_6131304181,False,0.3943251329921111,0.09747663967153351,True,4,8,727.125,False,1,0.08792590685888968,False
Acanthurus/Acanthurus_blochii/013_gbif_6131412833,False,0.5674339321550328,0.04354742969832629,True,2,2,648.5,False,0,0.08697711772473148,False
Acanthurus/Acanthurus_blochii/014_gbif_6133330659,False,0.5094826895656771,0.04311905535130266,True,2,2,506.5,False,0,0.06740936217870341,False
Acanthurus/Acanthurus_blochii/022_gbif_6162949840,False,0.7856651522578147,0.07062983736780934,True,2,0,0.0,False,2,0.05420361207846595,False
Acanthurus/Acanthurus_blochii/024_gbif_6163234743,False,0.5459916275573967,0.01811704016455143,True,2,4,612.5,False,0,0.14122829918110005,False
Acanthurus/Acanthurus_chirurgus/000_reference,True,0.5806665696934434,0.24780559018497605,False,4,3,1270.0,False,5,0.09588169493964742,False
Acanthurus/Acanthurus_chirurgus/001_gbif_6131107325,False,0.40537639677719695,0.1424005428996574,True,4,7,3511.1428571428573,False,4,0.08735374288765844,False
Acanthurus/Acanthurus_chirurgus/002_gbif_6131140047,False,0.3638520885930514,0.2966473154145376,False,4,3,1796.0,False,4,0.09145409881865324,False
Acanthurus/Acanthurus_chirurgus/003_gbif_6133025832,False,0.4244399214223407,0.09621927841995925,True,3,6,378.1666666666667,False,2,0.06567247811081595,False
Acanthurus/Acanthurus_chirurgus/004_gbif_6133103564,False,1.0,0.019687973792846883,True,1,0,0.0,False,0,0.07080173380964916,False
Acanthurus/Acanthurus_chirurgus/005_gbif_6133390214,False,0.4584846843313914,0.06501260646121239,True,3,13,1950.3846153846155,True,4,0.0807307915941959,False
Acanthurus/Acanthurus_chirurgus/007_gbif_6147466813,False,0.6743708426570211,0.06066585616064581,True,2,1,329.0,False,0,0.09459011400900078,False
Acanthurus/Acanthurus_chirurgus/008_gbif_6159707618,False,0.5102077379806624,0.10188665483665205,True,3,1,851.0,False,4,0.1129032283221177,False
Acanthurus/Acanthurus_chirurgus/009_gbif_6195964958,False,0.350426945869701,0.18585838894266843,True,4,12,372.25,True,2,0.05586194466724852,False
Acanthurus/Acanthurus_chirurgus/010_gbif_6163173250,False,0.5010841280043661,0.15190015821495753,True,3,4,1463.0,False,3,0.09587321059867908,False
Acanthurus/Acanthurus_chirurgus/014_gbif_6163316405,False,0.5181768804315253,0.07153602967437744,True,3,8,374.625,False,1,0.08577223372293842,False
Acanthurus/Acanthurus_chirurgus/015_gbif_6147359530,False,0.4624852922906024,0.21189406572384922,False,4,10,2540.3,False,7,0.05088280976100723,False
Acanthurus/Acanthurus_chirurgus/017_gbif_6159375673,False,0.4839600550240993,0.14503328273027408,True,3,5,2314.4,False,5,0.09606257368469286,False
Acanthurus/Acanthurus_chirurgus/018_gbif_6162896452,False,0.4426019507158964,0.15803609037040717,True,4,16,3103.3125,True,9,0.08582952311527231,True
Acanthurus/Acanthurus_chirurgus/019_gbif_6171254203,False,0.512290463719235,0.09196159968347488,True,3,2,1259.0,False,1,0.0603863900963857,False
Acanthurus/Acanthurus_chirurgus/020_gbif_6163068202,False,0.3650400717888418,0.24007145023509746,False,4,5,584.4,False,4,0.0805466195748677,False
Acanthurus/Acanthurus_chirurgus/021_gbif_6171405104,False,0.41711966051764043,0.27702070081758406,False,4,9,380.77777777777777,False,6,0.0614868481639766,False
Acanthurus/Acanthurus_chirurgus/023_gbif_6179225801,False,0.43434173534853543,0.1237196310969548,True,3,4,565.5,False,5,0.08303542367365954,False
Acanthurus/Acanthurus_chirurgus/024_gbif_6188385277,False,0.4703671184766504,0.11850526485859753,True,3,11,864.7272727272727,False,5,0.08192062376885412,False
Acanthurus/Acanthurus_chronixis/000_reference,True,0.37084752145872235,0.2911305829157293,False,3,4,494.5,False,0,0.05801360220591016,False
Acanthurus/Acanthurus_dussumieri/000_reference,True,0.5960527669548958,0.33554867485251144,False,4,4,1945.5,False,10,0.09567276765005268,True
Acanthurus/Acanthurus_dussumieri/001_gbif_6129983817,False,0.4031314771867475,0.20001834199560423,False,4,15,1663.0,True,7,0.10077500082753425,False
Acanthurus/Acanthurus_dussumieri/002_gbif_6130109340,False,0.5613059878851454,0.10449025284738063,True,3,6,4657.0,False,4,0.07942647013883232,False
Acanthurus/Acanthurus_dussumieri/004_gbif_6162782640,False,0.46318247671128054,0.14130807159413214,True,2,3,1704.6666666666667,False,0,0.09832073667022131,False
Acanthurus/Acanthurus_dussumieri/005_gbif_6188521761,False,0.5521865616413886,0.19750459664825634,True,4,3,2525.6666666666665,False,3,0.1384398156168373,False
Acanthurus/Acanthurus_dussumieri/006_gbif_6133433646,False,0.3699170213789593,0.2376476785758174,False,4,3,1723.0,False,14,0.04566090319098082,True
Acanthurus/Acanthurus_dussumieri/007_gbif_6133516378,False,0.5256318558354307,0.23116673945818966,False,4,6,2338.5,False,8,0.10643044549814451,True
Acanthurus/Acanthurus_dussumieri/009_gbif_6162979812,False,0.5336554864060423,0.21647901888031187,False,4,5,779.2,False,1,0.07100831470900026,False
Acanthurus/Acanthurus_dussumieri/010_gbif_6171005373,False,0.48784412173907127,0.24506030493000613,False,4,5,1475.4,False,6,0.05848149050730701,False
Acanthurus/Acanthurus_dussumieri/011_gbif_6171157955,False,0.3697684479807385,0.15448422280008395,True,4,4,480.25,False,9,0.07678648356331255,True
Acanthurus/Acanthurus_dussumieri/012_gbif_6171204124,False,0.45034623194189943,0.14285146911808672,True,4,11,964.0909090909091,False,6,0.08836109565434982,False
Acanthurus/Acanthurus_dussumieri/013_gbif_6171376446,False,0.41465159575188815,0.21100037290621781,False,4,12,1696.5833333333333,True,6,0.138498386410934,False
Acanthurus/Acanthurus_dussumieri/014_gbif_6178364959,False,0.4175729766669921,0.24945538299958775,False,4,2,1183.5,False,4,0.09316597615794471,False
Acanthurus/Acanthurus_dussumieri/015_gbif_6178478511,False,0.77811490109734,0.1564922237227355,True,3,3,2606.0,False,4,0.08573584051914512,False
Acanthurus/Acanthurus_dussumieri/016_gbif_6184872043,False,0.4778806948568763,0.1257000863878877,True,2,8,1871.875,False,6,0.09452041525448565,False
Acanthurus/Acanthurus_dussumieri/017_gbif_6234944802,False,0.4516270624457251,0.35627474402339987,False,4,5,1431.2,False,41,0.0880476483047097,True
Acanthurus/Acanthurus_dussumieri/019_gbif_6235298592,False,0.7131257426917362,0.10057746772601332,True,3,4,4413.0,False,7,0.07897374458189123,False
Acanthurus/Acanthurus_dussumieri/020_gbif_6185173111,False,0.3441026498369974,0.15047644144989164,True,4,2,369.5,False,1,0.11149522444084153,False
Acanthurus/Acanthurus_dussumieri/021_gbif_6178312023,False,0.4775349610006,0.07882104329293795,True,3,32,935.0,True,2,0.0683212276998967,False
Acanthurus/Acanthurus_dussumieri/022_gbif_6188324401,False,0.4298178158254832,0.34141962471349757,False,4,3,727.3333333333334,False,1,0.08288394180133671,False
Acanthurus/Acanthurus_dussumieri/023_gbif_6195543920,False,0.5202494742061796,0.18331664420262794,True,3,1,518.0,False,0,0.13194232474956472,False
Acanthurus/Acanthurus_dussumieri/024_gbif_6195822211,False,0.5366945462519187,0.1431006804525385,True,4,5,5578.8,False,3,0.08152302693676587,False
Acanthurus/Acanthurus_fowleri/000_reference,True,0.43825869104809134,0.3003908409357902,False,4,3,1462.0,False,8,0.11178849678599721,True
Acanthurus/Acanthurus_fowleri/001_gbif_6179292082,False,0.5599738701457171,0.06852699553770762,True,2,0,0.0,False,3,0.07980573501373323,False
Acanthurus/Acanthurus_fowleri/002_gbif_6253257513,False,0.4052847632800225,0.2680318422875801,False,4,2,771.5,False,2,0.09040356675426607,False
Acanthurus/Acanthurus_fowleri/004_gbif_6400480457,False,0.503381566153684,0.09884912685569668,True,4,6,3017.0,False,7,0.08694600424123135,False
Acanthurus/Acanthurus_fowleri/008_gbif_5844263847,False,0.48670304778114765,0.18234097456352588,True,4,7,1720.2857142857142,False,3,0.07203192224564844,False
Acanthurus/Acanthurus_fowleri/009_gbif_5932370841,False,0.5098510905368371,0.29436289181362074,False,4,1,1193.0,False,0,0.09967577827923917,False
Acanthurus/Acanthurus_fowleri/012_gbif_5230414952,False,0.5300489064355275,0.17656559992033077,True,3,7,4943.428571428572,False,4,0.09778285079349096,False
Acanthurus/Acanthurus_fowleri/013_gbif_4414225162,False,1.0,0.1355723426685798,True,1,0,0.0,False,0,0.09450227633966835,False
Acanthurus/Acanthurus_fowleri/014_gbif_4430982736,False,0.4884060976132935,0.18457760594031217,True,3,7,2872.8571428571427,False,2,0.0574908853507338,False
Acanthurus/Acanthurus_fowleri/019_gbif_2563653136,False,0.35476896896658894,0.29982647603207296,False,4,4,3725.25,False,14,0.08645361456463906,True
Acanthurus/Acanthurus_fowleri/020_gbif_2294568661,False,1.0,0.14100243510904487,True,1,0,0.0,False,0,0.07994898323542543,False
Acanthurus/Acanthurus_fowleri/021_gbif_2242801668,False,0.47267542114338773,0.14972851024274056,True,4,6,2201.6666666666665,False,13,0.08290868180787635,True
Acanthurus/Acanthurus_fowleri/023_gbif_4034841177,False,0.6754369247798971,0.30977473121979765,False,3,1,1255.0,False,6,0.07785609265764645,False
Acanthurus/Acanthurus_gahhm/000_reference,True,0.4129698832243771,0.1466955678402609,True,3,1,876.0,False,5,0.07398995532078434,False
Acanthurus/Acanthurus_gahhm/002_gbif_6133145919,False,0.3025334231844036,0.1262473688353048,True,4,30,1686.1,True,8,0.06983775334417414,True
Acanthurus/Acanthurus_gahhm/003_gbif_6147706481,False,0.6276208938956734,0.05891582298629305,True,2,3,1087.0,False,0,0.07547516966015484,False
Acanthurus/Acanthurus_gahhm/009_gbif_6159672551,False,0.3588316205120159,0.08802232203882002,True,3,22,3600.5454545454545,True,3,0.06833523970459457,False
Acanthurus/Acanthurus_gahhm/010_gbif_6162773632,False,0.3963394044769632,0.08123636611339609,True,4,7,3551.8571428571427,False,1,0.07617783426813526,False
Acanthurus/Acanthurus_gahhm/011_gbif_6162791792,False,1.0,0.06860933096617439,True,1,0,0.0,False,0,0.08069313692297905,False
Acanthurus/Acanthurus_gahhm/012_gbif_6162807546,False,0.4746365559390363,0.1211839406183826,True,4,13,2238.3846153846152,True,2,0.10349986349679163,False
Acanthurus/Acanthurus_gahhm/013_gbif_6162879745,False,0.8534789847637116,0.06493478193270104,True,2,0,0.0,False,1,0.10768713550228154,False
Acanthurus/Acanthurus_gahhm/014_gbif_6162973459,False,0.3913395448509751,0.0819283181600519,True,4,12,2483.8333333333335,True,1,0.08589754813921026,False
Acanthurus/Acanthurus_gahhm/015_gbif_6163033972,False,0.5839045427342782,0.050388345172616186,True,2,7,1314.7142857142858,False,0,0.11965160777725116,False
Acanthurus/Acanthurus_gahhm/016_gbif_6163228643,False,0.6019377071114085,0.09579010329529417,True,4,20,2635.55,True,0,0.08186450449020634,False
Acanthurus/Acanthurus_gahhm/017_gbif_6163374681,False,0.4355105565041865,0.11363283971741847,True,3,8,8728.875,False,3,0.06647071144015448,False
Acanthurus/Acanthurus_gahhm/018_gbif_6170838260,False,0.4420283982234901,0.08371790529156148,True,4,15,381.93333333333334,True,0,0.07488224705898804,False
Acanthurus/Acanthurus_gahhm/019_gbif_6170862995,False,0.6555975238694786,0.02636928484306917,True,2,3,123.33333333333333,False,0,0.05943542757169978,False
Acanthurus/Acanthurus_gahhm/022_gbif_6171080693,False,0.6558149567756816,0.11012619233394122,True,2,4,321.5,False,0,0.09235035179915434,False
Acanthurus/Acanthurus_grammoptilus/000_reference,True,0.4686558913558245,0.12300012393400249,True,3,7,2035.2857142857142,False,3,0.07769991035805406,False
Acanthurus/Acanthurus_grammoptilus/001_gbif_6470551977,False,0.35902387903286176,0.14207403655563897,True,4,6,2795.5,False,3,0.07950354602255559,False
Acanthurus/Acanthurus_grammoptilus/004_gbif_5936241538,False,0.539673261137673,0.1090936752401626,True,3,6,1030.3333333333333,False,2,0.11844339450402237,False
Acanthurus/Acanthurus_grammoptilus/007_gbif_4018549281,False,0.45803592178214536,0.397808000802915,False,4,9,217.22222222222223,False,0,0.09755294433683753,False
Acanthurus/Acanthurus_grammoptilus/008_gbif_4112075428,False,0.3169820135482364,0.16320355810107076,True,4,7,311.85714285714283,False,0,0.06975842129799241,False
Acanthurus/Acanthurus_grammoptilus/009_gbif_4127449637,False,0.40358636864317626,0.07773625335809922,True,4,11,1734.8181818181818,False,6,0.05062886219886475,False
Acanthurus/Acanthurus_grammoptilus/010_gbif_4923655465,False,0.40184313744693145,0.19476780853115075,True,4,4,3377.75,False,52,0.07508804455283442,True
Acanthurus/Acanthurus_grammoptilus/011_gbif_5932351066,False,0.45480911689438946,0.226574239699771,False,4,20,1297.4,True,2,0.08252435287851852,False
Acanthurus/Acanthurus_grammoptilus/012_gbif_3338154943,False,0.35502999860471607,0.08230221091884067,True,4,8,1179.125,False,6,0.11507536683715308,False
Acanthurus/Acanthurus_grammoptilus/013_gbif_5909245985,False,0.4077213872951453,0.14697977109149954,True,4,7,1260.5714285714287,False,13,0.0848255869728048,True
Acanthurus/Acanthurus_grammoptilus/016_gbif_3873525301,False,0.40384152482008207,0.14436987010773147,True,3,11,1183.8181818181818,False,3,0.07858578890299497,False
Acanthurus/Acanthurus_grammoptilus/017_gbif_3455860704,False,0.6135103703351663,0.15662338110711665,True,4,0,0.0,False,6,0.07644282172673363,False
Acanthurus/Acanthurus_grammoptilus/019_gbif_4046325160,False,0.3700084830126703,0.1759551548730295,True,4,5,3089.2,False,2,0.08565183558868282,False
Acanthurus/Acanthurus_grammoptilus/020_gbif_6178698390,False,0.40436678135819565,0.19623273521744036,True,4,2,1793.0,False,8,0.06497207880940613,True
Acanthurus/Acanthurus_grammoptilus/021_gbif_2573825902,False,0.5536265082890623,0.2522990066882042,False,4,3,1094.3333333333333,False,7,0.06479815658975321,False
Acanthurus/Acanthurus_guttatus/000_reference,True,0.379066451363117,0.2197077378657123,False,4,13,405.3076923076923,True,2,0.09367940807178539,False
Acanthurus/Acanthurus_guttatus/001_gbif_6130050625,False,0.5800776235020502,0.13804821046797006,True,4,12,5424.0,True,4,0.08885090525324815,False
Acanthurus/Acanthurus_guttatus/003_gbif_6147509973,False,0.5207560089893534,0.12375882351859416,True,3,1,736.0,False,1,0.11065810916359124,False
Acanthurus/Acanthurus_guttatus/005_gbif_6170923356,False,0.6034904171603764,0.12209110678824014,True,2,1,4906.0,False,0,0.12353254146804049,False
Acanthurus/Acanthurus_guttatus/007_gbif_6252142745,False,0.4619614553877939,0.0807000747689319,True,3,29,334.0,True,5,0.06388114300100708,False
Acanthurus/Acanthurus_guttatus/008_gbif_6274157644,False,0.5406232557946522,0.19084085091542777,True,3,3,1111.0,False,1,0.1094320609718055,False
Acanthurus/Acanthurus_guttatus/009_gbif_6195457661,False,0.48751442777235193,0.14989453636459676,True,4,16,3982.8125,True,1,0.07842597906470052,False
Acanthurus/Acanthurus_guttatus/010_gbif_6320936876,False,0.4216022119003701,0.24616403475776774,False,4,9,4518.0,False,0,0.05964702039064704,False
Acanthurus/Acanthurus_guttatus/011_gbif_6353112445,False,0.35622437343814445,0.07698774198363122,True,3,6,458.1666666666667,False,2,0.07720521145451992,False
Acanthurus/Acanthurus_guttatus/013_gbif_6398981834,False,0.5608615945506458,0.06488243746637269,True,3,10,1722.1,False,4,0.09164368423181382,False
Acanthurus/Acanthurus_guttatus/014_gbif_5007782019,False,0.4949934055254755,0.12579336462086516,True,3,4,3250.0,False,3,0.10693429440180852,False
Acanthurus/Acanthurus_guttatus/015_gbif_6234664341,False,0.5345019713675577,0.08355712615921015,True,3,6,2144.0,False,6,0.10641129287268639,False
Acanthurus/Acanthurus_guttatus/016_gbif_6399004456,False,0.4012753411194661,0.09160259535010684,True,3,3,962.6666666666666,False,2,0.08336243142080635,False
Acanthurus/Acanthurus_guttatus/018_gbif_6452311363,False,0.507525514356793,0.09851378666847017,True,3,3,2211.3333333333335,False,3,0.11672806789279414,False
Acanthurus/Acanthurus_guttatus/021_gbif_5063189153,False,0.901565995525727,0.0744378389934297,True,2,0,0.0,False,0,0.1407035334351313,False
Acanthurus/Acanthurus_guttatus/022_gbif_6273167717,False,0.4158822672300743,0.12558272177398622,True,4,7,476.0,False,7,0.11085177271264375,False
Acanthurus/Acanthurus_guttatus/024_gbif_5087874389,False,0.44920074213058564,0.09829931563740717,True,4,15,1473.0,True,3,0.08319931753511273,False
Acanthurus/Acanthurus_japonicus/000_reference,True,0.30690847135531857,0.34805445335378493,False,4,6,682.8333333333334,False,1,0.08396344623419494,False
Acanthurus/Acanthurus_japonicus/001_gbif_6129898100,False,0.32489089459674914,0.32560533153377635,False,4,5,997.8,False,4,0.05730360884483534,False
Acanthurus/Acanthurus_japonicus/002_gbif_6130070685,False,0.4595109265980374,0.398739917420309,False,4,6,806.6666666666666,False,7,0.06982292844933846,False
Acanthurus/Acanthurus_japonicus/005_gbif_6147430805,False,0.4321655210599854,0.4026714205577408,False,4,6,619.0,False,2,0.07346118848668293,False
Acanthurus/Acanthurus_japonicus/006_gbif_6163375080,False,0.4440130101091409,0.29506930157019096,False,4,0,0.0,False,4,0.06916752152483206,False
Acanthurus/Acanthurus_japonicus/007_gbif_6178416721,False,0.3322489816130093,0.4591265199728601,False,4,2,1765.0,False,4,0.12022837114048691,False
Acanthurus/Acanthurus_japonicus/008_gbif_6178875615,False,0.545837079088421,0.1588034007740295,True,4,2,2220.0,False,6,0.05877120252514119,False
Acanthurus/Acanthurus_japonicus/012_gbif_6252367986,False,0.42129432435310404,0.20435219799222173,False,4,2,715.0,False,6,0.07726212686096386,False
Acanthurus/Acanthurus_japonicus/013_gbif_6252368160,False,0.5080523802633483,0.2344326673401822,False,4,1,741.0,False,1,0.06480282683849144,False
Acanthurus/Acanthurus_japonicus/014_gbif_6252535900,False,0.5078664650644596,0.2562764649441588,False,4,2,1183.5,False,2,0.08538621760051236,False
Acanthurus/Acanthurus_japonicus/017_gbif_6441730313,False,0.6032383874604905,0.4148948392439299,False,4,3,2049.3333333333335,False,7,0.06664021693521556,False
Acanthurus/Acanthurus_japonicus/018_gbif_6452298659,False,0.30314360652565303,0.38356610186838663,False,4,2,1381.0,False,3,0.0662417764619103,False
Acanthurus/Acanthurus_japonicus/019_gbif_6451608979,False,0.4572984460087661,0.19559326994167806,True,4,3,759.0,False,3,0.08462604104357367,False
Acanthurus/Acanthurus_japonicus/020_gbif_6470554784,False,0.44390951134166934,0.2867166380632353,False,4,6,452.5,False,4,0.12976903198815026,False
Acanthurus/Acanthurus_japonicus/021_gbif_6470663596,False,0.4150799983951283,0.37918204461084837,False,4,1,3907.0,False,4,0.0681151172647973,False
Acanthurus/Acanthurus_japonicus/022_gbif_5063079314,False,0.3420944020439582,0.44785362279134294,False,4,3,2316.3333333333335,False,1,0.06615277520205948,False
Acanthurus/Acanthurus_japonicus/024_gbif_5134472722,False,0.4146491949700317,0.35314196867389136,False,4,3,1265.3333333333333,False,4,0.07205442986490573,False
Acanthurus/Acanthurus_leucocheilus/000_reference,True,0.64130227977303,0.18143823427579203,True,3,6,219.83333333333334,False,12,0.09713472666910421,True
Acanthurus/Acanthurus_leucocheilus/003_gbif_6171019598,False,0.44681860133441836,0.11692944616508104,True,3,15,1156.0666666666666,True,7,0.07962349939329415,False
Acanthurus/Acanthurus_leucocheilus/006_gbif_6195634763,False,0.45750275063102713,0.14454476236672284,True,3,5,2716.4,False,4,0.10139535712860903,False
Acanthurus/Acanthurus_leucocheilus/008_gbif_6234627365,False,0.41519113198366864,0.09987767832380993,True,3,13,640.2307692307693,True,4,0.039577468935956275,False
Acanthurus/Acanthurus_leucocheilus/010_gbif_6273390914,False,0.6295952885555918,0.07536340981724049,True,2,4,231.25,False,3,0.12295964227465266,False
Acanthurus/Acanthurus_leucocheilus/011_gbif_6353301858,False,0.6284058979123002,0.08997491690413124,True,2,4,543.0,False,1,0.07494510594431275,False
Acanthurus/Acanthurus_leucocheilus/017_gbif_5291847119,False,0.5052698442572813,0.09870589024909465,True,2,30,497.7,True,2,0.06585423305523401,False
Acanthurus/Acanthurus_leucocheilus/019_gbif_5153885440,False,0.6116646563345733,0.18624801011698427,True,2,2,1307.0,False,2,0.0893805389975181,False
Acanthurus/Acanthurus_leucocheilus/020_gbif_6195266679,False,0.5151304594441293,0.15528417960558455,True,3,4,484.25,False,2,0.1049651313136194,False
Acanthurus/Acanthurus_leucocheilus/021_gbif_5168502153,False,0.49577359822706857,0.13078025503450977,True,3,4,557.5,False,9,0.07522105273769583,True
Acanthurus/Acanthurus_leucocheilus/022_gbif_5198368697,False,0.47947946247809015,0.09600583747849926,True,3,6,1133.6666666666667,False,8,0.07662786609181176,True
Acanthurus/Acanthurus_leucocheilus/023_gbif_5198615723,False,0.48053373353139056,0.06566584835280705,True,2,4,626.0,False,4,0.07162299076652091,False
Acanthurus/Acanthurus_leucocheilus/024_gbif_5231633271,False,0.5218569789230568,0.07720560865367225,True,4,12,4489.333333333333,True,3,0.06963111238783784,False
Acanthurus/Acanthurus_leucosternon/000_reference,True,0.4048222792816896,0.45946683804612326,False,4,7,805.0,False,2,0.10121726513875276,False
Acanthurus/Acanthurus_leucosternon/003_gbif_6130831643,False,0.6044690283993476,0.29964428284294675,False,4,0,0.0,False,7,0.11212251518120589,False
Acanthurus/Acanthurus_leucosternon/004_gbif_6131590712,False,0.7148527163474847,0.27496153747395236,False,3,4,1133.25,False,3,0.08492151733080971,False
Acanthurus/Acanthurus_leucosternon/005_gbif_6131690325,False,0.5307983743987885,0.3006180533689694,False,4,2,1875.5,False,2,0.112952385079327,False
Acanthurus/Acanthurus_leucosternon/009_gbif_6178485598,False,0.461782618648085,0.43051710832972495,False,4,1,10465.0,False,9,0.089550732017952,True
Acanthurus/Acanthurus_leucosternon/010_gbif_6178491274,False,0.41369129779066693,0.4278246532418872,False,4,2,2060.0,False,2,0.08539989210916822,False
Acanthurus/Acanthurus_leucosternon/012_gbif_6163123339,False,0.40742566385752904,0.412603373058714,False,4,2,403.0,False,2,0.08512290978240618,False
Acanthurus/Acanthurus_leucosternon/016_gbif_6178933811,False,0.4916350997774046,0.28230353599598745,False,3,4,643.0,False,3,0.06206939103186678,False
Acanthurus/Acanthurus_leucosternon/017_gbif_6179107444,False,0.7497567168699933,0.14331360477138422,True,3,2,426.0,False,3,0.09001704983366396,False
Acanthurus/Acanthurus_leucosternon/018_gbif_6179364417,False,0.6452180509339454,0.16929333982378103,True,3,6,1504.1666666666667,False,1,0.07063968762577974,False
Acanthurus/Acanthurus_leucosternon/019_gbif_6187948264,False,0.4376971103818138,0.2732579159028818,False,4,4,2178.0,False,1,0.13696348002201,False
Acanthurus/Acanthurus_leucosternon/021_gbif_6188438403,False,0.4212854587851758,0.524496374036937,False,4,1,418.0,False,4,0.11676029280165406,False
Acanthurus/Acanthurus_leucosternon/022_gbif_6184732840,False,0.682487512033483,0.5240398214311467,False,4,5,3970.4,False,8,0.07087747838377258,True
Acanthurus/Acanthurus_leucosternon/023_gbif_6185419379,False,0.4171979046842132,0.5518086403372063,False,4,6,1276.8333333333333,False,5,0.1328803146208418,False
Acanthurus/Acanthurus_leucosternon/024_gbif_6235099920,False,0.6176427624781883,0.44774285345843234,False,4,3,1511.6666666666667,False,5,0.09091229072399296,False
Acanthurus/Acanthurus_lineatus/000_reference,True,0.3323409500331848,0.5414075564244576,False,4,3,284.6666666666667,False,41,0.06331017660532362,True
Acanthurus/Acanthurus_lineatus/001_gbif_6130075321,False,0.34496756894408076,0.2877440619080001,False,4,5,489.8,False,34,0.06107073446338555,True
Acanthurus/Acanthurus_lineatus/002_gbif_6130420236,False,0.3727817053816188,0.46251035687817826,False,4,7,2556.714285714286,False,36,0.08228105245395459,True
Acanthurus/Acanthurus_lineatus/003_gbif_6130695119,False,0.4289316520241447,0.5510028798580804,False,4,1,1022.0,False,26,0.07972732477978069,True
Acanthurus/Acanthurus_lineatus/004_gbif_6130863238,False,0.3391216358462761,0.5893213904735919,False,4,3,1082.0,False,43,0.06962135678202168,True
Acanthurus/Acanthurus_lineatus/006_gbif_6131205440,False,0.2840498598626346,0.27758986860615387,False,4,4,1209.25,False,30,0.08696665209032653,True
Acanthurus/Acanthurus_lineatus/007_gbif_6131334851,False,0.3432472942119665,0.4656521873419639,False,4,2,5404.0,False,29,0.09053836441828632,True
Acanthurus/Acanthurus_lineatus/009_gbif_6133335374,False,0.38624439157983276,0.5209172477803875,False,4,1,2625.0,False,37,0.09308708287865713,True
Acanthurus/Acanthurus_lineatus/014_gbif_6159198411,False,0.519565046919518,0.2368685574329206,False,4,6,226.0,False,9,0.052063162962991634,True
Acanthurus/Acanthurus_lineatus/015_gbif_6159277937,False,0.31990436566953445,0.4562037394787349,False,4,2,1211.5,False,32,0.06565189881645699,True
Acanthurus/Acanthurus_lineatus/016_gbif_6162876362,False,0.39915650938458086,0.44864366219145707,False,4,0,0.0,False,19,0.0613283044832476,True
Acanthurus/Acanthurus_lineatus/017_gbif_6171033549,False,0.39721247748174837,0.37338116163245705,False,3,3,174.33333333333334,False,28,0.1008305683186285,True
Acanthurus/Acanthurus_lineatus/018_gbif_6159209209,False,0.556706775723002,0.32132338961120777,False,4,4,315.25,False,32,0.08801896155416149,True
Acanthurus/Acanthurus_lineatus/019_gbif_6441493755,False,0.5099751069301757,0.3233924878509608,False,4,0,0.0,False,31,0.07935281285966164,True
Acanthurus/Acanthurus_lineatus/020_gbif_6159388279,False,0.40322190823231946,0.3466023191927108,False,4,1,120.0,False,30,0.09394478630288823,True
Acanthurus/Acanthurus_lineatus/021_gbif_6159670149,False,0.32141421866513387,0.4937895501925012,False,4,2,3457.5,False,28,0.07090202702457606,True
Acanthurus/Acanthurus_maculiceps/000_reference,True,0.3669479098871629,0.29134269978789873,False,4,8,1549.375,False,12,0.08402713271417908,True
Acanthurus/Acanthurus_maculiceps/001_gbif_6274039790,False,0.3414899817502556,0.20910971966533065,False,4,1,251.0,False,5,0.0505873638373426,False
Acanthurus/Acanthurus_maculiceps/002_gbif_6274231947,False,0.4063294186886386,0.18096729312617338,True,4,2,258.5,False,7,0.058612399145111335,False
Acanthurus/Acanthurus_maculiceps/003_gbif_6470342499,False,0.35787573094141645,0.16067972675039496,True,3,4,3490.25,False,5,0.09118607518999361,False
Acanthurus/Acanthurus_maculiceps/005_gbif_5840470719,False,0.34299573253564225,0.15903142336781084,True,4,25,503.36,True,7,0.05877029691043977,False
Acanthurus/Acanthurus_maculiceps/006_gbif_5868042501,False,0.3597717595545519,0.13746271791686196,True,4,12,2000.0833333333333,True,3,0.09337827047889515,False
Acanthurus/Acanthurus_maculiceps/007_gbif_5909235631,False,0.26935042494178374,0.3879808491037926,False,4,3,847.3333333333334,False,3,0.0778025723496178,False
Acanthurus/Acanthurus_maculiceps/008_gbif_4516921007,False,0.40765818351622696,0.09469264128142207,True,3,9,482.22222222222223,False,1,0.06244709903341231,False
Acanthurus/Acanthurus_maculiceps/009_gbif_4924140724,False,0.5185866169165412,0.11709586145542351,True,2,3,2983.0,False,0,0.07334282717020173,False
Acanthurus/Acanthurus_maculiceps/015_gbif_4129775992,False,0.47930274641432324,0.13529706100263297,True,4,12,2202.1666666666665,True,5,0.09621874813021254,False
Acanthurus/Acanthurus_maculiceps/016_gbif_4121331710,False,0.4232744334066045,0.21056791377309217,False,4,16,849.0,True,5,0.054756579314490524,False
Acanthurus/Acanthurus_maculiceps/017_gbif_4153945906,False,0.5323990224103694,0.3609165501575763,False,3,2,1773.0,False,0,0.07917435019161394,False
Acanthurus/Acanthurus_maculiceps/019_gbif_4162076204,False,0.3652931547186625,0.13205104717476598,True,3,7,862.0,False,0,0.08962309417010574,False
Acanthurus/Acanthurus_maculiceps/020_gbif_4162096153,False,0.5222626254913876,0.12946741885548796,True,3,6,3655.0,False,8,0.08551769507163866,True
Acanthurus/Acanthurus_maculiceps/021_gbif_4171324639,False,0.5419116841374776,0.12449085360569456,True,3,3,1148.0,False,5,0.07025103498561124,False
Acanthurus/Acanthurus_maculiceps/022_gbif_4172160376,False,0.6766785072506164,0.12951439790874236,True,2,6,1868.1666666666667,False,2,0.10577715277059058,False
Acanthurus/Acanthurus_maculiceps/023_gbif_4407367792,False,0.5094879559914428,0.11178013560068764,True,3,1,2493.0,False,1,0.07817079015021894,False
Acanthurus/Acanthurus_maculiceps/024_gbif_4901673009,False,0.41863108570222685,0.0732921176904521,True,3,10,691.8,False,2,0.06565241498523358,False
Acanthurus/Acanthurus_mata/000_reference,True,0.4232654971912881,0.3168213578345849,False,4,3,792.0,False,33,0.07819830131196669,True
Acanthurus/Acanthurus_mata/001_gbif_6130877490,False,0.3836205550766641,0.17768793720865653,True,4,2,7187.0,False,40,0.08553064150644556,True
Acanthurus/Acanthurus_mata/003_gbif_6179078300,False,0.4198919542524987,0.09101305271256745,True,4,3,380.6666666666667,False,3,0.06970944664857294,False
Acanthurus/Acanthurus_mata/004_gbif_6179533718,False,0.34135067908283806,0.3135658507586236,False,4,2,1060.5,False,18,0.10640440839040632,True
Acanthurus/Acanthurus_mata/006_gbif_6159356458,False,0.5528933645402405,0.04902603047918613,True,2,7,1389.142857142857,False,1,0.08000004704751806,False
Acanthurus/Acanthurus_mata/007_gbif_6159525250,False,0.31434777625568283,0.21819944190112425,False,4,2,202.5,False,10,0.12355081952398937,True
Acanthurus/Acanthurus_mata/009_gbif_6163174436,False,0.5665299643844293,0.07104918051879093,True,2,4,623.25,False,3,0.1048255552025963,False
Acanthurus/Acanthurus_mata/012_gbif_6178342995,False,0.5626893759649638,0.0908292700573596,True,2,2,1946.5,False,3,0.0901011049298361,False
Acanthurus/Acanthurus_mata/013_gbif_6178382007,False,0.5656537798803959,0.04255296716573111,True,2,5,1928.6,False,4,0.10708285934559027,False
Acanthurus/Acanthurus_mata/014_gbif_6185346017,False,0.4749315846543089,0.08160769079366986,True,3,1,64.0,False,5,0.0852422819426082,False
Acanthurus/Acanthurus_mata/016_gbif_6185545540,False,0.36294725825818586,0.22767260995994013,False,4,4,4245.0,False,22,0.0628650167869072,True
Acanthurus/Acanthurus_mata/017_gbif_6320899750,False,0.3142986638898149,0.17376778428880357,True,4,9,4251.111111111111,False,0,0.03953379318879848,False
Acanthurus/Acanthurus_mata/018_gbif_6353167887,False,0.43811921312851027,0.23842700995700672,False,4,7,588.0,False,1,0.11801152105115265,False
Acanthurus/Acanthurus_mata/021_gbif_6195313282,False,0.42416930068919717,0.12588291195335213,True,4,8,936.125,False,48,0.07822619213542699,True
Acanthurus/Acanthurus_mata/022_gbif_6234182391,False,0.44425840246643866,0.06475266026771977,True,3,7,786.5714285714286,False,0,0.07117109512439644,False
Acanthurus/Acanthurus_mata/023_gbif_6234797087,False,0.33758608955710306,0.44153678062711044,False,4,4,1185.0,False,1,0.06230076152359676,False
Acanthurus/Acanthurus_monroviae/000_reference,True,0.35502155691243736,0.4985876785749577,False,4,2,1799.5,False,10,0.10931738464583231,True
Acanthurus/Acanthurus_monroviae/001_gbif_6185571073,False,0.5423220453717043,0.062234493799105645,True,2,2,1726.0,False,0,0.08694997362634399,False
Acanthurus/Acanthurus_monroviae/002_gbif_6274095874,False,0.31387196151347424,0.2213070487095316,False,4,3,4318.333333333333,False,5,0.08921658833523483,False
Acanthurus/Acanthurus_monroviae/003_gbif_6320123109,False,0.3329772793316623,0.24385446519786452,False,4,10,3495.8,False,6,0.07260094341205856,False
Acanthurus/Acanthurus_monroviae/004_gbif_6320487755,False,0.4340462783416507,0.13899484617752672,True,3,10,2902.2,False,3,0.07591995772926888,False
Acanthurus/Acanthurus_monroviae/005_gbif_6320984673,False,0.34775902492437927,0.1109597507319115,True,4,7,4800.428571428572,False,4,0.08459495121907774,False
Acanthurus/Acanthurus_monroviae/006_gbif_6321196368,False,0.3637427839114858,0.21276740526172305,False,3,3,2633.0,False,2,0.1001431441295119,False
Acanthurus/Acanthurus_monroviae/007_gbif_6440983078,False,0.39523236520373967,0.11920776871767876,True,3,13,1347.3846153846155,True,4,0.07369026596071054,False
Acanthurus/Acanthurus_monroviae/008_gbif_6422239866,False,0.7880014270742748,0.0897820057205644,True,2,4,352.25,False,9,0.06620117173822784,True
Acanthurus/Acanthurus_monroviae/009_gbif_6422884372,False,0.625017718703318,0.07510704309810304,True,2,4,516.0,False,1,0.08240757745688615,False
Acanthurus/Acanthurus_monroviae/010_gbif_6431058823,False,0.6732334817613458,0.09543105484396322,True,3,7,116.85714285714286,False,2,0.07430541264309069,False
Acanthurus/Acanthurus_monroviae/011_gbif_6431868308,False,0.3869488078237916,0.13711357568542049,True,4,6,505.3333333333333,False,2,0.0897429866334587,False
Acanthurus/Acanthurus_monroviae/012_gbif_5063590951,False,0.38537456416839094,0.27074833694124334,False,3,4,6964.0,False,10,0.11070619921185004,True
Acanthurus/Acanthurus_monroviae/013_gbif_5063816188,False,0.6866042777158662,0.0982158917170688,True,2,1,571.0,False,0,0.11035069600033658,False
Acanthurus/Acanthurus_monroviae/014_gbif_5087694996,False,0.7263737106751564,0.2455551358739924,False,3,2,190.0,False,7,0.10973030196637824,False
Acanthurus/Acanthurus_monroviae/015_gbif_5889537156,False,0.5499886896188593,0.1314924417815181,True,3,6,5789.666666666667,False,4,0.0770102268898634,False
Acanthurus/Acanthurus_monroviae/016_gbif_5104407636,False,0.4286277245888084,0.1609177442126205,True,4,4,908.0,False,5,0.09146368359105334,False
Acanthurus/Acanthurus_monroviae/018_gbif_4903803587,False,0.5589013703464094,0.14141165467873432,True,2,6,1726.8333333333333,False,2,0.08001502344030288,False
Acanthurus/Acanthurus_monroviae/019_gbif_4909025877,False,0.6459329824647151,0.151936608785619,True,3,8,3050.375,False,16,0.05685943353943752,True
Acanthurus/Acanthurus_monroviae/020_gbif_5133837417,False,0.4163150620434076,0.2580651629611171,False,4,10,1038.5,False,8,0.0797838021976077,True
Acanthurus/Acanthurus_monroviae/021_gbif_4908998541,False,0.3831311590464783,0.3086589217802345,False,4,9,2590.777777777778,False,8,0.0775521254545927,True
Acanthurus/Acanthurus_monroviae/023_gbif_5889437685,False,0.6101626916998633,0.07295706484493109,True,2,0,0.0,False,1,0.12042500288546035,False
Acanthurus/Acanthurus_nigricans/000_reference,True,0.5652433606476454,0.27388192806933925,False,4,4,605.0,False,9,0.06817195204968911,True
Acanthurus/Acanthurus_nigricans/001_gbif_6129965362,False,0.5447385397510086,0.11124874361750825,True,3,0,0.0,False,1,0.11540077580791246,False
Acanthurus/Acanthurus_nigricans/006_gbif_6185568855,False,0.3532790640307291,0.20282349754924828,False,4,5,560.2,False,6,0.06437843350385539,False
Acanthurus/Acanthurus_nigricans/008_gbif_6159497911,False,0.5419704695744758,0.19149535277608382,True,4,2,1229.0,False,9,0.08247237089163659,True
Acanthurus/Acanthurus_nigricans/009_gbif_6159693558,False,0.4760237183114038,0.18834895760117953,True,4,3,471.6666666666667,False,7,0.0658741549719689,False
Acanthurus/Acanthurus_nigricans/010_gbif_6163365087,False,0.48658209735458907,0.2591775478951719,False,4,1,1752.0,False,6,0.0709290834313016,False
Acanthurus/Acanthurus_nigricans/012_gbif_6178586692,False,0.48284761253863495,0.27050201663192186,False,3,2,620.5,False,10,0.07421005486143153,True
Acanthurus/Acanthurus_nigricans/013_gbif_6178646906,False,0.5112839757953924,0.23666831867310273,False,4,3,755.6666666666666,False,3,0.0734194466838759,False
Acanthurus/Acanthurus_nigricans/016_gbif_6179208456,False,0.5437908985762073,0.19764477231106048,True,4,2,3548.5,False,5,0.09753516040026702,False
Acanthurus/Acanthurus_nigricans/020_gbif_6186085408,False,0.8333572900196445,0.12332535669589552,True,2,0,0.0,False,8,0.08898542878854952,True
Acanthurus/Acanthurus_nigricans/021_gbif_6187962783,False,0.9375085147543664,0.07183576909201993,True,2,0,0.0,False,1,0.08914027771497887,False
Acanthurus/Acanthurus_nigricauda/000_reference,True,0.550336432002225,0.09544775282286881,True,3,3,212.66666666666666,False,6,0.11953551768408333,False
Acanthurus/Acanthurus_nigricauda/001_gbif_5938317272,False,0.5180051214567699,0.15818587383468863,True,3,1,205.0,False,5,0.1395253037875598,False
Acanthurus/Acanthurus_nigricauda/002_gbif_6129846817,False,0.5688964222642116,0.1538256476953306,True,4,2,5206.0,False,8,0.09717170680684194,True
Acanthurus/Acanthurus_nigricauda/003_gbif_6130106863,False,0.4092862959516054,0.14772365843692645,True,4,12,1783.75,True,2,0.1033522207614013,False
Acanthurus/Acanthurus_nigricauda/005_gbif_6133351583,False,0.38909929911627705,0.1538440257124982,True,4,6,117.83333333333333,False,9,0.06622628049152539,True
Acanthurus/Acanthurus_nigricauda/008_gbif_6178701815,False,0.5993250959903673,0.16888105219736319,True,3,3,7582.0,False,10,0.05992427412735514,True
Acanthurus/Acanthurus_nigricauda/009_gbif_6159326147,False,0.5153359942047924,0.1569227273324879,True,4,3,929.3333333333334,False,0,0.08222142096903132,False
Acanthurus/Acanthurus_nigricauda/010_gbif_6159577456,False,0.4757772814976908,0.19440091383699967,True,3,2,7626.5,False,8,0.053318631697464654,True
Acanthurus/Acanthurus_nigricauda/012_gbif_6163079409,False,0.48978360706779794,0.08864142146993635,True,3,4,1958.75,False,5,0.07729597058546103,False
Acanthurus/Acanthurus_nigricauda/014_gbif_6163228769,False,0.3459470296930449,0.12795759431315196,True,4,5,461.2,False,7,0.06549477372656887,False
Acanthurus/Acanthurus_nigricauda/015_gbif_6163372820,False,0.4047825083650629,0.16698044303556023,True,3,3,745.6666666666666,False,2,0.07590279298870946,False
Acanthurus/Acanthurus_nigricauda/017_gbif_6170950001,False,0.5485370601737514,0.04469299995284537,True,3,3,287.0,False,2,0.07711683486643717,False
Acanthurus/Acanthurus_nigricauda/020_gbif_6188387214,False,0.4526979247103666,0.10661359263720058,True,3,32,2155.09375,True,7,0.07320487876624959,False
Acanthurus/Acanthurus_nigricauda/022_gbif_6195652117,False,0.5589258904114822,0.17967940863987447,True,4,10,746.4,False,7,0.08386355433841072,False
Acanthurus/Acanthurus_nigricauda/023_gbif_6196012828,False,0.43732052492316337,0.14582112001771147,True,3,13,1600.4615384615386,True,6,0.0884171972673352,False
Acanthurus/Acanthurus_nigricauda/024_gbif_6234590011,False,0.5287108977505357,0.24387756554634216,False,3,9,975.8888888888889,False,5,0.07318040556045924,False
Acanthurus/Acanthurus_nigrofuscus/000_reference,True,0.5998975081673179,0.24998021886423655,False,4,4,646.5,False,8,0.13137068647352626,True
Acanthurus/Acanthurus_nigrofuscus/004_gbif_6129845368,False,0.41109364051204045,0.09286093041204738,True,3,4,2018.5,False,2,0.07825393554133282,False
Acanthurus/Acanthurus_nigrofuscus/006_gbif_6129911214,False,0.3747927770548495,0.12063223460471101,True,4,7,393.42857142857144,False,1,0.11016391105206301,False
Acanthurus/Acanthurus_nigrofuscus/010_gbif_6130122083,False,0.33759923300963823,0.2892272773369813,False,4,4,1248.0,False,1,0.07686728700327243,False
Acanthurus/Acanthurus_nigrofuscus/011_gbif_6130130059,False,0.4503791292457814,0.2731803477140666,False,4,28,494.0357142857143,True,6,0.051436431566919925,False
Acanthurus/Acanthurus_nigrofuscus/013_gbif_6130168944,False,0.9057879347172394,0.08161564021575798,True,2,0,0.0,False,6,0.08724441047708976,False
Acanthurus/Acanthurus_nigrofuscus/017_gbif_6130392867,False,0.5758653378823824,0.20002867981463326,False,3,1,955.0,False,0,0.07998745547182842,False
Acanthurus/Acanthurus_nigrofuscus/018_gbif_6130407042,False,0.3796852279531263,0.21199424474088535,False,4,11,390.90909090909093,False,7,0.06642883672429048,False
Acanthurus/Acanthurus_nigrofuscus/024_gbif_6130779170,False,0.6136536287452371,0.10089569612672547,True,3,3,747.6666666666666,False,2,0.10291115017117157,False
Acanthurus/Acanthurus_nubilus/000_reference,True,0.27341002213305254,0.2784764237326201,False,4,8,1317.5,False,42,0.07469985665834393,True
Acanthurus/Acanthurus_nubilus/003_gbif_5291957040,False,0.3562159040644812,0.36645874839514764,False,4,1,1755.0,False,35,0.0814144208723334,True
Acanthurus/Acanthurus_nubilus/006_gbif_5006719206,False,0.3365002575645591,0.09205820572467703,True,4,11,1301.4545454545455,False,6,0.07682584883935067,False
Acanthurus/Acanthurus_nubilus/007_gbif_6195844758,False,0.4934558361370947,0.09236178305591743,True,3,14,666.5714285714286,True,3,0.0830225353743322,False
Acanthurus/Acanthurus_nubilus/009_gbif_4465722209,False,0.3512750588132648,0.2190135653327506,False,4,2,2580.5,False,9,0.05405409308512499,True
Acanthurus/Acanthurus_nubilus/011_gbif_4500925444,False,0.42311529705955714,0.19616519782346276,True,4,4,1448.0,False,28,0.08049372462293708,True
Acanthurus/Acanthurus_nubilus/012_gbif_5087044584,False,0.3135233679145693,0.16023237595724474,True,4,30,2718.5666666666666,True,1,0.08027133243647544,False
Acanthurus/Acanthurus_nubilus/013_gbif_3784948250,False,0.2779284285396755,0.2802337402882282,False,4,3,718.3333333333334,False,16,0.12420686291700492,True
Acanthurus/Acanthurus_nubilus/014_gbif_4034801980,False,0.3403415056698866,0.3782099108537273,False,4,6,2394.6666666666665,False,95,0.08243887719721309,True
Acanthurus/Acanthurus_nubilus/015_gbif_2397469755,False,0.38799630488335024,0.09575176382589931,True,4,8,2526.75,False,0,0.05835950379483537,False
Acanthurus/Acanthurus_nubilus/019_gbif_5932312006,False,0.37896026010507233,0.08952760280793742,True,4,7,751.5714285714286,False,6,0.07719658764825008,False
Acanthurus/Acanthurus_nubilus/020_gbif_5932396886,False,0.6480117130673126,0.12903931483655623,True,3,13,2352.5384615384614,True,1,0.07709954559465276,False
Acanthurus/Acanthurus_nubilus/021_gbif_5932470087,False,0.3634885286653892,0.13925792062010348,True,4,3,297.0,False,15,0.11770630016668338,True
Acanthurus/Acanthurus_nubilus/022_gbif_4922008351,False,0.5262662822321739,0.07865737181269297,True,3,4,1952.75,False,9,0.06237980146699306,True
Acanthurus/Acanthurus_nubilus/023_gbif_6188260983,False,0.5511475649232117,0.0508162229097131,True,2,1,649.0,False,9,0.07107915928520755,True
Acanthurus/Acanthurus_nubilus/024_gbif_4910879560,False,0.3362505614648738,0.1428177549374248,True,4,4,2603.5,False,46,0.0786426032173424,True
Acanthurus/Acanthurus_olivaceus/000_reference,True,0.5661590641059854,0.22387721698399124,False,3,3,1238.6666666666667,False,5,0.09738743109563991,False
Acanthurus/Acanthurus_olivaceus/001_gbif_6129860009,False,0.5677407613914444,0.10193316676090873,True,2,2,2731.0,False,5,0.10274597675574512,False
Acanthurus/Acanthurus_olivaceus/003_gbif_6178451723,False,0.47736536619268555,0.17432838610790027,True,4,2,5750.0,False,4,0.06955808039918879,False
Acanthurus/Acanthurus_olivaceus/004_gbif_6179327739,False,0.514597708294482,0.14483372285223217,True,3,1,1183.0,False,3,0.06012707262363115,False
Acanthurus/Acanthurus_olivaceus/006_gbif_6413457891,False,0.5195194456201829,0.0887429947128638,True,2,4,384.25,False,7,0.06597624464032069,False
Acanthurus/Acanthurus_olivaceus/007_gbif_6413624590,False,0.436888786411498,0.14383955060277923,True,3,6,1010.8333333333334,False,2,0.09365132595919076,False
Acanthurus/Acanthurus_olivaceus/009_gbif_6131666633,False,0.46790821506491265,0.21307833948830368,False,3,5,1092.0,False,8,0.10082983549046143,True
Acanthurus/Acanthurus_olivaceus/010_gbif_6163035293,False,0.4130356472220306,0.1900134208709344,True,3,2,267.0,False,7,0.07319915038577693,False
Acanthurus/Acanthurus_olivaceus/012_gbif_6133426909,False,0.4149064495628022,0.22348327131485604,False,3,4,4879.75,False,3,0.10946910077987528,False
Acanthurus/Acanthurus_olivaceus/013_gbif_6178400049,False,0.4814878758986781,0.126126839600023,True,2,27,1233.4444444444443,True,2,0.07937696401171411,False
Acanthurus/Acanthurus_olivaceus/016_gbif_6159261945,False,0.3931028812121348,0.2562707520442594,False,3,4,5520.25,False,4,0.050438557747866694,False
Acanthurus/Acanthurus_olivaceus/017_gbif_6171128774,False,0.977062607754412,0.0688271312015579,True,1,0,0.0,False,1,0.06650159852380867,False
Acanthurus/Acanthurus_olivaceus/018_gbif_6159380586,False,0.6156957582502247,0.09692212342866056,True,2,3,4244.666666666667,False,5,0.0801915965925422,False
Acanthurus/Acanthurus_olivaceus/019_gbif_6178353357,False,0.48826721745151536,0.1378427982691561,True,3,20,1826.1,True,1,0.06883782419942705,False
Acanthurus/Acanthurus_olivaceus/020_gbif_6163090414,False,0.48124674481368496,0.12849236070573292,True,3,14,1276.5714285714287,True,3,0.08167890951976212,False
Acanthurus/Acanthurus_olivaceus/021_gbif_6178731842,False,0.42673459790724166,0.11165440649978091,True,3,4,1430.0,False,3,0.11294296809785768,False
Acanthurus/Acanthurus_olivaceus/022_gbif_6178849864,False,0.7078299353689637,0.18059210853682847,True,2,0,0.0,False,3,0.08699169366048502,False
Acanthurus/Acanthurus_olivaceus/023_gbif_6178889676,False,0.501961361906866,0.1977939542837841,True,3,15,754.5333333333333,True,5,0.1254027927946675,False
Acanthurus/Acanthurus_olivaceus/024_gbif_6179187571,False,0.3692404575247398,0.28946921785534696,False,3,5,1195.8,False,4,0.10511041721777152,False
Acanthurus/Acanthurus_pyroferus/000_reference,True,0.7226103823772302,0.34086962150720557,False,3,3,1037.0,False,0,0.11307888896787244,False
Acanthurus/Acanthurus_pyroferus/004_gbif_6130716997,False,0.49295242710144516,0.4730966915398783,False,4,5,833.8,False,2,0.11405102395975969,False
Acanthurus/Acanthurus_pyroferus/005_gbif_6130862367,False,0.33421578411215147,0.25587331314642503,False,4,9,1599.4444444444443,False,2,0.070427342968281,False
Acanthurus/Acanthurus_pyroferus/006_gbif_6131037588,False,0.414316339168027,0.2818447063696286,False,3,3,2383.3333333333335,False,0,0.08677087607070828,False
Acanthurus/Acanthurus_pyroferus/010_gbif_6147296356,False,0.4241459934386929,0.3710780247020067,False,4,2,12413.0,False,2,0.11042948826305277,False
Acanthurus/Acanthurus_pyroferus/011_gbif_6159287416,False,0.2845424055413129,0.33302008860775817,False,4,4,4132.25,False,0,0.08548205849161673,False
Acanthurus/Acanthurus_pyroferus/012_gbif_6159387608,False,0.5629652903393764,0.13165767477752707,True,3,8,2728.375,False,0,0.08699884620984613,False
Acanthurus/Acanthurus_pyroferus/015_gbif_6163164787,False,0.40915095737603613,0.28757618984170263,False,4,4,1146.0,False,0,0.12490706304801275,False
Acanthurus/Acanthurus_pyroferus/017_gbif_6171015546,False,0.39193547413897134,0.4559602328670921,False,4,1,738.0,False,1,0.07809804633917405,False
Acanthurus/Acanthurus_pyroferus/018_gbif_6178522351,False,0.3804247411306972,0.36738989128505645,False,4,13,1338.076923076923,True,2,0.08156551427595272,False
Acanthurus/Acanthurus_pyroferus/024_gbif_6179474992,False,0.45423605775349646,0.1043216298541283,True,4,2,2378.0,False,1,0.07291978554185345,False
Acanthurus/Acanthurus_sohal/000_reference,True,0.5761221766892214,0.2435427300699561,False,4,3,1859.0,False,22,0.08840580867108896,True
Acanthurus/Acanthurus_sohal/001_gbif_5938354441,False,0.6826271890472867,0.11579198885193193,True,4,4,3403.75,False,8,0.10163327360098805,True
Acanthurus/Acanthurus_sohal/006_gbif_6130244679,False,0.45820199852457916,0.19456136099160523,True,3,4,1608.25,False,9,0.10403122327344526,True
Acanthurus/Acanthurus_sohal/007_gbif_6130597396,False,0.44570468597785246,0.17883232507509383,True,3,11,2106.818181818182,False,8,0.06122297355963148,True
Acanthurus/Acanthurus_sohal/010_gbif_6130992858,False,0.39456478227994485,0.19707451769773923,True,3,2,521.5,False,6,0.08230858304459801,False
Acanthurus/Acanthurus_sohal/011_gbif_6131003123,False,0.37954404258177177,0.10227391192974694,True,4,14,2239.0,True,6,0.07658541781731257,False
Acanthurus/Acanthurus_sohal/012_gbif_6131006132,False,0.42465379596413666,0.3306908432416409,False,4,3,1881.3333333333333,False,13,0.10094102295023955,True
Acanthurus/Acanthurus_sohal/013_gbif_6131087218,False,0.5115960771634874,0.22635412976260486,False,4,0,0.0,False,6,0.07428999834584998,False
Acanthurus/Acanthurus_sohal/014_gbif_6131165795,False,0.42677160836717076,0.09651465742298707,True,4,2,2351.5,False,20,0.08601965523706324,True
Acanthurus/Acanthurus_sohal/018_gbif_6131579061,False,0.39085191614071724,0.1924833995087469,True,3,6,2391.1666666666665,False,4,0.059294738069101925,False
Acanthurus/Acanthurus_sohal/019_gbif_6133036965,False,0.3264299924623426,0.3357859009417922,False,3,3,2974.3333333333335,False,33,0.07066657595391448,True
Acanthurus/Acanthurus_sohal/023_gbif_6133264969,False,0.38611019481766307,0.2110796882120045,False,3,4,3752.25,False,2,0.10972018410008806,False
Acanthurus/Acanthurus_tennentii/000_reference,True,0.3948123918414709,0.273768330703995,False,4,10,1122.7,False,8,0.09712941749220061,True
Acanthurus/Acanthurus_tennentii/001_gbif_6129908624,False,0.4241987284525136,0.3156656750737433,False,4,3,3758.6666666666665,False,7,0.0943218455068084,False
Acanthurus/Acanthurus_tennentii/002_gbif_6235388992,False,0.3234727745587198,0.24665404407822247,False,4,1,370.0,False,8,0.05540972401810217,True
Acanthurus/Acanthurus_tennentii/003_gbif_6179540468,False,0.525508616170882,0.05211158612607192,True,2,5,912.6,False,1,0.06950297410315512,False
Acanthurus/Acanthurus_tennentii/006_gbif_5077072764,False,0.5153063906756409,0.13303061713088116,True,3,5,6153.2,False,3,0.09472139272876937,False
Acanthurus/Acanthurus_tennentii/007_gbif_5087395495,False,0.4047172734552126,0.10734416873618137,True,4,4,4477.25,False,7,0.06495792169861493,False
Acanthurus/Acanthurus_tennentii/008_gbif_5108364528,False,0.4176667724600182,0.11775416355053135,True,4,12,4405.5,True,11,0.05997989335689017,True
Acanthurus/Acanthurus_tennentii/010_gbif_6400002781,False,0.36339718190772163,0.15943749041356187,True,4,5,1371.8,False,9,0.061451324905524136,True
Acanthurus/Acanthurus_tennentii/011_gbif_6400143229,False,0.43168197594823815,0.07648175095703995,True,4,11,2401.2727272727275,False,2,0.06797296578110316,False
Acanthurus/Acanthurus_tennentii/012_gbif_5134378358,False,0.4810683746958414,0.15040376860436336,True,4,3,9102.0,False,7,0.05242951019458409,False
Acanthurus/Acanthurus_tennentii/018_gbif_5828049922,False,0.3052641561738572,0.16496032872004826,True,4,1,2562.0,False,7,0.07017885157055098,False
Acanthurus/Acanthurus_tennentii/020_gbif_5837767757,False,0.9059173042150603,0.04484159306804066,True,2,1,4276.0,False,2,0.05089377169239255,False
Acanthurus/Acanthurus_tennentii/021_gbif_6131599327,False,0.4847360692480099,0.14171219428786022,True,3,1,3546.0,False,9,0.06019045247059517,True
Acanthurus/Acanthurus_tennentii/024_gbif_6431688337,False,0.26688894181154244,0.29274504282852726,False,4,3,1166.0,False,4,0.058809651728220655,False
Acanthurus/Acanthurus_tractus/000_reference,True,0.3672506695675961,0.11877137486474053,True,4,3,1597.6666666666667,False,12,0.09906758375374088,True
Acanthurus/Acanthurus_tractus/002_gbif_5938348998,False,0.44556681276733784,0.13443171173382312,True,4,2,752.0,False,0,0.0899493119395986,False
Acanthurus/Acanthurus_tractus/003_gbif_5938680425,False,0.4708349070765178,0.1703799673896454,True,4,2,650.5,False,4,0.11073368763313561,False
Acanthurus/Acanthurus_tractus/007_gbif_6129898385,False,0.43727559330939664,0.07804391353508326,True,3,3,254.33333333333334,False,0,0.06343190171541876,False
Acanthurus/Acanthurus_tractus/008_gbif_6130129856,False,0.49985868891864194,0.251826486337921,False,3,7,1543.5714285714287,False,4,0.08947297748398703,False
Acanthurus/Acanthurus_tractus/009_gbif_6130693787,False,0.4721905981689673,0.04568024880271057,True,3,12,372.9166666666667,True,2,0.07985322601755704,False
Acanthurus/Acanthurus_tractus/010_gbif_6130153277,False,0.4313345423689333,0.1926576988279343,True,4,7,366.2857142857143,False,1,0.052195766629025864,False
Acanthurus/Acanthurus_tractus/015_gbif_6130554762,False,0.6626987835650938,0.057085432609952254,True,2,2,1034.0,False,2,0.11077469751898038,False
Acanthurus/Acanthurus_tractus/019_gbif_6131610631,False,0.30446927374301674,0.3063916509552869,False,4,2,651.5,False,3,0.09611186137662342,False
Acanthurus/Acanthurus_tractus/020_gbif_6131670435,False,0.440343118531438,0.1303935953931037,True,4,1,401.0,False,2,0.0847530593966071,False
Acanthurus/Acanthurus_tractus/021_gbif_6130663251,False,0.9171515304831773,0.048652404688879415,True,2,0,0.0,False,1,0.11951056330042686,False
Acanthurus/Acanthurus_tractus/022_gbif_6131554490,False,0.43977229440893895,0.08360882480688424,True,3,7,886.8571428571429,False,5,0.12454483612859632,False
Acanthurus/Acanthurus_tractus/024_gbif_6133176103,False,0.4263652788584541,0.18814901986391527,True,4,5,2186.8,False,4,0.10546458481728131,False
Acanthurus/Acanthurus_triostegus/000_reference,True,0.4784687516100778,0.12336564072495632,True,4,4,297.0,False,12,0.07877867837716314,True
Acanthurus/Acanthurus_triostegus/002_gbif_5938136869,False,0.46444148533246155,0.08032475406898494,True,4,3,667.6666666666666,False,14,0.056673378429072614,True
Acanthurus/Acanthurus_triostegus/004_gbif_5938286735,False,0.5220938538964353,0.07467461881639081,True,3,10,2059.5,False,1,0.07036833483222941,False
Acanthurus/Acanthurus_triostegus/013_gbif_6129906052,False,0.4282114642548478,0.1364093277717339,True,3,5,1394.2,False,1,0.07559471486527312,False
Acanthurus/Acanthurus_triostegus/016_gbif_6130014861,False,0.48719715845835765,0.050036179314850625,True,3,2,867.0,False,4,0.061247961938501065,False
Acanthurus/Acanthurus_tristis/000_reference,True,0.47033246918633737,0.3047647546880047,False,4,8,587.75,False,7,0.10658065015775131,False
Acanthurus/Acanthurus_tristis/001_gbif_6178861558,False,0.4880501395842125,0.22066084505785366,False,3,3,3462.0,False,0,0.14842707745296851,False
Acanthurus/Acanthurus_tristis/003_gbif_6185319098,False,0.46339898544637126,0.10035966498457642,True,3,4,3119.5,False,7,0.08959441849238896,False
Acanthurus/Acanthurus_tristis/010_gbif_5828395097,False,0.5394665939996435,0.04854331574005823,True,2,10,2148.8,False,1,0.04302917946639782,False
Acanthurus/Acanthurus_tristis/011_gbif_5936197355,False,0.36136949055523754,0.1856761778371491,True,4,13,1831.4615384615386,True,7,0.05253213360617583,False
Acanthurus/Acanthurus_tristis/012_gbif_6333866913,False,0.6557837525120273,0.0772084061486036,True,2,3,1264.3333333333333,False,2,0.07117838226272834,False
Acanthurus/Acanthurus_tristis/014_gbif_4926307452,False,0.4201275454289263,0.25820742532124397,False,3,13,545.5384615384615,True,3,0.04785494436011605,False
Acanthurus/Acanthurus_tristis/015_gbif_4976242777,False,0.8567250755287009,0.12050006121994986,True,2,1,156.0,False,4,0.07993985452331517,False
Acanthurus/Acanthurus_tristis/016_gbif_5008009570,False,0.49411147084828627,0.1730451054211612,True,4,13,1354.1538461538462,True,2,0.08661335358854055,False
Acanthurus/Acanthurus_tristis/018_gbif_5008190987,False,0.4807633350637884,0.06543668324855718,True,2,0,0.0,False,1,0.09578159659663432,False
Acanthurus/Acanthurus_tristis/020_gbif_3892431548,False,0.44761856461826033,0.18027005924783657,True,4,9,1326.4444444444443,False,1,0.0783933222664726,False
Acanthurus/Acanthurus_tristis/021_gbif_3986267085,False,0.4808351034311193,0.30375618778449404,False,4,7,451.57142857142856,False,4,0.07973331564555908,False
Acanthurus/Acanthurus_tristis/022_gbif_4121098204,False,0.630127195617786,0.07749583618712488,True,3,13,1904.1538461538462,True,5,0.1289507143297596,False
Acanthurus/Acanthurus_tristis/024_gbif_6171068251,False,0.503626332211471,0.08016580515555374,True,3,4,4129.5,False,3,0.05254062163313573,False
Acanthurus/Acanthurus_xanthopterus/000_reference,True,0.43504775164377224,0.24073931032386633,False,3,4,1109.75,False,12,0.0985757083287414,True
Acanthurus/Acanthurus_xanthopterus/001_gbif_6129998921,False,0.4950308475226128,0.10588908639168738,True,3,2,4170.0,False,4,0.0792927142492318,False
Acanthurus/Acanthurus_xanthopterus/002_gbif_6130161051,False,0.4836069579969193,0.19230562158096356,True,3,2,2094.0,False,12,0.072089491547615,True
Acanthurus/Acanthurus_xanthopterus/003_gbif_6130186683,False,0.6302542851201616,0.05337982251070506,True,3,1,481.0,False,4,0.07638297240070248,False
Acanthurus/Acanthurus_xanthopterus/005_gbif_6130945270,False,0.49158486261143897,0.12428738894994912,True,3,1,825.0,False,5,0.08986524099124563,False
Acanthurus/Acanthurus_xanthopterus/006_gbif_6131168371,False,0.6041377383042085,0.08718534580128978,True,3,6,519.1666666666666,False,0,0.08085137331379624,False
Acanthurus/Acanthurus_xanthopterus/007_gbif_6131325549,False,0.4433737235678333,0.1743901534625829,True,4,3,642.0,False,10,0.05317551403352013,True
Acanthurus/Acanthurus_xanthopterus/008_gbif_6131639866,False,0.49787375969315434,0.07966464825227816,True,3,0,0.0,False,3,0.08696227261221365,False
Acanthurus/Acanthurus_xanthopterus/009_gbif_6131662439,False,0.463582549581599,0.11772632851114596,True,3,2,547.5,False,15,0.08389115802578662,True
Acanthurus/Acanthurus_xanthopterus/010_gbif_6147437052,False,0.5065723474766808,0.1844006179342877,True,4,4,2544.0,False,27,0.07118607112945065,True
Acanthurus/Acanthurus_xanthopterus/011_gbif_6133269738,False,0.4056300923625407,0.1908709112238594,True,4,4,956.0,False,10,0.08169587393295707,True
Acanthurus/Acanthurus_xanthopterus/012_gbif_6147515594,False,0.4022560951747349,0.2791587014542175,False,4,1,1274.0,False,6,0.11111924268584131,False
Acanthurus/Acanthurus_xanthopterus/014_gbif_6179590189,False,0.5505841021393276,0.1882717969115754,True,3,7,685.4285714285714,False,8,0.07644436988950162,True
Acanthurus/Acanthurus_xanthopterus/015_gbif_6147384882,False,0.41751241386036303,0.20481312189224854,False,4,5,2081.0,False,13,0.06657455384351717,True
Acanthurus/Acanthurus_xanthopterus/017_gbif_6159436415,False,0.40000967071224797,0.16201669459722323,True,3,2,2992.0,False,5,0.0592481606130216,False
Acanthurus/Acanthurus_xanthopterus/018_gbif_6162878488,False,0.40152644211913463,0.17314151401407418,True,3,7,1166.5714285714287,False,10,0.06288633716416,True
Acanthurus/Acanthurus_xanthopterus/019_gbif_6159368190,False,0.3113887934623358,0.21817245277315042,False,4,1,2276.0,False,2,0.09637889228711946,False
Acanthurus/Acanthurus_xanthopterus/021_gbif_6159397776,False,0.9320465736282271,0.03651527553619338,True,2,2,663.5,False,1,0.06915864476729239,False
Acanthurus/Acanthurus_xanthopterus/022_gbif_6162780159,False,0.6156925150969751,0.2234639429593825,False,3,2,2253.5,False,4,0.0808831060277067,False
Ctenochaetus/Ctenochaetus_binotatus/000_reference,True,0.3248298856213604,0.3256458640401485,False,4,9,351.22222222222223,False,13,0.11037488145052236,True
Ctenochaetus/Ctenochaetus_binotatus/001_gbif_6129916535,False,0.6370829923687366,0.11466407993200761,True,3,2,1781.0,False,2,0.0485496786435418,False
Ctenochaetus/Ctenochaetus_binotatus/002_gbif_6130090614,False,0.3033947698049541,0.25401412783942584,False,4,3,1194.6666666666667,False,0,0.08993513511801972,False
Ctenochaetus/Ctenochaetus_binotatus/003_gbif_6130114816,False,0.33494370740540436,0.21655278380393286,False,4,5,7624.4,False,31,0.11909499523932222,True
Ctenochaetus/Ctenochaetus_binotatus/004_gbif_6130154747,False,0.3787133524718009,0.3080789288542412,False,3,0,0.0,False,1,0.0907499013201301,False
Ctenochaetus/Ctenochaetus_binotatus/006_gbif_6130581082,False,0.31212607924139235,0.2930206702610228,False,4,3,7401.666666666667,False,2,0.1438613668215273,False
Ctenochaetus/Ctenochaetus_binotatus/007_gbif_6130600174,False,0.3592771412571325,0.24473791641494078,False,4,3,3385.0,False,4,0.11221848734346268,False
Ctenochaetus/Ctenochaetus_binotatus/008_gbif_6130784036,False,0.28970238488471955,0.2509375833814149,False,4,1,7491.0,False,1,0.0401118585730211,False
Ctenochaetus/Ctenochaetus_binotatus/012_gbif_6147304811,False,0.5058341582143148,0.2418082734589268,False,3,4,2413.0,False,4,0.09584849349207225,False
Ctenochaetus/Ctenochaetus_binotatus/013_gbif_6147614321,False,0.4887184974349648,0.3104793665528489,False,4,4,1251.5,False,2,0.11547183952590218,False
Ctenochaetus/Ctenochaetus_binotatus/014_gbif_6159185556,False,0.38082092150223623,0.23732199933062229,False,4,4,1698.75,False,6,0.0577368510376894,False
Ctenochaetus/Ctenochaetus_binotatus/015_gbif_6159666526,False,0.4062719517180784,0.15744784917067012,True,4,3,979.6666666666666,False,5,0.07544980547861144,False
Ctenochaetus/Ctenochaetus_binotatus/016_gbif_6162936942,False,0.49025253786598894,0.2913741390438393,False,3,3,1613.6666666666667,False,1,0.0961357445908716,False
Ctenochaetus/Ctenochaetus_binotatus/017_gbif_6170851276,False,0.36577716083458833,0.36442095710167566,False,4,1,17569.0,False,5,0.1135571204023662,False
Ctenochaetus/Ctenochaetus_binotatus/018_gbif_6171081370,False,0.41610805826837577,0.29549794549624014,False,3,3,3539.3333333333335,False,2,0.08428465859286083,False
Ctenochaetus/Ctenochaetus_binotatus/019_gbif_6178978952,False,0.4837308838210723,0.13199350290332604,True,3,5,1602.4,False,1,0.07978174333831525,False
Ctenochaetus/Ctenochaetus_binotatus/020_gbif_6178382498,False,0.2877397887031029,0.2465682051291993,False,4,2,716.5,False,0,0.08532903843039516,False
Ctenochaetus/Ctenochaetus_binotatus/021_gbif_6178476177,False,0.3406855458104157,0.22357505207317024,False,4,5,355.2,False,8,0.07373277518378354,True
Ctenochaetus/Ctenochaetus_binotatus/022_gbif_6178666057,False,0.2788408816756223,0.3917960250234506,False,4,4,904.0,False,1,0.08743730519908958,False
Ctenochaetus/Ctenochaetus_binotatus/023_gbif_6178854672,False,0.5945158752448104,0.1517672194548192,True,3,3,2088.6666666666665,False,6,0.11262780639910173,False
Ctenochaetus/Ctenochaetus_binotatus/024_gbif_6179388195,False,0.588434739330596,0.11001963053676257,True,3,6,160.66666666666666,False,0,0.08641117756299536,False
Ctenochaetus/Ctenochaetus_cyanocheilus/000_reference,True,0.40209252047419963,0.2103344985620111,False,4,5,1490.4,False,10,0.052004133260759366,True
Ctenochaetus/Ctenochaetus_cyanocheilus/001_gbif_6130261814,False,0.39015291038459027,0.39395648201822564,False,4,3,1517.3333333333333,False,1,0.07393542935028365,False
Ctenochaetus/Ctenochaetus_cyanocheilus/002_gbif_6130388604,False,0.8442722777362034,0.1534348674254406,True,2,3,386.0,False,5,0.10200368795426948,False
Ctenochaetus/Ctenochaetus_cyanocheilus/003_gbif_6162856416,False,0.39264042321456355,0.1933743839436675,True,4,3,484.3333333333333,False,8,0.08086663247063992,True
Ctenochaetus/Ctenochaetus_cyanocheilus/004_gbif_6159587548,False,0.33516942905669445,0.23314951135800557,False,4,0,0.0,False,25,0.06009547574546934,True
Ctenochaetus/Ctenochaetus_cyanocheilus/007_gbif_6188666410,False,0.6021096316790593,0.08474257759529912,True,3,2,2839.5,False,15,0.055064407582679685,True
Ctenochaetus/Ctenochaetus_cyanocheilus/011_gbif_6188479676,False,0.4407047722392759,0.22630445159504356,False,4,1,1070.0,False,0,0.08140024555720177,False
Ctenochaetus/Ctenochaetus_cyanocheilus/012_gbif_6195574118,False,0.3638209724217861,0.35370005621511624,False,4,2,6223.5,False,9,0.04339639633235048,True
Ctenochaetus/Ctenochaetus_cyanocheilus/015_gbif_6235630536,False,0.6733516969125619,0.14735988391273364,True,2,2,2114.0,False,4,0.08826451476143672,False
Ctenochaetus/Ctenochaetus_cyanocheilus/016_gbif_6251610278,False,0.35714191337743445,0.1416923965614113,True,3,3,656.6666666666666,False,2,0.09876073400810781,False
Ctenochaetus/Ctenochaetus_cyanocheilus/018_gbif_6253251080,False,0.5689147636189379,0.09232683123887049,True,3,3,3571.3333333333335,False,1,0.06427215412813522,False
Ctenochaetus/Ctenochaetus_cyanocheilus/019_gbif_6333881534,False,0.9601748670649248,0.07165822098663636,True,1,4,1659.0,False,1,0.10476675459969098,False
Ctenochaetus/Ctenochaetus_cyanocheilus/021_gbif_6251827957,False,0.6393727518894232,0.11767423865564772,True,2,2,1220.5,False,0,0.08352314716129633,False
Ctenochaetus/Ctenochaetus_flavicauda/000_reference,True,0.34780182428798995,0.3112580315161248,False,4,4,378.25,False,12,0.10515218833919746,True
Ctenochaetus/Ctenochaetus_flavicauda/005_gbif_5206697764,False,0.4585838167314126,0.15137171345226372,True,3,3,2463.0,False,1,0.07274783824242045,False
Ctenochaetus/Ctenochaetus_flavicauda/008_gbif_5237566648,False,0.3499427555920097,0.3246853708157685,False,4,5,862.0,False,7,0.07338933161072148,False
Ctenochaetus/Ctenochaetus_flavicauda/009_gbif_5828607320,False,0.46411483253588515,0.24111587177188357,False,3,4,2017.25,False,2,0.09320224126981297,False
Ctenochaetus/Ctenochaetus_flavicauda/010_gbif_5292659470,False,0.3914966018317528,0.33496783843700145,False,4,4,2774.5,False,28,0.1040093076868992,True
Ctenochaetus/Ctenochaetus_flavicauda/011_gbif_5292663486,False,0.39061103975876704,0.4488089240881604,False,4,1,6740.0,False,2,0.07412246246563395,False
Ctenochaetus/Ctenochaetus_flavicauda/018_gbif_3915632341,False,0.331072566047247,0.11884669689308534,True,3,0,0.0,False,1,0.09728328991567838,False
Ctenochaetus/Ctenochaetus_flavicauda/019_gbif_4009668554,False,0.4205020920502092,0.11325115864176594,True,3,4,621.5,False,1,0.06565742011005239,False
Ctenochaetus/Ctenochaetus_flavicauda/020_gbif_4009731559,False,0.5098002737013376,0.16658041517421235,True,3,3,3648.6666666666665,False,15,0.07362304148078411,True
Ctenochaetus/Ctenochaetus_flavicauda/022_gbif_4901500923,False,0.37951421418401426,0.150899150309815,True,3,6,1527.5,False,2,0.07394409661490915,False
Ctenochaetus/Ctenochaetus_flavicauda/023_gbif_4006534202,False,0.35062938092472784,0.17705329367194067,True,4,0,0.0,False,3,0.12223141044785842,False
Ctenochaetus/Ctenochaetus_flavicauda/024_gbif_4171700270,False,0.4113443909782521,0.20119384941086016,False,4,2,1079.5,False,1,0.08791073449966602,False
Ctenochaetus/Ctenochaetus_hawaiiensis/000_reference,True,0.3222887912778409,0.3389806726687137,False,4,11,1810.5454545454545,False,18,0.08559816957234519,True
Ctenochaetus/Ctenochaetus_hawaiiensis/001_gbif_6129852895,False,0.34664763157984757,0.3335827602962838,False,4,5,4069.0,False,6,0.05971090255919257,False
Ctenochaetus/Ctenochaetus_hawaiiensis/003_gbif_6188665935,False,0.4546874130429801,0.14648865597534297,True,4,3,2319.3333333333335,False,9,0.049582897893278056,True
Ctenochaetus/Ctenochaetus_hawaiiensis/004_gbif_6234418887,False,0.4726696832579185,0.13968897091727922,True,3,5,1715.2,False,3,0.062192870720986414,False
Ctenochaetus/Ctenochaetus_hawaiiensis/005_gbif_6441300366,False,0.5767442763907593,0.03639028371631939,True,2,3,1301.0,False,6,0.06866263911568686,False
Ctenochaetus/Ctenochaetus_hawaiiensis/006_gbif_6470573035,False,0.9994454771239788,0.04287700986144244,True,1,0,0.0,False,0,0.07641020732386566,False
Ctenochaetus/Ctenochaetus_hawaiiensis/007_gbif_5007845769,False,0.5509830436966032,0.10468155543163706,True,3,5,3806.6,False,23,0.05213705069570808,True
Ctenochaetus/Ctenochaetus_hawaiiensis/009_gbif_5077173489,False,0.3802169682556348,0.09464247720142055,True,4,29,1334.3103448275863,True,5,0.06234036400409142,False
Ctenochaetus/Ctenochaetus_hawaiiensis/011_gbif_5920333401,False,0.39598192694412626,0.31680123336335114,False,3,1,1147.0,False,76,0.05714067575684141,True
Ctenochaetus/Ctenochaetus_hawaiiensis/012_gbif_4606592176,False,0.4617138123581027,0.030515598716795222,True,3,18,711.4444444444445,True,1,0.07507362112298115,False
Ctenochaetus/Ctenochaetus_hawaiiensis/017_gbif_4901412545,False,0.34304800882571124,0.15011027967253818,True,3,5,3702.4,False,4,0.0542740350841201,False
Ctenochaetus/Ctenochaetus_hawaiiensis/018_gbif_4062666242,False,0.35032373556103774,0.18236843393455512,True,4,1,2033.0,False,60,0.06102682675340479,True
Ctenochaetus/Ctenochaetus_hawaiiensis/019_gbif_5892948815,False,0.35888545581301334,0.14401496296327776,True,4,6,3845.6666666666665,False,5,0.05766326406213677,False
Ctenochaetus/Ctenochaetus_hawaiiensis/021_gbif_5932344572,False,0.48136972649761933,0.08959991721045193,True,3,18,972.0555555555555,True,1,0.07502606366131064,False
Ctenochaetus/Ctenochaetus_hawaiiensis/024_gbif_6422670027,False,0.38082500605322916,0.28718919932740883,False,4,3,1216.6666666666667,False,6,0.059930265560945564,False
Ctenochaetus/Ctenochaetus_marginatus/000_reference,True,0.37845123486754406,0.18509327041120768,True,4,9,1875.2222222222222,False,10,0.10614708047390232,True
Ctenochaetus/Ctenochaetus_marginatus/001_gbif_6431100842,False,0.31692362847511196,0.14767790724059465,True,4,11,2486.6363636363635,False,4,0.048680633204698114,False
Ctenochaetus/Ctenochaetus_marginatus/002_gbif_5036804515,False,0.36926862808960303,0.21433582515285865,False,4,1,2065.0,False,5,0.07381329104177786,False
Ctenochaetus/Ctenochaetus_marginatus/003_gbif_5063568508,False,0.3703410796980398,0.09756825101800826,True,4,30,606.9,True,3,0.09505901566627041,False
Ctenochaetus/Ctenochaetus_marginatus/004_gbif_5063625184,False,0.7108352610258583,0.051141018966771465,True,2,2,115.5,False,0,0.08859813325040501,False
Ctenochaetus/Ctenochaetus_marginatus/005_gbif_5168191533,False,0.2928988550205585,0.1152461973751662,True,4,9,1503.6666666666667,False,9,0.08847024274484039,True
Ctenochaetus/Ctenochaetus_marginatus/008_gbif_5292535903,False,0.2796522105413745,0.2802940410626271,False,4,1,1189.0,False,0,0.07752763132784385,False
Ctenochaetus/Ctenochaetus_marginatus/009_gbif_5292547943,False,0.3261413985744558,0.23169953172744112,False,4,8,2896.375,False,8,0.10784669289818263,True
Ctenochaetus/Ctenochaetus_marginatus/010_gbif_5199038751,False,0.3156744931793832,0.20859305525958544,False,4,12,2487.25,True,22,0.05272185265737552,True
Ctenochaetus/Ctenochaetus_marginatus/011_gbif_5216500477,False,0.4272958275688106,0.12934545659235308,True,4,2,3807.5,False,14,0.07460357616129422,True
Ctenochaetus/Ctenochaetus_marginatus/012_gbif_5217556482,False,0.394715735680318,0.24849570726447723,False,4,10,2391.1,False,24,0.07122658692121907,True
Ctenochaetus/Ctenochaetus_marginatus/013_gbif_5892631065,False,0.353157895995161,0.11711323148060397,True,4,5,3080.0,False,19,0.08942631157065224,True
Ctenochaetus/Ctenochaetus_marginatus/014_gbif_5076950064,False,0.41337070926112024,0.07050101476762932,True,3,22,2088.7272727272725,True,2,0.06250634493510081,False
Ctenochaetus/Ctenochaetus_marginatus/015_gbif_5892803740,False,0.5459110922701916,0.07215620914148521,True,3,3,10565.666666666666,False,13,0.11016373375544931,True
Ctenochaetus/Ctenochaetus_marginatus/016_gbif_4525097690,False,0.3748997666749064,0.23001495036529018,False,4,8,1951.75,False,2,0.11683231692881724,False
Ctenochaetus/Ctenochaetus_marginatus/018_gbif_5154618863,False,0.3733645165510925,0.3545478350309531,False,4,6,7132.5,False,11,0.1455980037632794,True
Ctenochaetus/Ctenochaetus_marginatus/019_gbif_4528285502,False,0.5895816611551674,0.06791612628586705,True,3,3,1832.0,False,3,0.056992234343656495,False
Ctenochaetus/Ctenochaetus_marginatus/020_gbif_5153009985,False,0.35717703807208623,0.21503227896399496,False,4,14,606.2857142857143,True,24,0.09397264246919437,True
Ctenochaetus/Ctenochaetus_marginatus/021_gbif_4528290534,False,0.4063506822064134,0.10209020152947477,True,3,3,1328.0,False,5,0.06967025969367324,False
Ctenochaetus/Ctenochaetus_marginatus/022_gbif_5153127737,False,0.3327479592801538,0.2630480749129747,False,4,12,3821.0,True,16,0.09577531837057847,True
Ctenochaetus/Ctenochaetus_marginatus/023_gbif_4851771065,False,0.41408304662903006,0.0979773500379557,True,3,6,3424.8333333333335,False,17,0.061923754894451094,True
Ctenochaetus/Ctenochaetus_marginatus/024_gbif_5153512888,False,0.3090724081259366,0.2559776212149549,False,4,2,1978.0,False,12,0.0555173756589824,True
Ctenochaetus/Ctenochaetus_striatus/000_reference,True,0.3726233724907852,0.16647072664384757,True,3,8,550.25,False,4,0.06541245089218899,False
Ctenochaetus/Ctenochaetus_striatus/001_gbif_5938132977,False,0.5793491532621967,0.06415987536107567,True,3,6,490.0,False,8,0.04040967100739343,True
Ctenochaetus/Ctenochaetus_striatus/002_gbif_5938421051,False,0.41329217719599864,0.06516084296221837,True,3,2,257.0,False,8,0.06733909508332041,True
Ctenochaetus/Ctenochaetus_striatus/003_gbif_5938527570,False,0.3178663099671017,0.07549557799973093,True,4,0,0.0,False,3,0.08984664149199627,False
Ctenochaetus/Ctenochaetus_striatus/004_gbif_5938632290,False,0.39918784385643175,0.050743937550454414,True,3,2,235.0,False,1,0.10581305084790148,False
Ctenochaetus/Ctenochaetus_striatus/005_gbif_5938703592,False,0.5050681892787156,0.07245191279785532,True,2,31,855.0,True,2,0.08774560915083554,False
Ctenochaetus/Ctenochaetus_striatus/007_gbif_6130015989,False,0.38982272618382174,0.15178740406036742,True,3,4,692.5,False,1,0.07661481673351309,False
Ctenochaetus/Ctenochaetus_striatus/008_gbif_6130022236,False,0.5022874054286994,0.1044680084250044,True,2,11,1061.5454545454545,False,0,0.06060434127965586,False
Ctenochaetus/Ctenochaetus_striatus/009_gbif_6130194314,False,0.4667948038176034,0.2984111424935679,False,4,4,1596.25,False,6,0.09703478161042882,False
Ctenochaetus/Ctenochaetus_striatus/010_gbif_6130339467,False,0.36064569719209516,0.18278833326995414,True,4,3,9502.666666666666,False,5,0.07294968071731925,False
Ctenochaetus/Ctenochaetus_striatus/014_gbif_6130802552,False,0.4484491461591213,0.0958474656870707,True,3,12,775.8333333333334,True,12,0.06827710097085067,True
Ctenochaetus/Ctenochaetus_striatus/015_gbif_6131064466,False,0.523841635061867,0.08009315122386307,True,2,16,774.0,True,0,0.07072086359021207,False
Ctenochaetus/Ctenochaetus_striatus/017_gbif_6131082036,False,0.4430921737681703,0.22478926000033797,False,4,5,814.6,False,0,0.07371481613639054,False
Ctenochaetus/Ctenochaetus_striatus/018_gbif_6131097192,False,0.623119214352728,0.1255274629532645,True,2,4,2236.25,False,0,0.13269219757114636,False
Ctenochaetus/Ctenochaetus_striatus/019_gbif_6131166005,False,0.4521588531842656,0.10859969162371574,True,3,16,956.3125,True,0,0.06702002064190726,False
Ctenochaetus/Ctenochaetus_striatus/021_gbif_6131362842,False,0.34378679302006093,0.21046286355052302,False,3,2,8179.5,False,2,0.07017740743164937,False
Ctenochaetus/Ctenochaetus_striatus/024_gbif_6131501885,False,0.462483537004433,0.05609692995957393,True,3,28,1444.0,True,10,0.06569262544578608,True
Ctenochaetus/Ctenochaetus_strigosus/000_reference,True,0.44038491283116427,0.25953740181039026,False,4,4,849.25,False,18,0.04986308003750965,True
Ctenochaetus/Ctenochaetus_strigosus/003_gbif_6130075464,False,0.888582285352393,0.08437872326764159,True,2,1,4355.0,False,0,0.12240014426257145,False
Ctenochaetus/Ctenochaetus_strigosus/004_gbif_6130507451,False,0.4419348419376848,0.1392199206236443,True,3,9,1141.888888888889,False,22,0.048609720661123734,True
Ctenochaetus/Ctenochaetus_strigosus/007_gbif_6131132734,False,0.5110929940391863,0.09357455465357624,True,3,2,2284.5,False,4,0.10214802998870423,False
Ctenochaetus/Ctenochaetus_strigosus/009_gbif_6131578790,False,0.9527349936232534,0.10564025376793933,True,1,5,391.6,False,10,0.04713746899774225,True
Ctenochaetus/Ctenochaetus_strigosus/011_gbif_6133406354,False,0.34041397449825606,0.24037661260753976,False,3,5,1855.2,False,10,0.04582798653063645,True
Ctenochaetus/Ctenochaetus_strigosus/012_gbif_6147504164,False,0.5027895006263107,0.09400837640391167,True,2,5,789.2,False,0,0.03571742849576051,False
Ctenochaetus/Ctenochaetus_strigosus/017_gbif_6413605096,False,0.5222078841110602,0.08242909028571462,True,3,10,1045.9,False,1,0.06699229280947501,False
Ctenochaetus/Ctenochaetus_strigosus/019_gbif_6162866697,False,0.5274679014944222,0.04714012784216663,True,2,5,313.6,False,0,0.07278576678287176,False
Ctenochaetus/Ctenochaetus_strigosus/024_gbif_6178701780,False,0.5024244311801566,0.09709417011980592,True,2,11,1194.7272727272727,False,0,0.07750234993939235,False
Ctenochaetus/Ctenochaetus_tominiensis/000_reference,True,0.4402426396391784,0.29447429562388355,False,3,3,7354.666666666667,False,9,0.09784989620238543,True
Ctenochaetus/Ctenochaetus_tominiensis/001_gbif_6179346063,False,0.4744521872764368,0.11377058601955682,True,3,0,0.0,False,8,0.12536977561928075,True
Ctenochaetus/Ctenochaetus_tominiensis/002_gbif_6187913576,False,0.3381489996911568,0.37648660939116557,False,4,22,2962.7272727272725,True,3,0.11391942624990091,False
Ctenochaetus/Ctenochaetus_tominiensis/003_gbif_6399253658,False,0.376384792511109,0.22806334505640702,False,4,4,2699.25,False,1,0.18600215954381166,False
Ctenochaetus/Ctenochaetus_tominiensis/004_gbif_6440936484,False,0.46753980926077765,0.34743288242406634,False,4,4,2696.0,False,1,0.09200392916186931,False
Ctenochaetus/Ctenochaetus_tominiensis/005_gbif_6441566129,False,0.5370886186515523,0.24198194453919158,False,3,21,265.8095238095238,True,2,0.0869896906261777,False
Ctenochaetus/Ctenochaetus_tominiensis/006_gbif_6441982394,False,0.5271012207230886,0.3578756296514864,False,4,2,4226.0,False,0,0.08815919798116258,False
Ctenochaetus/Ctenochaetus_tominiensis/007_gbif_6452159446,False,0.5817541212701909,0.20705835477580128,False,3,5,1251.2,False,1,0.1414701039078387,False
Ctenochaetus/Ctenochaetus_tominiensis/008_gbif_6452261792,False,0.47982791748604015,0.2841372992711265,False,3,0,0.0,False,0,0.08496883848490128,False
Ctenochaetus/Ctenochaetus_tominiensis/009_gbif_6469919399,False,0.3923264493390194,0.19352443926482935,True,3,0,0.0,False,2,0.09067565083753479,False
Ctenochaetus/Ctenochaetus_tominiensis/010_gbif_5230397365,False,0.5262164759687482,0.20600860214112665,False,4,4,1386.25,False,4,0.12151091326053769,False
Ctenochaetus/Ctenochaetus_tominiensis/011_gbif_5168187511,False,0.43068848508928487,0.2610649950652988,False,4,4,541.25,False,2,0.07916816954793436,False
Ctenochaetus/Ctenochaetus_tominiensis/013_gbif_5291890579,False,0.6588380560392592,0.17021622976439707,True,3,1,184.0,False,0,0.10037243819796293,False
Ctenochaetus/Ctenochaetus_tominiensis/014_gbif_5840208467,False,0.8866556254120371,0.10586595753771537,True,2,1,3527.0,False,0,0.07133004361843388,False
Ctenochaetus/Ctenochaetus_tominiensis/015_gbif_5198584728,False,0.39071019512362404,0.15887127816237911,True,4,2,356.0,False,1,0.08811556882449151,False
Ctenochaetus/Ctenochaetus_tominiensis/016_gbif_5840496713,False,0.6038892949064217,0.10866604670220197,True,3,3,258.3333333333333,False,1,0.08375517184749094,False
Ctenochaetus/Ctenochaetus_tominiensis/017_gbif_5867784580,False,0.6955149867626577,0.15508672292612707,True,2,0,0.0,False,3,0.09121706262925593,False
Ctenochaetus/Ctenochaetus_tominiensis/019_gbif_5890180429,False,0.9095692727013014,0.1240439375179483,True,2,0,0.0,False,0,0.09519412908253595,False
Ctenochaetus/Ctenochaetus_tominiensis/020_gbif_6147444377,False,0.6244490215435116,0.29365861605601873,False,4,2,866.0,False,6,0.09560117237223716,False
Ctenochaetus/Ctenochaetus_tominiensis/021_gbif_5889425444,False,0.3506806056938561,0.3537605031379211,False,4,2,1918.0,False,5,0.09767058822935737,False
Ctenochaetus/Ctenochaetus_tominiensis/022_gbif_5897759177,False,0.35074476069510996,0.28970700449881126,False,4,3,4683.333333333333,False,4,0.08896343239997219,False
Ctenochaetus/Ctenochaetus_tominiensis/024_gbif_5932554554,False,0.4613508156731209,0.2427270202588609,False,4,2,1103.0,False,3,0.09273437137783519,False
Ctenochaetus/Ctenochaetus_truncatus/000_reference,True,0.3517675544794189,0.2484860445105134,False,4,3,341.3333333333333,False,3,0.05911454721312606,False
Ctenochaetus/Ctenochaetus_truncatus/002_gbif_6171040216,False,0.43289879090612016,0.2643521149960452,False,3,1,233.0,False,3,0.05726459615903519,False
Ctenochaetus/Ctenochaetus_truncatus/005_gbif_6187902766,False,0.44487620103473763,0.15803930896470744,True,4,5,3653.6,False,4,0.06289639475908974,False
Ctenochaetus/Ctenochaetus_truncatus/007_gbif_6185767486,False,0.461400551229563,0.2156168430727492,False,4,2,3046.5,False,6,0.07878144928184584,False
Ctenochaetus/Ctenochaetus_truncatus/008_gbif_6185772136,False,0.5694375717105585,0.0784842673019327,True,3,2,209.0,False,1,0.05900733651059276,False
Ctenochaetus/Ctenochaetus_truncatus/009_gbif_6185944852,False,0.5357205956239199,0.15352408560889774,True,2,4,1728.0,False,2,0.05686789575806535,False
Ctenochaetus/Ctenochaetus_truncatus/013_gbif_6235632287,False,0.9611007059501513,0.11588229052670929,True,1,1,1077.0,False,0,0.11214495118257035,False
Ctenochaetus/Ctenochaetus_truncatus/014_gbif_6252902010,False,0.6494734023968018,0.1437439510849796,True,3,5,1079.2,False,4,0.09025183783849701,False
Ctenochaetus/Ctenochaetus_truncatus/015_gbif_6252239033,False,0.5128612406841456,0.10281326597373353,True,2,5,2609.2,False,0,0.07364665944961829,False
Ctenochaetus/Ctenochaetus_truncatus/020_gbif_6273712369,False,0.43915058451428857,0.19839997447774244,True,3,5,4740.2,False,3,0.08634870413474395,False
Ctenochaetus/Ctenochaetus_truncatus/021_gbif_6273738847,False,0.3503345597346398,0.14547123881532534,True,4,6,468.1666666666667,False,2,0.05946085316772502,False
Ctenochaetus/Ctenochaetus_truncatus/022_gbif_6273774494,False,0.6495058175903916,0.05702672709397591,True,2,4,472.25,False,0,0.05155110417264436,False
Naso/Naso_annulatus/000_reference,True,0.7632845922459893,0.07005480899437747,True,2,3,10958.0,False,5,0.06676621371582736,False
Naso/Naso_annulatus/002_gbif_6130757871,False,0.72675647302916,0.125383925688861,True,2,0,0.0,False,0,0.1049730037313898,False
Naso/Naso_annulatus/004_gbif_6147509046,False,0.557809732715899,0.0393628808920697,True,2,4,1044.25,False,0,0.05390040140492397,False
Naso/Naso_annulatus/005_gbif_6147661260,False,0.5299428305965338,0.09765899019108536,True,3,1,2296.0,False,1,0.05136676590105068,False
Naso/Naso_annulatus/006_gbif_6159533545,False,0.6104601702124774,0.10111230910058945,True,3,7,700.5714285714286,False,2,0.0752751680953847,False
Naso/Naso_annulatus/012_gbif_6162929196,False,0.7189175634113422,0.1617348435375196,True,2,1,1737.0,False,0,0.11173740589528194,False
Naso/Naso_annulatus/014_gbif_6171250927,False,0.34659887381501103,0.19029246871293085,True,4,5,332.8,False,1,0.060504527877485385,False
Naso/Naso_annulatus/018_gbif_6178379183,False,0.2770136983398841,0.1244718723580626,True,4,12,714.4166666666666,True,5,0.06616928605258215,False
Naso/Naso_annulatus/021_gbif_6185268177,False,0.34686757234130705,0.19548214924589338,True,4,22,577.7272727272727,True,1,0.06428807372351285,False
Naso/Naso_annulatus/023_gbif_6185419056,False,0.3559315737662289,0.1104361744497364,True,3,3,512.3333333333334,False,4,0.06501908802529224,False
Naso/Naso_annulatus/024_gbif_6186067786,False,0.33926626389983366,0.2281337749762126,False,3,1,1908.0,False,0,0.0695874067231857,False
Naso/Naso_brachycentron/000_reference,True,0.38279351332243383,0.14255798075251225,True,4,2,1407.0,False,11,0.07145419616722881,True
Naso/Naso_brachycentron/007_gbif_6185004224,False,0.6376632408623754,0.03711351986985503,True,2,4,2379.25,False,3,0.10396295214046253,False
Naso/Naso_brachycentron/008_gbif_6170853569,False,0.3941170476546313,0.16335294534829858,True,4,15,562.6666666666666,True,7,0.11226781695028623,False
Naso/Naso_brachycentron/010_gbif_6178986390,False,0.44401418670668774,0.0890921211886946,True,4,6,875.1666666666666,False,7,0.14555143217299404,False
Naso/Naso_brachycentron/013_gbif_6274047491,False,0.4413305403845725,0.027031573535607284,True,3,8,1043.0,False,5,0.08241637919911339,False
Naso/Naso_brachycentron/014_gbif_6441846890,False,0.5437628921941158,0.03923509634692471,True,2,18,275.77777777777777,True,1,0.08604606561513385,False
Naso/Naso_brachycentron/017_gbif_6253235255,False,0.4568932029038882,0.0361211104777318,True,3,12,1143.0833333333333,True,4,0.058092516579068325,False
Naso/Naso_brachycentron/019_gbif_6273785026,False,0.34303783480530076,0.09453964288807401,True,4,3,227.66666666666666,False,4,0.06344112721217128,False
Naso/Naso_brachycentron/023_gbif_6334171370,False,0.42266009286075484,0.03373103112661625,True,3,10,2367.2,False,1,0.07509435900806667,False
Naso/Naso_brevirostris/000_reference,True,0.38652911389320915,0.28013991295339824,False,4,3,586.3333333333334,False,11,0.0657759050071501,True
Naso/Naso_brevirostris/001_gbif_6129976804,False,0.322454914120048,0.07666103658414114,True,4,8,1002.125,False,1,0.06231900903767363,False
Naso/Naso_brevirostris/002_gbif_6130517893,False,0.401257138083956,0.0655150479359286,True,4,3,646.3333333333334,False,11,0.09696953352657402,True
Naso/Naso_brevirostris/003_gbif_6131573335,False,0.7712118882081084,0.09740128604426146,True,2,1,158.0,False,1,0.08649395118798385,False
Naso/Naso_brevirostris/004_gbif_6178421315,False,0.3480527867620202,0.13565631058139338,True,4,3,1327.3333333333333,False,5,0.05955211592939275,False
Naso/Naso_brevirostris/007_gbif_6159141137,False,0.550700054034459,0.07248200270713813,True,2,0,0.0,False,2,0.10969286597568029,False
Naso/Naso_brevirostris/008_gbif_6185143970,False,0.42095403543115684,0.06862606000693483,True,3,1,158.0,False,1,0.11471218959168174,False
Naso/Naso_brevirostris/009_gbif_6185907314,False,0.3926586989785369,0.11436201934368484,True,3,22,1442.1818181818182,True,2,0.09811659218489803,False
Naso/Naso_brevirostris/010_gbif_6188299851,False,0.33345582683110997,0.2023737086567966,False,4,3,565.0,False,4,0.09508298539138395,False
Naso/Naso_brevirostris/013_gbif_6178837182,False,0.45854932938369125,0.05231927845419005,True,3,3,766.3333333333334,False,2,0.08081296027078093,False
Naso/Naso_brevirostris/016_gbif_6187999624,False,0.44393874683350343,0.1417774159646315,True,3,8,929.75,False,2,0.117152766212696,False
Naso/Naso_brevirostris/017_gbif_6414101554,False,0.4685437591405062,0.09652954059244662,True,3,8,2728.875,False,6,0.051500796152165906,False
Naso/Naso_brevirostris/019_gbif_6188679526,False,1.0,0.0547721777053497,True,1,0,0.0,False,0,0.0996798499501922,False
Naso/Naso_brevirostris/021_gbif_6234651888,False,0.387863887802425,0.08597624037366365,True,4,9,195.0,False,14,0.0781195857175662,True
Naso/Naso_brevirostris/022_gbif_6178711679,False,0.29355062264203996,0.1839625271647395,True,4,12,1334.25,True,2,0.10675712078140756,False
Naso/Naso_brevirostris/023_gbif_6195568951,False,0.48264034644916176,0.04918041202201204,True,3,5,3256.2,False,1,0.06782845294533278,False
Naso/Naso_caesius/000_reference,True,0.2994574136223185,0.14551600902212378,True,4,9,190.33333333333334,False,3,0.08689821921260846,False
Naso/Naso_caesius/001_gbif_6159292376,False,0.4937528254300602,0.1475245421688213,True,4,6,3118.1666666666665,False,5,0.07945850890616896,False
Naso/Naso_caesius/002_gbif_6163118245,False,0.39084374613097117,0.19961279530323206,True,3,0,0.0,False,2,0.1242282441361722,False
Naso/Naso_caesius/004_gbif_5292723157,False,0.40382127698779985,0.2174665220632034,False,4,1,905.0,False,11,0.07760414359704906,True
Naso/Naso_caesius/006_gbif_5839950943,False,0.3850780891754107,0.06520003954903998,True,4,10,1039.9,False,2,0.10595204227358111,False
Naso/Naso_caesius/007_gbif_5932198216,False,0.3511313909318148,0.07912855144558197,True,4,13,1243.1538461538462,True,8,0.07815491282296155,True
Naso/Naso_caesius/008_gbif_4438770327,False,0.48272003978120337,0.05479656468620746,True,3,6,204.33333333333334,False,0,0.08735850963861494,False
Naso/Naso_caesius/009_gbif_5838388434,False,0.5023949561110368,0.06292088138613113,True,2,5,154.2,False,5,0.06375647535722874,False
Naso/Naso_caesius/010_gbif_5932311403,False,0.5477690355568128,0.03653436052421113,True,2,2,1211.5,False,4,0.08545755604631958,False
Naso/Naso_caesius/011_gbif_1933548958,False,0.48076478986901733,0.06012566781856584,True,4,38,1473.9473684210527,True,7,0.1264220802633951,False
Naso/Naso_caesius/014_gbif_3988511792,False,0.3473058966081158,0.07047811220126263,True,4,2,916.0,False,1,0.07136598604823705,False
Naso/Naso_caesius/016_gbif_3988536256,False,0.6305728980932966,0.04360078602900435,True,2,0,0.0,False,2,0.08006961840629513,False
Naso/Naso_caesius/018_gbif_4919686517,False,1.0,0.044835442883602486,True,1,0,0.0,False,0,0.07806865601336982,False
Naso/Naso_caesius/020_gbif_2981006625,False,0.4421754657716966,0.12967432375797666,True,4,14,400.42857142857144,True,7,0.053638400549239705,False
Naso/Naso_caesius/021_gbif_4028856579,False,0.36303050507416784,0.21476179757249197,False,4,19,835.7368421052631,True,8,0.04849061036944517,True
Naso/Naso_caesius/022_gbif_5838186385,False,1.0,0.029310939589299617,True,1,0,0.0,False,0,0.08057971726225797,False
Naso/Naso_caesius/023_gbif_4936390226,False,1.0,0.021896266642422293,True,1,0,0.0,False,0,0.08640248023134058,False
Naso/Naso_fageni/000_reference,True,0.6072602113528194,0.11694893588893347,True,3,3,951.6666666666666,False,5,0.06920972320697538,False
Naso/Naso_fageni/002_gbif_5168193911,False,0.3506377878871399,0.13335218768287185,True,4,2,817.5,False,4,0.0781030137284251,False
Naso/Naso_fageni/003_gbif_5205878957,False,0.4111867355815977,0.14185215919737099,True,4,5,662.2,False,2,0.05902181033355656,False
Naso/Naso_fageni/007_gbif_4075919732,False,0.5485504770634557,0.0927677603254701,True,2,4,1248.5,False,4,0.06826446717054271,False
Naso/Naso_fageni/009_gbif_2826471337,False,0.38303745423573116,0.16739642680380395,True,4,2,1849.0,False,4,0.07813289634831137,False
Naso/Naso_fageni/010_gbif_2283073087,False,0.4035598012337217,0.10100367138145325,True,4,9,1672.6666666666667,False,5,0.08658663484128509,False
Naso/Naso_fageni/011_gbif_2294450582,False,0.6835726029033323,0.11333971149234416,True,2,1,848.0,False,1,0.09436750711109983,False
Naso/Naso_fageni/016_gbif_2294450465,False,0.37013832920221207,0.11930641848049052,True,4,3,1189.3333333333333,False,5,0.12696278994621743,False
Naso/Naso_fageni/018_gbif_2864587507,False,0.3492343934040047,0.07196494474341923,True,4,3,313.6666666666667,False,2,0.11345945140769978,False
Naso/Naso_fageni/019_gbif_3383835240,False,0.39655509597426347,0.08134415730248377,True,4,7,1716.7142857142858,False,6,0.08464577198662987,False
Naso/Naso_hexacanthus/000_reference,True,0.3918037611921802,0.2603542172705794,False,4,5,309.6,False,3,0.11419606354884392,False
Naso/Naso_hexacanthus/001_gbif_6162976380,False,1.0,0.04925917075198434,True,1,0,0.0,False,0,0.07323288967408405,False
Naso/Naso_hexacanthus/003_gbif_6171309522,False,0.3509735605846595,0.07334889609905887,True,4,31,230.7741935483871,True,2,0.07424471821850896,False
Naso/Naso_hexacanthus/012_gbif_6188488286,False,0.5999854820382101,0.04258269265076085,True,4,9,1468.0,False,6,0.09806306279143143,False
Naso/Naso_hexacanthus/013_gbif_6234714808,False,1.0,0.08471740692095583,True,1,0,0.0,False,0,0.08255011965372233,False
Naso/Naso_hexacanthus/015_gbif_6252319358,False,0.6709737440562332,0.130088538556816,True,2,1,126.0,False,0,0.12326606644975326,False
Naso/Naso_hexacanthus/017_gbif_6253068048,False,0.5339452026958377,0.07972051564790902,True,2,23,464.17391304347825,True,0,0.08599184122445747,False
Naso/Naso_hexacanthus/021_gbif_6321095346,False,0.3609821396127378,0.18416968861494115,True,3,6,3312.5,False,0,0.07334559568041785,False
Naso/Naso_hexacanthus/022_gbif_6334240044,False,0.38377775680789883,0.2615967337701359,False,4,4,996.5,False,5,0.08028339969470304,False
Naso/Naso_hexacanthus/024_gbif_6352984963,False,0.6330236947712437,0.1945373776826929,True,4,0,0.0,False,3,0.08176067368197015,False
Naso/Naso_lituratus/000_reference,True,0.7078898658028691,0.2746282878766513,False,3,5,951.6,False,7,0.08017982787301926,False
Naso/Naso_lituratus/001_gbif_5938715719,False,0.6851507137722092,0.12150728316038206,True,2,2,968.0,False,0,0.1089034511026144,False
Naso/Naso_lituratus/002_gbif_6129882913,False,0.9039595103001189,0.1217014855433543,True,2,1,573.0,False,1,0.0923692146616826,False
Naso/Naso_lituratus/003_gbif_6130234557,False,0.5959105601850478,0.1782313349964261,True,4,5,1681.4,False,2,0.11248986479662759,False
Naso/Naso_lituratus/005_gbif_6130523838,False,0.453765613519471,0.06683757425080748,True,3,3,356.6666666666667,False,4,0.0971191232496355,False
Naso/Naso_lituratus/006_gbif_6130643997,False,0.4828216468170224,0.16215147043861333,True,3,4,1748.0,False,2,0.11071299525823043,False
Naso/Naso_lituratus/007_gbif_6130801380,False,0.7987446883782312,0.09856488277771072,True,2,3,1231.0,False,1,0.0852925638431866,False
Naso/Naso_lituratus/009_gbif_6131187808,False,0.5617744362536058,0.16209440038586492,True,2,3,1467.6666666666667,False,4,0.06533033639810663,False
Naso/Naso_lituratus/011_gbif_6131264940,False,0.39043948974220677,0.3554513199324333,False,4,4,2355.5,False,3,0.08157331881012446,False
Naso/Naso_lituratus/012_gbif_6133152092,False,0.39285216286564206,0.2162945173023878,False,3,6,1406.5,False,3,0.13097357308946705,False
Naso/Naso_lituratus/013_gbif_6131399726,False,0.7813514109179897,0.36408808769933887,False,4,7,1949.0,False,3,0.12185542233362694,False
Naso/Naso_lituratus/017_gbif_6162863338,False,0.5216127156425664,0.1303412960123267,True,3,11,427.6363636363636,False,7,0.06441814392710261,False
Naso/Naso_lituratus/018_gbif_6131432681,False,0.8283829652208194,0.18745582412572193,True,3,5,547.4,False,5,0.0920027215078257,False
Naso/Naso_lituratus/020_gbif_6131458782,False,0.5716693803870194,0.2603213917523074,False,3,5,2101.2,False,8,0.0956371305864168,True
Naso/Naso_lituratus/022_gbif_6412966053,False,0.7104747977451235,0.12459884200767571,True,2,5,433.8,False,8,0.059845792735682704,True
Naso/Naso_lituratus/023_gbif_6162787669,False,0.624155080507776,0.13749652568928378,True,3,12,480.4166666666667,True,13,0.06631385837348651,True
Naso/Naso_maculatus/000_reference,True,0.6147524901030667,0.17138969155174258,True,3,0,0.0,False,8,0.07358091252727579,True
Naso/Naso_minor/000_reference,True,0.6194426741713712,0.23415354092467627,False,3,6,1210.6666666666667,False,1,0.11409563151706706,False
Naso/Naso_minor/007_gbif_6273624965,False,0.9125790149163121,0.10253287209082404,True,2,1,2225.0,False,0,0.1100525145410525,False
Naso/Naso_minor/008_gbif_6273733735,False,0.6879952511112952,0.07832580048773152,True,2,2,1004.5,False,0,0.07753777219077676,False
Naso/Naso_minor/015_gbif_5176949590,False,0.49793950097830414,0.18197738919797427,True,3,2,461.5,False,0,0.09465937031373696,False
Naso/Naso_minor/016_gbif_5920095224,False,1.0,0.10551814266815934,True,1,0,0.0,False,0,0.11595742306912352,False
Naso/Naso_minor/019_gbif_5292276070,False,0.5301810051263947,0.16526794402899758,True,3,0,0.0,False,1,0.08304149763076833,False
Naso/Naso_tergus/000_reference,True,0.5454808070070024,0.13518611162631844,True,4,2,381.0,False,4,0.09439683218386141,False
Naso/Naso_tonganus/000_reference,True,0.4753840094525404,0.08297794358718824,True,3,1,2069.0,False,7,0.05903965059891479,False
Naso/Naso_tonganus/004_gbif_6178938336,False,0.561722269022314,0.15245263025321007,True,4,1,1652.0,False,1,0.04321445199661307,False
Naso/Naso_tonganus/005_gbif_6184799203,False,0.6759090711659882,0.0544253614954363,True,2,1,392.0,False,1,0.11039912335464352,False
Naso/Naso_tonganus/006_gbif_6251465565,False,1.0,0.021956982756769536,True,1,0,0.0,False,0,0.058597339260762736,False
Naso/Naso_tonganus/007_gbif_6273198750,False,0.374470725733419,0.13034252059710932,True,4,6,803.6666666666666,False,8,0.05856425525631503,True
Naso/Naso_tonganus/008_gbif_6273415791,False,0.4357759364041751,0.06343866767138023,True,4,7,761.8571428571429,False,4,0.0798725432738988,False
Naso/Naso_tonganus/009_gbif_6334057517,False,0.3657013973932369,0.07213448639644106,True,4,6,2518.5,False,6,0.05380428609622708,False
Naso/Naso_tonganus/010_gbif_6334200378,False,0.2888743797336119,0.2155324086964265,False,4,0,0.0,False,2,0.062483396283505445,False
Naso/Naso_tonganus/011_gbif_6353194304,False,0.27791449918212763,0.04579677213959089,True,4,22,288.8181818181818,True,5,0.07410154785198769,False
Naso/Naso_tonganus/012_gbif_6353368911,False,0.5982829043656116,0.10776909471691115,True,4,4,793.5,False,8,0.07104786421690153,True
Naso/Naso_tonganus/017_gbif_6470347878,False,0.5825711259808405,0.18977071563412024,True,2,0,0.0,False,0,0.09022642415413562,False
Naso/Naso_tonganus/022_gbif_5292370148,False,0.4342800119457778,0.0591521843804759,True,3,6,624.0,False,4,0.08534990404116288,False
Naso/Naso_tonganus/024_gbif_6131367145,False,1.0,0.029177200483981255,True,1,0,0.0,False,0,0.09177317095853776,False
Naso/Naso_tuberosus/000_reference,True,0.34214537574377435,0.1339614659813551,True,4,16,816.1875,True,5,0.07021468019533779,False
Naso/Naso_tuberosus/002_gbif_1230401578,False,0.5284710284655223,0.19269336438683032,True,3,10,4385.9,False,9,0.04752499931913031,True
Naso/Naso_tuberosus/012_gbif_1319125384,False,0.6944512744856979,0.05381205554203656,True,2,8,971.25,False,4,0.0922274352405644,False
Naso/Naso_unicornis/000_reference,True,0.5319230053108958,0.12708147402804446,True,4,7,520.0,False,9,0.08294397907658221,True
Naso/Naso_unicornis/001_gbif_5938241825,False,0.47760728885955744,0.1370738250895779,True,3,2,192.0,False,2,0.08682201977387966,False
Naso/Naso_unicornis/003_gbif_5938513845,False,0.4871626138547673,0.25656144053539237,False,4,1,406.0,False,6,0.07558481523940026,False
Naso/Naso_unicornis/005_gbif_6130012245,False,1.0,0.04328424785273781,True,1,0,0.0,False,0,0.056222848339182924,False
Naso/Naso_unicornis/006_gbif_6130027914,False,0.4672311665865919,0.08209651703616845,True,4,4,4127.25,False,7,0.06651010000976489,False
Naso/Naso_unicornis/008_gbif_6130178685,False,0.5051990388986298,0.08315861272893299,True,2,0,0.0,False,2,0.07491423326405282,False
Naso/Naso_unicornis/009_gbif_6130293804,False,0.6978149004400029,0.15479096190271355,True,3,7,4116.142857142857,False,2,0.059321706852889115,False
Naso/Naso_unicornis/010_gbif_6130321837,False,0.5593546876969336,0.06917408329375038,True,2,7,199.85714285714286,False,5,0.06919132809971795,False
Naso/Naso_unicornis/011_gbif_6130456922,False,0.5141795107345786,0.1419397706858185,True,3,9,1206.111111111111,False,5,0.1074988498542852,False
Naso/Naso_unicornis/013_gbif_6130516569,False,0.4393910403061437,0.06594899223641451,True,4,16,573.125,True,2,0.04649582597822404,False
Naso/Naso_unicornis/014_gbif_6130525628,False,0.5665316415199974,0.1877235723034831,True,4,7,782.5714285714286,False,4,0.07709298305189786,False
Naso/Naso_unicornis/016_gbif_6130564132,False,0.5434791365747268,0.04888115077521764,True,3,5,1780.8,False,4,0.06440960031834282,False
Naso/Naso_unicornis/018_gbif_6130784521,False,0.5211218111672697,0.16069747505164392,True,4,2,229.0,False,7,0.0536253516970501,False
Naso/Naso_unicornis/019_gbif_6130817792,False,0.3292229746380026,0.22638921123548741,False,4,11,1262.5454545454545,False,6,0.07213742009659355,False
Naso/Naso_unicornis/022_gbif_6130849316,False,0.36076481129830457,0.14973519213636446,True,4,11,732.0,False,8,0.09751578332013634,True
Naso/Naso_unicornis/024_gbif_6131421565,False,0.4090895861610958,0.16443770985528047,True,3,8,1794.625,False,6,0.07473539161815296,False
Naso/Naso_vlamingii/000_reference,True,0.30860117915557245,0.29255934076013895,False,4,9,1354.2222222222222,False,2,0.060831131596287696,False
Naso/Naso_vlamingii/001_gbif_6147390087,False,0.6156255579645453,0.02168479618497307,True,3,16,1211.5625,True,4,0.048979868567271774,False
Naso/Naso_vlamingii/003_gbif_6159384686,False,0.4661229627289138,0.23325888096248326,False,4,9,3252.8888888888887,False,17,0.1984592382845875,True
Naso/Naso_vlamingii/004_gbif_6163080294,False,0.38790815456913974,0.18348399313898772,True,4,13,1365.3846153846155,True,13,0.10204791419496095,True
Naso/Naso_vlamingii/005_gbif_6163414408,False,0.4645169932562794,0.29840028153898035,False,4,4,777.0,False,5,0.06481280893473976,False
Naso/Naso_vlamingii/007_gbif_6178469238,False,0.4204254464963868,0.182949798433805,True,4,2,2876.0,False,4,0.07668176350016415,False
Naso/Naso_vlamingii/008_gbif_6187898983,False,0.726357708322578,0.05180763538955458,True,2,0,0.0,False,1,0.07323006360164522,False
Naso/Naso_vlamingii/009_gbif_6185609581,False,0.6459931942663257,0.14244030784585082,True,2,4,824.25,False,0,0.07161028758849965,False
Naso/Naso_vlamingii/010_gbif_6188083509,False,0.4084455480215198,0.35158898477505607,False,4,8,1712.25,False,21,0.06758734366147541,True
Naso/Naso_vlamingii/011_gbif_6188161732,False,0.4913410553626681,0.23367686253336137,False,4,17,2590.764705882353,True,0,0.050041336808226165,False
Naso/Naso_vlamingii/012_gbif_6195470920,False,0.47136901053085023,0.37949031575438,False,4,4,957.25,False,18,0.07687358909498018,True
Naso/Naso_vlamingii/013_gbif_6195639181,False,0.6318350527515563,0.05513044103350043,True,3,3,86.66666666666667,False,3,0.06606425166046577,False
Naso/Naso_vlamingii/015_gbif_6195867629,False,0.44388659059397034,0.6880089617766446,False,4,5,4079.6,False,26,0.12280657718482606,True
Naso/Naso_vlamingii/017_gbif_6196033491,False,0.5392894316096702,0.4765337657773871,False,4,5,1043.2,False,13,0.07673109490475905,True
Naso/Naso_vlamingii/018_gbif_6235918031,False,0.42401307786790404,0.19245309721437012,True,4,2,439.0,False,12,0.08183874965399648,True
Naso/Naso_vlamingii/020_gbif_6234269555,False,0.33525118788463076,0.09427259641062569,True,4,18,2434.5,True,5,0.06957282307102941,False
Naso/Naso_vlamingii/022_gbif_6251577583,False,0.3590981126638813,0.2244680355250834,False,4,11,628.0909090909091,False,4,0.09576213282827611,False
Paracanthurus/Paracanthurus_hepatus/000_reference,True,0.5679180597955129,0.3206919875375367,False,3,0,0.0,False,4,0.09161314637220615,False
Paracanthurus/Paracanthurus_hepatus/005_gbif_6195648618,False,0.6250794745743695,0.2525113710631353,False,3,1,11871.0,False,0,0.12018249550293848,False
Paracanthurus/Paracanthurus_hepatus/006_gbif_6422390451,False,0.476292407906263,0.31371844875385196,False,4,2,1840.5,False,2,0.12043062371933563,False
Paracanthurus/Paracanthurus_hepatus/007_gbif_6252721175,False,0.5615793951323669,0.27305606721862824,False,3,1,137.0,False,2,0.08696305413539025,False
Paracanthurus/Paracanthurus_hepatus/009_gbif_6430756436,False,0.5146776631925146,0.25431542393395223,False,3,3,5605.0,False,2,0.10094451511872606,False
Paracanthurus/Paracanthurus_hepatus/011_gbif_6273730401,False,0.36139365148830743,0.24228754908568817,False,4,1,198.0,False,6,0.12970008427336402,False
Paracanthurus/Paracanthurus_hepatus/012_gbif_6274166978,False,0.46700761740223024,0.3188582519069532,False,4,4,405.25,False,3,0.11091228454544748,False
Paracanthurus/Paracanthurus_hepatus/015_gbif_5037220572,False,0.3777114462097817,0.5668905322307123,False,4,2,3564.0,False,4,0.10201612296073262,False
Paracanthurus/Paracanthurus_hepatus/019_gbif_6400619518,False,0.9508344421688405,0.14013509992199455,True,1,0,0.0,False,0,0.14735718513605345,False
Paracanthurus/Paracanthurus_hepatus/021_gbif_5198356477,False,0.5204203260373241,0.39720649847304806,False,4,5,1577.0,False,4,0.04733212835883651,False
Prionurus/Prionurus_chrysurus/000_reference,True,0.6100638968530372,0.18203055235293097,True,4,5,1936.8,False,13,0.0988780711351752,True
Prionurus/Prionurus_laticlavius/000_reference,True,0.41298192827374836,0.21439318532261392,False,4,9,514.0,False,6,0.07127535519446065,False
Prionurus/Prionurus_laticlavius/001_gbif_6130086454,False,0.5508363843934374,0.24627614225695332,False,3,3,471.6666666666667,False,2,0.0869966256428918,False
Prionurus/Prionurus_laticlavius/002_gbif_6130412733,False,0.5328302564793603,0.09192066720705763,True,4,1,164.0,False,1,0.0832583243991039,False
Prionurus/Prionurus_laticlavius/004_gbif_6130627769,False,0.8010724773375324,0.22650756250383783,False,3,0,0.0,False,2,0.10286664114974005,False
Prionurus/Prionurus_laticlavius/005_gbif_6195501206,False,0.8000513782456753,0.11739019780243978,True,3,0,0.0,False,4,0.08236172126214296,False
Prionurus/Prionurus_laticlavius/006_gbif_6130981958,False,0.8404927221013887,0.09288570994051538,True,3,2,449.0,False,3,0.12574188828772628,False
Prionurus/Prionurus_laticlavius/007_gbif_6353280817,False,0.3999950385135387,0.2613350710756408,False,4,0,0.0,False,1,0.10071319472741753,False
Prionurus/Prionurus_laticlavius/008_gbif_6163167909,False,0.5702480019774244,0.21626329174623185,False,4,0,0.0,False,0,0.09470244959596708,False
Prionurus/Prionurus_laticlavius/010_gbif_6171047724,False,0.5292041785496434,0.35934347374032327,False,3,1,1746.0,False,0,0.06311076243797947,False
Prionurus/Prionurus_laticlavius/011_gbif_6422714924,False,0.808589770382174,0.15530546718099858,True,3,1,3150.0,False,0,0.07796635183657015,False
Prionurus/Prionurus_laticlavius/012_gbif_6131345848,False,0.62999925213764,0.0987395204698784,True,3,1,120.0,False,1,0.06210081234121107,False
Prionurus/Prionurus_laticlavius/013_gbif_6159422084,False,0.42950736724563593,0.237107416542012,False,4,4,230.0,False,1,0.07199289286171785,False
Prionurus/Prionurus_laticlavius/018_gbif_6171366015,False,0.6628675691685079,0.2737130753269689,False,3,2,737.5,False,0,0.0840979217426235,False
Prionurus/Prionurus_laticlavius/019_gbif_6178728431,False,0.5622516332634123,0.12076728269752363,True,4,6,965.6666666666666,False,1,0.09132750663106164,False
Prionurus/Prionurus_laticlavius/020_gbif_6178894008,False,0.5537406169629148,0.10975927375073329,True,4,2,669.0,False,3,0.07795488293058273,False
Prionurus/Prionurus_laticlavius/022_gbif_6179039400,False,1.0,0.08452643658825307,True,1,0,0.0,False,0,0.12867691071403436,False
Prionurus/Prionurus_laticlavius/024_gbif_6179220373,False,0.3795352498084062,0.13747241746636085,True,4,17,2227.235294117647,True,1,0.08543967885164991,False
Prionurus/Prionurus_microlepidotus/000_reference,True,0.47581489632155716,0.19609090903918516,True,4,5,2159.0,False,3,0.09181790678998467,False
Prionurus/Prionurus_microlepidotus/001_gbif_6131589494,False,0.3956973788306541,0.11502934488011603,True,3,8,1295.25,False,0,0.08359984385337606,False
Prionurus/Prionurus_microlepidotus/002_gbif_6131609219,False,0.6633400978870717,0.07238054331791367,True,2,2,211.0,False,0,0.09536238296160196,False
Prionurus/Prionurus_microlepidotus/005_gbif_6147698743,False,0.4829688678229021,0.13716930962767787,True,4,5,185.6,False,0,0.09077451878351396,False
Prionurus/Prionurus_microlepidotus/007_gbif_6171231321,False,0.41203198836786625,0.09492908310215292,True,3,3,299.0,False,0,0.08006172546062426,False
Prionurus/Prionurus_microlepidotus/009_gbif_6187899235,False,0.39632700202403687,0.12523909357300436,True,3,9,4355.888888888889,False,6,0.056861210931641974,False
Prionurus/Prionurus_microlepidotus/010_gbif_6236129128,False,0.47381586661849584,0.13668279139510806,True,3,6,2022.1666666666667,False,8,0.07239522818032967,True
Prionurus/Prionurus_microlepidotus/012_gbif_6178768420,False,0.4718139529176834,0.0752768749891728,True,3,4,1602.25,False,6,0.11121504197314386,False
Prionurus/Prionurus_microlepidotus/013_gbif_6179466304,False,0.4315724545539576,0.06315719046405012,True,3,5,799.2,False,1,0.06262952510829208,False
Prionurus/Prionurus_microlepidotus/014_gbif_6179535354,False,0.43507329169151576,0.14471293909774616,True,4,5,111.0,False,1,0.08956147556954652,False
Prionurus/Prionurus_microlepidotus/016_gbif_6186134591,False,0.4166914270733199,0.13980832464492987,True,4,4,392.0,False,3,0.09674156958210015,False
Prionurus/Prionurus_microlepidotus/019_gbif_6188354036,False,0.5921440996977129,0.15601677477554315,True,3,1,8686.0,False,3,0.12009167078426167,False
Prionurus/Prionurus_microlepidotus/020_gbif_6234222497,False,0.3802265983274885,0.11086729579338689,True,4,10,286.9,False,2,0.0846006890327483,False
Prionurus/Prionurus_microlepidotus/021_gbif_6188322232,False,0.5072940926125147,0.1218893280546821,True,3,1,931.0,False,0,0.07824204049416988,False
Prionurus/Prionurus_microlepidotus/022_gbif_6235139095,False,0.4683963314061992,0.1354561059087286,True,3,1,480.0,False,1,0.0761344605230973,False
Prionurus/Prionurus_microlepidotus/023_gbif_6188392522,False,0.32112178499121,0.12135073365321145,True,4,2,3298.5,False,2,0.06151558905401811,False
Prionurus/Prionurus_microlepidotus/024_gbif_6235201987,False,0.3237092565112828,0.1272126255078233,True,4,1,962.0,False,1,0.1204923435541534,False
Zebrasoma/Zebrasoma_desjardinii/000_reference,True,0.4585057302619781,0.4309706009920288,False,4,3,1216.6666666666667,False,30,0.0632580452204665,True
Zebrasoma/Zebrasoma_desjardinii/003_gbif_6129889521,False,0.44648727440112007,0.1892573486876474,True,3,4,1803.25,False,14,0.046932330577345076,True
Zebrasoma/Zebrasoma_desjardinii/004_gbif_6130157274,False,0.9999908689975072,0.05687200799640203,True,1,0,0.0,False,0,0.08128978592384717,False
Zebrasoma/Zebrasoma_desjardinii/005_gbif_6130193227,False,0.42269172362433644,0.4726438591947678,False,4,7,1266.0,False,28,0.05951135736696405,True
Zebrasoma/Zebrasoma_desjardinii/008_gbif_6131317257,False,0.3623723421595463,0.2505316332784377,False,4,0,0.0,False,20,0.09937768728609123,True
Zebrasoma/Zebrasoma_desjardinii/009_gbif_6147577848,False,0.4310764993029436,0.18328130603128587,True,4,5,7045.0,False,28,0.04415532880227973,True
Zebrasoma/Zebrasoma_desjardinii/010_gbif_6131556532,False,0.45994179282449776,0.09821492270349991,True,3,10,755.5,False,4,0.049243132352427665,False
Zebrasoma/Zebrasoma_desjardinii/011_gbif_6147603998,False,0.4316112832458608,0.2058551422661072,False,4,6,7350.333333333333,False,27,0.07964462166999148,True
Zebrasoma/Zebrasoma_desjardinii/012_gbif_6133054498,False,0.39708031196373045,0.30996342422341294,False,4,15,3681.266666666667,True,38,0.04945132375561761,True
Zebrasoma/Zebrasoma_desjardinii/013_gbif_6159180388,False,1.0,0.054874823328540684,True,1,0,0.0,False,0,0.06756644441782121,False
Zebrasoma/Zebrasoma_desjardinii/015_gbif_6159193477,False,0.40526965377126417,0.1734448951506459,True,4,11,1571.7272727272727,False,40,0.04248788444383672,True
Zebrasoma/Zebrasoma_desjardinii/016_gbif_6159512369,False,0.6083577166649331,0.18353392799983614,True,3,0,0.0,False,34,0.08000190045496706,True
Zebrasoma/Zebrasoma_desjardinii/018_gbif_6159574873,False,0.3908559079512743,0.176040014891662,True,4,6,1917.0,False,21,0.05153914012689329,True
Zebrasoma/Zebrasoma_desjardinii/019_gbif_6133432166,False,0.2646733963945404,0.3762915343615296,False,4,3,826.3333333333334,False,31,0.07976936283114358,True
Zebrasoma/Zebrasoma_desjardinii/020_gbif_6159644893,False,0.6332592655643113,0.15577888789585714,True,3,4,1757.5,False,19,0.10296654883889655,True
Zebrasoma/Zebrasoma_desjardinii/021_gbif_6159644917,False,0.4948874299757084,0.06853401728833408,True,3,30,1977.5333333333333,True,5,0.06905797043209633,False
Zebrasoma/Zebrasoma_desjardinii/022_gbif_6162934494,False,0.3644773223862303,0.27740122007121987,False,4,7,2222.8571428571427,False,32,0.06216119075256807,True
Zebrasoma/Zebrasoma_desjardinii/023_gbif_6147275264,False,0.39728420476114035,0.2335259713981646,False,3,6,517.5,False,17,0.09215129682537863,True
Zebrasoma/Zebrasoma_desjardinii/024_gbif_6171398106,False,0.41918161746861365,0.14046592193991989,True,4,7,3117.714285714286,False,41,0.060319411973200024,True
Zebrasoma/Zebrasoma_flavescens/000_reference,True,0.767537342183183,0.07939941061705055,True,3,1,95.0,False,3,0.06160199417013599,False
Zebrasoma/Zebrasoma_flavescens/004_gbif_6130517648,False,0.31005190340292726,0.21490062176479371,False,4,0,0.0,False,2,0.08105349223721052,False
Zebrasoma/Zebrasoma_flavescens/012_gbif_6147644218,False,0.5149912137324928,0.11659133541601238,True,4,5,2213.4,False,3,0.06044606916439409,False
Zebrasoma/Zebrasoma_flavescens/013_gbif_6147689586,False,0.583149549675449,0.15495320652392447,True,4,5,4093.0,False,3,0.13308487941443506,False
Zebrasoma/Zebrasoma_flavescens/014_gbif_6162860287,False,0.3685410770682089,0.1955929940382393,True,4,10,409.1,False,5,0.10714250751140181,False
Zebrasoma/Zebrasoma_flavescens/017_gbif_6147587535,False,0.6109344986834346,0.06098536479728325,True,2,4,1720.0,False,1,0.05709460150310575,False
Zebrasoma/Zebrasoma_flavescens/022_gbif_6171077964,False,0.42405880097566545,0.14975518996353548,True,3,4,1445.75,False,1,0.060111362543633334,False
Zebrasoma/Zebrasoma_flavescens/024_gbif_6178827091,False,0.6925812466386624,0.06888951739495743,True,2,3,1098.6666666666667,False,7,0.06884968393350815,False
Zebrasoma/Zebrasoma_gemmatum/000_reference,True,0.3745658756907495,0.3194817283570774,False,4,10,644.5,False,5,0.09793555149599531,False
Zebrasoma/Zebrasoma_gemmatum/001_gbif_6133614627,False,0.43967827983229274,0.35919728492562886,False,4,11,3091.090909090909,False,2,0.08017832875026137,False
Zebrasoma/Zebrasoma_gemmatum/002_gbif_6352625727,False,0.5003573388830445,0.11990189777292519,True,4,12,1794.8333333333333,True,0,0.05813434397570595,False
Zebrasoma/Zebrasoma_gemmatum/003_gbif_5006803200,False,0.5098231593185466,0.1306529347529915,True,3,3,366.0,False,2,0.09373908326660726,False
Zebrasoma/Zebrasoma_gemmatum/004_gbif_5007772249,False,0.45341437016068603,0.28756904054297056,False,3,7,817.7142857142857,False,0,0.10813548626328387,False
Zebrasoma/Zebrasoma_gemmatum/006_gbif_5036919260,False,0.4472593822360086,0.31893186311088,False,4,8,1664.5,False,2,0.10697523597639637,False
Zebrasoma/Zebrasoma_gemmatum/007_gbif_5104641888,False,0.511003596506251,0.17183795805026353,True,3,10,1454.1,False,2,0.1132630759228952,False
Zebrasoma/Zebrasoma_gemmatum/008_gbif_5104744025,False,0.5739843642307162,0.18138498369730016,True,3,3,1264.3333333333333,False,2,0.09411298483740178,False
Zebrasoma/Zebrasoma_gemmatum/015_gbif_5187575987,False,0.3870960438162128,0.22255236720181518,False,4,15,1243.2666666666667,True,4,0.0869244460388666,False
Zebrasoma/Zebrasoma_gemmatum/017_gbif_4133612616,False,0.4901743276484297,0.25794771807902755,False,3,5,1736.8,False,1,0.08858608879717679,False
Zebrasoma/Zebrasoma_scopas/000_reference,True,0.3407252946062591,0.23289436192495178,False,4,4,971.75,False,30,0.05289451800023838,True
Zebrasoma/Zebrasoma_scopas/001_gbif_6129830217,False,1.0,0.20139705881541523,False,1,0,0.0,False,0,0.07454310675178374,False
Zebrasoma/Zebrasoma_scopas/002_gbif_6129866338,False,0.3125173511880461,0.44578033236252623,False,4,5,488.6,False,1,0.07616247564599818,False
Zebrasoma/Zebrasoma_scopas/003_gbif_6130025111,False,0.5094258634894041,0.049570509293767225,True,3,3,502.6666666666667,False,6,0.07432541787270254,False
Zebrasoma/Zebrasoma_scopas/004_gbif_6130344671,False,0.43200698610372845,0.2505625564111308,False,3,1,1943.0,False,1,0.07819174666271315,False
Zebrasoma/Zebrasoma_scopas/005_gbif_6130639578,False,0.30273244930135995,0.388340560738555,False,4,8,974.0,False,0,0.09772656187135952,False
Zebrasoma/Zebrasoma_scopas/007_gbif_6131616890,False,0.38789723152500405,0.19373104128677696,True,4,13,520.0,True,2,0.09568481133051972,False
Zebrasoma/Zebrasoma_scopas/009_gbif_6133346719,False,0.4534340019836852,0.14937389790747593,True,3,6,155.33333333333334,False,2,0.07781031766098101,False
Zebrasoma/Zebrasoma_scopas/013_gbif_6147479089,False,1.0,0.04031535373714065,True,1,0,0.0,False,0,0.09748522902242089,False
Zebrasoma/Zebrasoma_scopas/016_gbif_6178589794,False,0.2720024383402286,0.4228975990538012,False,4,2,1717.5,False,5,0.13161860370456938,False
Zebrasoma/Zebrasoma_scopas/017_gbif_6178853427,False,0.34779396165129156,0.28219331345063303,False,4,3,1348.3333333333333,False,1,0.12632897938573373,False
Zebrasoma/Zebrasoma_scopas/021_gbif_6147537739,False,0.535555430039961,0.27752391222761996,False,3,3,176.0,False,1,0.0721651878015123,False
Zebrasoma/Zebrasoma_scopas/023_gbif_6159267985,False,0.3588713869827407,0.08847044694730997,True,3,0,0.0,False,3,0.09406478041971768,False
Zebrasoma/Zebrasoma_scopas/024_gbif_6159320602,False,0.3385762353216173,0.33710560293049485,False,4,4,1967.0,False,3,0.09165224085390136,False
Zebrasoma/Zebrasoma_veliferum/000_reference,True,0.3864071561674458,0.201824054630709,False,3,2,6791.0,False,26,0.05846203094247056,True
Zebrasoma/Zebrasoma_veliferum/001_gbif_6130200022,False,0.4216257309272988,0.29427478723753864,False,4,2,195.5,False,17,0.08071167578267148,True
Zebrasoma/Zebrasoma_veliferum/002_gbif_6130713090,False,0.4846501019120644,0.1266482491166769,True,3,1,2889.0,False,10,0.10891699147534423,True
Zebrasoma/Zebrasoma_veliferum/003_gbif_6130995540,False,0.36337289265104145,0.18536328358398454,True,4,4,2584.5,False,60,0.1098987302724279,True
Zebrasoma/Zebrasoma_veliferum/004_gbif_6131479770,False,0.4089592853772518,0.1293884172679611,True,4,12,1260.5,True,13,0.0711900665629344,True
Zebrasoma/Zebrasoma_veliferum/005_gbif_6131694753,False,0.5304410593809853,0.2445430671559014,False,4,4,5090.0,False,6,0.07766249770932111,False
Zebrasoma/Zebrasoma_veliferum/008_gbif_6179369595,False,0.32740765084523643,0.35925714439485795,False,4,7,1238.7142857142858,False,5,0.08174132490853016,False
Zebrasoma/Zebrasoma_veliferum/010_gbif_6147319539,False,0.5081287895815088,0.1483517796029778,True,4,2,1502.5,False,5,0.09543952818383765,False
Zebrasoma/Zebrasoma_veliferum/011_gbif_6147435727,False,0.7962625621712344,0.06621878370917976,True,2,1,258.0,False,0,0.0941986396412887,False
Zebrasoma/Zebrasoma_veliferum/012_gbif_6147484067,False,0.340170241415793,0.29567074386696207,False,4,5,3866.6,False,7,0.07950450262064791,False
Zebrasoma/Zebrasoma_veliferum/014_gbif_6159319247,False,0.40967448627023095,0.3308352598645546,False,4,4,1565.5,False,4,0.08707326163795434,False
Zebrasoma/Zebrasoma_veliferum/015_gbif_6170841480,False,0.4564178944261063,0.29899452490958806,False,4,2,2953.5,False,4,0.07907604532307795,False
Zebrasoma/Zebrasoma_veliferum/016_gbif_6147583779,False,0.37364918908800054,0.2418083315191461,False,4,2,611.0,False,8,0.06652822910483726,True
Zebrasoma/Zebrasoma_veliferum/017_gbif_6159619358,False,0.4183707133390593,0.21106646637726542,False,3,17,2603.4117647058824,True,9,0.061580486074172776,True
Zebrasoma/Zebrasoma_veliferum/019_gbif_6159642402,False,0.3486880374576266,0.26614778432242725,False,4,4,7384.75,False,12,0.05719210907225045,True
Zebrasoma/Zebrasoma_veliferum/021_gbif_6162852845,False,0.3765669058321003,0.15102075450674315,True,4,9,1276.2222222222222,False,7,0.05478994297818139,False
Zebrasoma/Zebrasoma_veliferum/022_gbif_6171210481,False,0.5239235931853381,0.2783729785716239,False,4,4,842.0,False,10,0.06947210342161816,True
Zebrasoma/Zebrasoma_veliferum/023_gbif_6178889033,False,0.4188815293032615,0.19171006154219433,True,4,2,3395.5,False,2,0.08772103558702378,False
Zebrasoma/Zebrasoma_xanthurum/000_reference,True,0.5701876520240646,0.30236855045707745,False,3,6,2565.5,False,3,0.10836386005125295,False
Zebrasoma/Zebrasoma_xanthurum/008_gbif_6130569416,False,0.9174905260036876,0.13506044428308364,True,1,1,1192.0,False,2,0.08894940355986393,False
Zebrasoma/Zebrasoma_xanthurum/014_gbif_6131640056,False,0.498840367609669,0.29263315271827905,False,3,1,316.0,False,5,0.0758980355149224,False
Zebrasoma/Zebrasoma_xanthurum/017_gbif_6159155181,False,0.5450644227137281,0.3204589489567945,False,4,9,606.6666666666666,False,0,0.08200697529344575,False
Zebrasoma/Zebrasoma_xanthurum/018_gbif_6159412911,False,0.5007182663230912,0.08419083475856406,True,3,1,204.0,False,4,0.049461823763752896,False
Zebrasoma/Zebrasoma_xanthurum/019_gbif_6159473562,False,0.7818120321759974,0.4596674412840735,False,2,0,0.0,False,4,0.097162163585449,False
Zebrasoma/Zebrasoma_xanthurum/020_gbif_6159499688,False,0.7010471750626218,0.44071401415084227,False,3,5,796.0,False,5,0.1386753974790203,False
Zebrasoma/Zebrasoma_xanthurum/021_gbif_6159518934,False,0.5684692738487154,0.44291865706418887,False,3,3,3245.0,False,1,0.11117719514953803,False
Zebrasoma/Zebrasoma_xanthurum/024_gbif_6162825913,False,0.48749563438606996,0.47090282564117675,False,3,2,544.0,False,3,0.09467260814844797,False
